{
 "dataset": "Muraro",
 "mode": "learned",
 "K": 4,
 "seed": 0,
 "n_markers": 128,
 "test_macro_f1": 80.90143624890392,
 "test_accuracy": 90.58084772370488,
 "val_macro_f1": 83.97057843352552,
 "n_features": 2000,
 "n_classes": 9,
 "n_samples": 2122,
 "learned_lambda": 0.22020654380321503,
 "bio_anchor_have": false
}