{
 "dataset": "Muraro",
 "mode": "learned",
 "K": 4,
 "seed": 1,
 "n_markers": 128,
 "test_macro_f1": 85.89206789675069,
 "test_accuracy": 93.24960753532181,
 "val_macro_f1": 88.87826388630997,
 "n_features": 2000,
 "n_classes": 9,
 "n_samples": 2122,
 "learned_lambda": 0.2303333580493927,
 "bio_anchor_have": false
}