{
 "task": "pan_meta_pri",
 "arm": "fixed_k3",
 "pos_class": 1,
 "n_folds": 10,
 "pos_f1": [
  0.542777309537374,
  0.09188386251107264
 ],
 "pos_precision": [
  0.6244533271414514,
  0.1285295103882871
 ],
 "pos_recall": [
  0.496993911719939,
  0.11084781855893512
 ],
 "maj_f1": [
  0.9825045367606193,
  0.0037191242743736383
 ],
 "macro_f1": [
  0.7626409231489967,
  0.04739234773845172
 ],
 "accuracy": [
  0.9663213683449771,
  0.00708471790407406
 ]
}