{
 "dataset": "Spleen",
 "mode": "learned",
 "K": 2,
 "seed": 0,
 "n_markers": 128,
 "test_macro_f1": 58.04662625845918,
 "test_accuracy": 67.7856864619852,
 "val_macro_f1": 59.01476788622608,
 "n_features": 1089,
 "n_classes": 28,
 "n_samples": 94129,
 "learned_lambda": 0.5461607575416565,
 "bio_anchor_have": false
}