{
 "dataset": "Spleen",
 "mode": "learned",
 "K": 2,
 "seed": 2,
 "n_markers": 128,
 "test_macro_f1": 59.21508319466538,
 "test_accuracy": 66.88976238535359,
 "val_macro_f1": 57.88616594233342,
 "n_features": 1089,
 "n_classes": 28,
 "n_samples": 94129,
 "learned_lambda": 0.5868290066719055,
 "bio_anchor_have": false
}