{
 "dataset": "Spleen",
 "mode": "learned",
 "K": 2,
 "seed": 1,
 "n_markers": 128,
 "test_macro_f1": 60.173591937948935,
 "test_accuracy": 68.80555260455398,
 "val_macro_f1": 58.436272514887655,
 "n_features": 1089,
 "n_classes": 28,
 "n_samples": 94129,
 "learned_lambda": 0.5172478556632996,
 "bio_anchor_have": false
}