{
 "dataset": "Tcell",
 "mode": "learned",
 "K": 4,
 "seed": 0,
 "n_markers": 1024,
 "test_macro_f1": 73.87349288372292,
 "test_accuracy": 85.33944189920867,
 "n_features": 1089,
 "n_classes": 7,
 "n_samples": 24007,
 "learned_lambda": 0.5117177963256836
}