{
 "dataset": "Tcell",
 "mode": "learned",
 "K": 3,
 "seed": 0,
 "n_markers": 128,
 "test_macro_f1": 66.96759110011,
 "test_accuracy": 82.79883381924198,
 "val_macro_f1": 68.41559739264368,
 "n_features": 1089,
 "n_classes": 7,
 "n_samples": 24007,
 "learned_lambda": 0.33390241861343384,
 "bio_anchor_have": false
}