{
 "family": "pnet",
 "cohort": "stad",
 "task": "response",
 "mode": "learned",
 "K": 4,
 "n_features": 3000,
 "n_classes": 2,
 "n_samples": 414,
 "n_folds": 5,
 "seed": 42,
 "val_frac": 0.1,
 "cv_macro_f1": {
  "mean": 54.72007494845807,
  "std": 3.372054396732953,
  "folds": [
   52.67106842737095,
   60.476190476190474,
   50.57138258490262,
   53.888888888888886,
   55.99284436493739
  ]
 },
 "cv_accuracy": {
  "mean": 56.27975315897737,
  "std": 2.682101130803218,
  "folds": [
   54.21686746987952,
   61.44578313253012,
   55.42168674698795,
   54.21686746987952,
   56.09756097560976
  ]
 }
}