{
 "family": "pnet",
 "cohort": "stad",
 "task": "response",
 "mode": "learned",
 "K": 2,
 "seed": 0,
 "test_macro_f1": 48.854337152209496,
 "test_accuracy": 52.0,
 "n_features": 3000,
 "n_classes": 2,
 "n_samples": 414,
 "learned_lambda": 0.20370341837406158,
 "learned_beta": 0.9740769863128662,
 "graph_diag": {
  "n_genes": 3000,
  "n_genes_in_reactome": 3000,
  "reactome_coverage_frac": 1.0,
  "mean_degree": 25.79,
  "isolated_frac": 0.0003333333333333333,
  "corr_pi_pc1": 0.07507120072841644
 }
}