{
 "task": "pan_meta_pri",
 "arm": "expert_k3",
 "pos_class": 1,
 "n_folds": 10,
 "pos_f1": [
  0.542755108183491,
  0.06877232627372815
 ],
 "pos_precision": [
  0.5801969190515649,
  0.13630639031131575
 ],
 "pos_recall": [
  0.5305365296803652,
  0.06903940646346232
 ],
 "maj_f1": [
  0.9806729865405132,
  0.005238250867652814
 ],
 "macro_f1": [
  0.7617140473620021,
  0.036685653081667775
 ],
 "accuracy": [
  0.9629470114717955,
  0.009819960953811522
 ]
}