{
 "family": "pnet",
 "cohort": "stad",
 "task": "response",
 "mode": "learned",
 "K": 4,
 "n_features": 3000,
 "n_classes": 2,
 "n_samples": 414,
 "n_folds": 5,
 "seed": 42,
 "val_frac": 0.1,
 "cv_macro_f1": {
  "mean": 54.11443413667877,
  "std": 4.605670376851546,
  "folds": [
   45.656918376254914,
   59.577922077922075,
   54.156976744186046,
   55.18750912009338,
   55.99284436493739
  ]
 },
 "cv_accuracy": {
  "mean": 55.07493388186894,
  "std": 5.750422943430716,
  "folds": [
   45.78313253012048,
   63.85542168674698,
   54.21686746987952,
   55.42168674698795,
   56.09756097560976
  ]
 }
}