{
 "dataset": "Muraro",
 "mode": "learned",
 "K": 3,
 "seed": 0,
 "n_markers": 128,
 "test_macro_f1": 70.09936529209767,
 "test_accuracy": 86.34222919937206,
 "val_macro_f1": 78.97754301855034,
 "n_features": 2000,
 "n_classes": 9,
 "n_samples": 2122,
 "learned_lambda": 0.22632835805416107,
 "bio_anchor_have": false
}