{
 "dataset": "Muraro",
 "mode": "learned",
 "K": 3,
 "seed": 1,
 "n_markers": 128,
 "test_macro_f1": 79.16622278975589,
 "test_accuracy": 90.42386185243329,
 "val_macro_f1": 83.67212127779985,
 "n_features": 2000,
 "n_classes": 9,
 "n_samples": 2122,
 "learned_lambda": 0.21860001981258392,
 "bio_anchor_have": false
}