{
 "dataset": "Muraro",
 "mode": "learned",
 "K": 3,
 "seed": 2,
 "n_markers": 128,
 "test_macro_f1": 74.55347252397583,
 "test_accuracy": 89.01098901098901,
 "val_macro_f1": 90.78134149852377,
 "n_features": 2000,
 "n_classes": 9,
 "n_samples": 2122,
 "learned_lambda": 0.223453089594841,
 "bio_anchor_have": false
}