{
 "dataset": "baron",
 "n_samples": 8569,
 "n_features": 1936,
 "n_classes": 14,
 "n_train": 5098,
 "n_test": 2571,
 "transformer_params": 74784,
 "total_params": 294749,
 "config": {
  "heads": [
   "cell_type"
  ],
  "cohorts": null,
  "n_hvg": null,
  "n_channels": 1,
  "batch_size": 128,
  "val_frac": 0.15,
  "test_frac": 0.15,
  "d_model": 96,
  "n_heads": 4,
  "d_ff": 192,
  "dropout": 0.1,
  "n_markers": 128,
  "marker_mode": "router",
  "pathway_pool": "mean",
  "compress_mode": "aggregate",
  "recursive_marker_refine": true,
  "peak_init": true,
  "anneal_markers": true,
  "recursion_depth": 4,
  "share_weights": true,
  "share_strategy": "cycle",
  "n_unique_blocks": null,
  "step_cache": false,
  "adaptive_depth": false,
  "marker_ffn": false,
  "recursion_mode": "fixed",
  "router_capacity": null,
  "router_alpha": 1.0,
  "router_temp": 1.0,
  "router_type": "linear",
  "router_z_coeff": 0.001,
  "router_balance_coeff": 0.1,
  "gene_interaction": "none",
  "interaction_knn": 16,
  "router_prior_beta": 1.0,
  "router_prior_anneal": true,
  "pathway_attn_bias": false,
  "pathway_attn_lambda": 2.0,
  "lambda_marker": 0.1,
  "gamma_diversity": 0.05,
  "beta_compression": 0.01,
  "lr": 0.001,
  "weight_decay": 1e-05,
  "epochs": 150,
  "patience": 15,
  "seed": 2,
  "device": "cuda"
 },
 "heads": {
  "cell_type": {
   "accuracy": 0.8370283936211591,
   "macro_f1": 0.639121337374219,
   "weighted_f1": 0.8501661536146466,
   "per_class": {
    "0": {
     "precision": 0.9344262295081968,
     "recall": 0.9930313588850174,
     "f1-score": 0.9628378378378378,
     "support": 287.0
    },
    "1": {
     "precision": 0.9125,
     "recall": 0.8588235294117647,
     "f1-score": 0.8848484848484849,
     "support": 85.0
    },
    "2": {
     "precision": 0.9827338129496402,
     "recall": 0.9785100286532952,
     "f1-score": 0.9806173725771715,
     "support": 698.0
    },
    "3": {
     "precision": 0.8743801652892562,
     "recall": 0.6978891820580475,
     "f1-score": 0.7762289068231841,
     "support": 758.0
    },
    "4": {
     "precision": 0.6879432624113475,
     "recall": 0.5388888888888889,
     "f1-score": 0.6043613707165109,
     "support": 180.0
    },
    "5": {
     "precision": 0.9837133550488599,
     "recall": 0.934984520123839,
     "f1-score": 0.9587301587301588,
     "support": 323.0
    },
    "6": {
     "precision": 0.7777777777777778,
     "recall": 0.8289473684210527,
     "f1-score": 0.802547770700637,
     "support": 76.0
    },
    "7": {
     "precision": 0.1111111111111111,
     "recall": 0.2,
     "f1-score": 0.14285714285714285,
     "support": 5.0
    },
    "8": {
     "precision": 0.2490118577075099,
     "recall": 0.8181818181818182,
     "f1-score": 0.38181818181818183,
     "support": 77.0
    },
    "9": {
     "precision": 0.4827586206896552,
     "recall": 0.8235294117647058,
     "f1-score": 0.6086956521739131,
     "support": 17.0
    },
    "10": {
     "precision": 1.0,
     "recall": 0.42857142857142855,
     "f1-score": 0.6,
     "support": 7.0
    },
    "11": {
     "precision": 0.6379310344827587,
     "recall": 0.7115384615384616,
     "f1-score": 0.6727272727272727,
     "support": 52.0
    },
    "12": {
     "precision": 0.6666666666666666,
     "recall": 0.5,
     "f1-score": 0.5714285714285714,
     "support": 4.0
    },
    "13": {
     "precision": 0.0,
     "recall": 0.0,
     "f1-score": 0.0,
     "support": 2.0
    },
    "accuracy": 0.8370283936211591,
    "macro avg": {
     "precision": 0.6643538495459128,
     "recall": 0.6652068568927371,
     "f1-score": 0.639121337374219,
     "support": 2571.0
    },
    "weighted avg": {
     "precision": 0.8813407048749207,
     "recall": 0.8370283936211591,
     "f1-score": 0.8501661536146466,
     "support": 2571.0
    }
   }
  }
 }
}