{
 "dataset": "lung",
 "n_samples": 57020,
 "n_features": 1089,
 "n_classes": 25,
 "n_train": 33926,
 "n_test": 17106,
 "transformer_params": 74784,
 "total_params": 215571,
 "config": {
  "heads": [
   "cell_type"
  ],
  "cohorts": null,
  "n_hvg": null,
  "n_channels": 1,
  "batch_size": 128,
  "val_frac": 0.15,
  "test_frac": 0.15,
  "d_model": 96,
  "n_heads": 4,
  "d_ff": 192,
  "dropout": 0.1,
  "n_markers": 128,
  "marker_mode": "router",
  "pathway_pool": "mean",
  "compress_mode": "aggregate",
  "recursive_marker_refine": true,
  "peak_init": true,
  "anneal_markers": true,
  "recursion_depth": 4,
  "share_weights": true,
  "share_strategy": "cycle",
  "n_unique_blocks": null,
  "step_cache": false,
  "adaptive_depth": false,
  "marker_ffn": false,
  "recursion_mode": "fixed",
  "router_capacity": null,
  "router_alpha": 1.0,
  "router_temp": 1.0,
  "router_type": "linear",
  "router_z_coeff": 0.001,
  "router_balance_coeff": 0.1,
  "gene_interaction": "none",
  "interaction_knn": 16,
  "router_prior_beta": 1.0,
  "router_prior_anneal": true,
  "pathway_attn_bias": false,
  "pathway_attn_lambda": 2.0,
  "lambda_marker": 0.1,
  "gamma_diversity": 0.05,
  "beta_compression": 0.01,
  "lr": 0.001,
  "weight_decay": 1e-05,
  "epochs": 150,
  "patience": 15,
  "seed": 2,
  "device": "cuda"
 },
 "heads": {
  "cell_type": {
   "accuracy": 0.7531860166023617,
   "macro_f1": 0.712813252432117,
   "weighted_f1": 0.7675030194019615,
   "per_class": {
    "0": {
     "precision": 0.5816993464052288,
     "recall": 0.777292576419214,
     "f1-score": 0.6654205607476635,
     "support": 229.0
    },
    "1": {
     "precision": 0.9789397240377633,
     "recall": 0.9607982893799002,
     "f1-score": 0.9697841726618706,
     "support": 1403.0
    },
    "2": {
     "precision": 0.9375,
     "recall": 0.9354838709677419,
     "f1-score": 0.9364908503767492,
     "support": 465.0
    },
    "3": {
     "precision": 0.9579439252336449,
     "recall": 0.7611386138613861,
     "f1-score": 0.8482758620689655,
     "support": 808.0
    },
    "4": {
     "precision": 0.872,
     "recall": 0.7785714285714286,
     "f1-score": 0.8226415094339623,
     "support": 140.0
    },
    "5": {
     "precision": 0.9523809523809523,
     "recall": 0.8163265306122449,
     "f1-score": 0.8791208791208791,
     "support": 49.0
    },
    "6": {
     "precision": 0.6503623188405797,
     "recall": 0.7448132780082988,
     "f1-score": 0.6943907156673114,
     "support": 482.0
    },
    "7": {
     "precision": 0.6575342465753424,
     "recall": 0.6575342465753424,
     "f1-score": 0.6575342465753424,
     "support": 73.0
    },
    "8": {
     "precision": 0.7906976744186046,
     "recall": 0.918918918918919,
     "f1-score": 0.85,
     "support": 37.0
    },
    "9": {
     "precision": 0.26666666666666666,
     "recall": 0.8571428571428571,
     "f1-score": 0.4067796610169492,
     "support": 14.0
    },
    "10": {
     "precision": 0.9762282091917591,
     "recall": 0.8882480173035328,
     "f1-score": 0.9301623254058136,
     "support": 1387.0
    },
    "11": {
     "precision": 0.5652173913043478,
     "recall": 0.7722772277227723,
     "f1-score": 0.6527196652719666,
     "support": 101.0
    },
    "12": {
     "precision": 0.48,
     "recall": 0.8571428571428571,
     "f1-score": 0.6153846153846154,
     "support": 28.0
    },
    "13": {
     "precision": 0.41467889908256883,
     "recall": 0.8042704626334519,
     "f1-score": 0.5472154963680388,
     "support": 281.0
    },
    "14": {
     "precision": 0.8513719512195121,
     "recall": 0.8249630723781388,
     "f1-score": 0.8379594898724682,
     "support": 1354.0
    },
    "15": {
     "precision": 0.9595505617977528,
     "recall": 0.9782359679266895,
     "f1-score": 0.968803176403857,
     "support": 873.0
    },
    "16": {
     "precision": 0.9239209948792977,
     "recall": 0.6939560439560439,
     "f1-score": 0.792594916849702,
     "support": 1820.0
    },
    "17": {
     "precision": 0.5789473684210527,
     "recall": 0.873015873015873,
     "f1-score": 0.6962025316455697,
     "support": 252.0
    },
    "18": {
     "precision": 0.8787061994609164,
     "recall": 0.62592,
     "f1-score": 0.7310783031209119,
     "support": 3125.0
    },
    "19": {
     "precision": 0.47368421052631576,
     "recall": 0.6923076923076923,
     "f1-score": 0.5625,
     "support": 39.0
    },
    "20": {
     "precision": 0.8105263157894737,
     "recall": 0.8953488372093024,
     "f1-score": 0.850828729281768,
     "support": 86.0
    },
    "21": {
     "precision": 0.7192365645404319,
     "recall": 0.662043458159963,
     "f1-score": 0.6894559460760713,
     "support": 2163.0
    },
    "22": {
     "precision": 0.41279285979918184,
     "recall": 0.6427330631152287,
     "f1-score": 0.5027173913043478,
     "support": 1727.0
    },
    "23": {
     "precision": 0.47619047619047616,
     "recall": 0.38461538461538464,
     "f1-score": 0.425531914893617,
     "support": 26.0
    },
    "24": {
     "precision": 0.1932367149758454,
     "recall": 0.5555555555555556,
     "f1-score": 0.2867383512544803,
     "support": 144.0
    },
    "accuracy": 0.7531860166023617,
    "macro avg": {
     "precision": 0.6944005428695087,
     "recall": 0.7743461649399929,
     "f1-score": 0.712813252432117,
     "support": 17106.0
    },
    "weighted avg": {
     "precision": 0.8056664040457505,
     "recall": 0.7531860166023617,
     "f1-score": 0.7675030194019615,
     "support": 17106.0
    }
   }
  }
 }
}