{
 "dataset": "tcell",
 "n_samples": 24007,
 "n_features": 1089,
 "n_classes": 7,
 "n_train": 14283,
 "n_test": 7203,
 "transformer_params": 74784,
 "total_params": 212079,
 "config": {
  "heads": [
   "cell_type"
  ],
  "cohorts": null,
  "n_hvg": null,
  "n_channels": 1,
  "batch_size": 128,
  "val_frac": 0.15,
  "test_frac": 0.15,
  "d_model": 96,
  "n_heads": 4,
  "d_ff": 192,
  "dropout": 0.1,
  "n_markers": 128,
  "marker_mode": "router",
  "pathway_pool": "mean",
  "compress_mode": "aggregate",
  "recursive_marker_refine": true,
  "peak_init": true,
  "anneal_markers": true,
  "recursion_depth": 4,
  "share_weights": true,
  "share_strategy": "cycle",
  "n_unique_blocks": null,
  "step_cache": false,
  "adaptive_depth": false,
  "marker_ffn": false,
  "recursion_mode": "fixed",
  "router_capacity": null,
  "router_alpha": 1.0,
  "router_temp": 1.0,
  "router_type": "linear",
  "router_z_coeff": 0.001,
  "router_balance_coeff": 0.1,
  "gene_interaction": "none",
  "interaction_knn": 16,
  "router_prior_beta": 1.0,
  "router_prior_anneal": true,
  "pathway_attn_bias": false,
  "pathway_attn_lambda": 2.0,
  "lambda_marker": 0.1,
  "gamma_diversity": 0.05,
  "beta_compression": 0.01,
  "lr": 0.001,
  "weight_decay": 1e-05,
  "epochs": 150,
  "patience": 15,
  "seed": 2,
  "device": "cuda"
 },
 "heads": {
  "cell_type": {
   "accuracy": 0.672358739414133,
   "macro_f1": 0.5111148096777124,
   "weighted_f1": 0.703128493799599,
   "per_class": {
    "0": {
     "precision": 0.4898989898989899,
     "recall": 0.39591836734693875,
     "f1-score": 0.43792325056433407,
     "support": 245.0
    },
    "1": {
     "precision": 0.520694259012016,
     "recall": 0.7208872458410351,
     "f1-score": 0.6046511627906976,
     "support": 541.0
    },
    "2": {
     "precision": 0.934032569693624,
     "recall": 0.7401574803149606,
     "f1-score": 0.825869432580842,
     "support": 4572.0
    },
    "3": {
     "precision": 0.2869198312236287,
     "recall": 0.422360248447205,
     "f1-score": 0.3417085427135678,
     "support": 322.0
    },
    "4": {
     "precision": 0.4327485380116959,
     "recall": 0.5657492354740061,
     "f1-score": 0.49039098740888004,
     "support": 654.0
    },
    "5": {
     "precision": 0.6795454545454546,
     "recall": 0.5190972222222222,
     "f1-score": 0.5885826771653543,
     "support": 576.0
    },
    "6": {
     "precision": 0.19328703703703703,
     "recall": 0.5699658703071673,
     "f1-score": 0.28867761452031115,
     "support": 293.0
    },
    "accuracy": 0.672358739414133,
    "macro avg": {
     "precision": 0.5053038113460637,
     "recall": 0.5620193814219336,
     "f1-score": 0.5111148096777124,
     "support": 7203.0
    },
    "weighted avg": {
     "precision": 0.7629563749095785,
     "recall": 0.672358739414133,
     "f1-score": 0.703128493799599,
     "support": 7203.0
    }
   }
  }
 }
}