{
 "dataset": "Tcell",
 "mode": "aggnet",
 "K": 4,
 "seed": 1,
 "n_markers": 128,
 "test_macro_f1": 47.22674330187319,
 "test_accuracy": 62.61280022212967,
 "val_macro_f1": 47.81119195167541,
 "n_features": 1089,
 "n_classes": 7,
 "n_samples": 24007
}