{
 "dataset": "Tcell",
 "mode": "aggnet",
 "K": 4,
 "seed": 0,
 "n_markers": 128,
 "test_macro_f1": 52.83143248839143,
 "test_accuracy": 66.27793974732751,
 "val_macro_f1": 52.48187350449369,
 "n_features": 1089,
 "n_classes": 7,
 "n_samples": 24007
}