{
 "dataset": "Tcell",
 "mode": "aggnet",
 "K": 4,
 "seed": 3,
 "n_markers": 128,
 "test_macro_f1": 48.75509996965924,
 "test_accuracy": 65.87532972372622,
 "val_macro_f1": 49.74832524071804,
 "n_features": 1089,
 "n_classes": 7,
 "n_samples": 24007
}