{
 "dataset": "Tcell",
 "mode": "aggnet",
 "K": 4,
 "seed": 2,
 "n_markers": 128,
 "test_macro_f1": 53.39570833887278,
 "test_accuracy": 70.04026100236013,
 "val_macro_f1": 53.10194636474971,
 "n_features": 1089,
 "n_classes": 7,
 "n_samples": 24007
}