{
 "dataset": "Tcell",
 "mode": "aggnet",
 "K": 4,
 "seed": 4,
 "n_markers": 128,
 "test_macro_f1": 55.51851163091869,
 "test_accuracy": 65.87532972372622,
 "val_macro_f1": 55.97976476219297,
 "n_features": 1089,
 "n_classes": 7,
 "n_samples": 24007
}