{
 "dataset": "Tcell",
 "mode": "coexpr",
 "K": 4,
 "seed": 2,
 "n_markers": 128,
 "test_macro_f1": 62.25127965148156,
 "test_accuracy": 76.66250173538803,
 "val_macro_f1": 61.56015910954904,
 "n_features": 1089,
 "n_classes": 7,
 "n_samples": 24007
}