{
 "dataset": "Tcell",
 "mode": "coexpr",
 "K": 4,
 "seed": 0,
 "n_markers": 128,
 "test_macro_f1": 61.10223958116829,
 "test_accuracy": 70.24850756629182,
 "val_macro_f1": 61.51827250739045,
 "n_features": 1089,
 "n_classes": 7,
 "n_samples": 24007
}