{
 "dataset": "Tcell",
 "mode": "coexpr",
 "K": 4,
 "seed": 4,
 "n_markers": 128,
 "test_macro_f1": 64.31401364717337,
 "test_accuracy": 72.01166180758017,
 "val_macro_f1": 63.57958345237014,
 "n_features": 1089,
 "n_classes": 7,
 "n_samples": 24007
}