{
 "dataset": "Tcell",
 "mode": "coexpr",
 "K": 4,
 "seed": 1,
 "n_markers": 128,
 "test_macro_f1": 60.811429710271426,
 "test_accuracy": 76.19047619047619,
 "val_macro_f1": 61.073096004887994,
 "n_features": 1089,
 "n_classes": 7,
 "n_samples": 24007
}