{
 "dataset": "Tcell",
 "mode": "coexpr",
 "K": 4,
 "seed": 3,
 "n_markers": 128,
 "test_macro_f1": 61.238830766729116,
 "test_accuracy": 74.17742607246981,
 "val_macro_f1": 62.771335844611365,
 "n_features": 1089,
 "n_classes": 7,
 "n_samples": 24007
}