{
 "dataset": "Tcell",
 "mode": "learned_bio",
 "K": 4,
 "seed": 2,
 "n_markers": 128,
 "test_macro_f1": 69.08379551987622,
 "test_accuracy": 81.9658475635152,
 "val_macro_f1": 68.91258126756054,
 "n_features": 1089,
 "n_classes": 7,
 "n_samples": 24007,
 "learned_lambda": 0.32292240858078003,
 "bio_anchor_have": false
}