{
 "dataset": "Tcell",
 "mode": "learned_aggnet",
 "K": 4,
 "seed": 4,
 "n_markers": 128,
 "test_macro_f1": 55.113698661227474,
 "test_accuracy": 62.91822851589616,
 "val_macro_f1": 56.52456353132066,
 "n_features": 1089,
 "n_classes": 7,
 "n_samples": 24007,
 "learned_lambda": 0.27203840017318726,
 "bio_anchor_have": true
}