{
 "dataset": "Tcell",
 "mode": "learned",
 "K": 4,
 "seed": 3,
 "n_markers": 128,
 "test_macro_f1": 68.95865354268845,
 "test_accuracy": 82.96543107038734,
 "val_macro_f1": 67.95632675845239,
 "n_features": 1089,
 "n_classes": 7,
 "n_samples": 24007,
 "learned_lambda": 0.38934025168418884,
 "bio_anchor_have": false
}