{
 "dataset": "Tcell",
 "mode": "learned",
 "K": 4,
 "seed": 0,
 "n_markers": 128,
 "test_macro_f1": 69.44824141384066,
 "test_accuracy": 80.31375815632376,
 "val_macro_f1": 67.94987056828725,
 "n_features": 1089,
 "n_classes": 7,
 "n_samples": 24007,
 "learned_lambda": 0.2741621732711792,
 "bio_anchor_have": false
}