{
 "dataset": "Tcell",
 "mode": "learned_bio",
 "K": 4,
 "seed": 4,
 "n_markers": 128,
 "test_macro_f1": 68.67191310707224,
 "test_accuracy": 79.20310981535471,
 "val_macro_f1": 67.96533905878867,
 "n_features": 1089,
 "n_classes": 7,
 "n_samples": 24007,
 "learned_lambda": 0.3126792013645172,
 "bio_anchor_have": false
}