{
 "dataset": "Tcell",
 "mode": "learned_bio",
 "K": 4,
 "seed": 0,
 "n_markers": 128,
 "test_macro_f1": 69.97478941503337,
 "test_accuracy": 82.2712758572817,
 "val_macro_f1": 69.92684409301376,
 "n_features": 1089,
 "n_classes": 7,
 "n_samples": 24007,
 "learned_lambda": 0.31099075078964233,
 "bio_anchor_have": false
}