{
 "dataset": "Tcell",
 "mode": "learned_aggnet",
 "K": 4,
 "seed": 3,
 "n_markers": 128,
 "test_macro_f1": 50.40885110266349,
 "test_accuracy": 65.37553797029015,
 "val_macro_f1": 50.71624341155301,
 "n_features": 1089,
 "n_classes": 7,
 "n_samples": 24007,
 "learned_lambda": 0.21086402237415314,
 "bio_anchor_have": true
}