{
 "dataset": "Tcell",
 "mode": "learned",
 "K": 4,
 "seed": 2,
 "n_markers": 128,
 "test_macro_f1": 69.94311033714156,
 "test_accuracy": 83.04872969596002,
 "val_macro_f1": 67.66823330894034,
 "n_features": 1089,
 "n_classes": 7,
 "n_samples": 24007,
 "learned_lambda": 0.3090752065181732,
 "bio_anchor_have": false
}