{
 "dataset": "Tcell",
 "mode": "none",
 "K": 4,
 "seed": 4,
 "n_markers": 128,
 "test_macro_f1": 54.15565532185103,
 "test_accuracy": 66.25017353880328,
 "val_macro_f1": 54.19797026520777,
 "n_features": 1089,
 "n_classes": 7,
 "n_samples": 24007
}