{
 "dataset": "Tcell",
 "mode": "none",
 "K": 4,
 "seed": 1,
 "n_markers": 128,
 "test_macro_f1": 44.432842478378795,
 "test_accuracy": 61.91864500902402,
 "val_macro_f1": 46.25092553245071,
 "n_features": 1089,
 "n_classes": 7,
 "n_samples": 24007
}