{
 "dataset": "Tcell",
 "mode": "none",
 "K": 4,
 "seed": 2,
 "n_markers": 128,
 "test_macro_f1": 50.05466151865357,
 "test_accuracy": 66.34735526863807,
 "val_macro_f1": 49.78947112548218,
 "n_features": 1089,
 "n_classes": 7,
 "n_samples": 24007
}