{
 "task": "blca",
 "arm": "token_k3",
 "pos_class": 1,
 "n_folds": 10,
 "pos_f1": [
  0.7692745717031353,
  0.03872495972230887
 ],
 "pos_precision": [
  0.6681379495745811,
  0.011387700136852516
 ],
 "pos_recall": [
  0.91013468013468,
  0.08591131278587268
 ],
 "maj_f1": [
  0.7692745717031353,
  0.03872495972230887
 ],
 "macro_f1": [
  0.42809917474256237,
  0.02271010324041929
 ],
 "accuracy": [
  0.634783950617284,
  0.04222873072715302
 ]
}