{
 "dataset": "Spleen",
 "method": "NearestCentroid",
 "seed": 1,
 "test_macro_f1": 60.5006020318498,
 "test_accuracy": 65.96904989553455,
 "n_features": 1089,
 "n_classes": 28,
 "n_samples": 94129
}