{
 "dataset": "Spleen",
 "method": "NearestCentroid",
 "seed": 0,
 "test_macro_f1": 59.610466428583244,
 "test_accuracy": 65.64325932221396,
 "n_features": 1089,
 "n_classes": 28,
 "n_samples": 94129
}