{
 "dataset": "Spleen",
 "method": "Random Forest",
 "seed": 0,
 "test_macro_f1": 64.19242452266658,
 "test_accuracy": 77.73292255391479,
 "n_features": 1089,
 "n_classes": 28,
 "n_samples": 94129
}