{
 "dataset": "Spleen",
 "method": "Random Forest",
 "seed": 1,
 "test_macro_f1": 63.92750871531743,
 "test_accuracy": 77.90290024434293,
 "n_features": 1089,
 "n_classes": 28,
 "n_samples": 94129
}