{
 "macro_f1": 0.9612949560457174,
 "accuracy": 0.9636711281070746,
 "transformer_params": 132992,
 "mean_recursion_depth": 2.749999761581421,
 "task": "cohort",
 "mode": "coexpr",
 "seed": 2,
 "beta": 1.0,
 "knn": 16,
 "anneal": true
}