{
 "macro_f1": 0.9399647672088314,
 "accuracy": 0.9464627151051626,
 "transformer_params": 132992,
 "mean_recursion_depth": 2.750000238418579,
 "task": "cohort",
 "mode": "random",
 "seed": 1,
 "beta": 1.0,
 "knn": 16,
 "anneal": true
}