{
 "macro_f1": 0.9504021035519229,
 "accuracy": 0.9541108986615678,
 "transformer_params": 132992,
 "mean_recursion_depth": 2.75,
 "task": "cohort",
 "mode": "coexpr",
 "seed": 1,
 "beta": 1.0,
 "knn": 16,
 "anneal": true
}