{
 "macro_f1": 0.9550958320636579,
 "accuracy": 0.9579349904397706,
 "transformer_params": 132992,
 "mean_recursion_depth": 2.75,
 "task": "cohort",
 "mode": "none",
 "seed": 1,
 "beta": 1.0,
 "knn": 16,
 "anneal": true
}