{
 "macro_f1": 0.9660453721703033,
 "accuracy": 0.9694072657743786,
 "transformer_params": 132992,
 "mean_recursion_depth": 2.75,
 "task": "cohort",
 "mode": "random",
 "seed": 0,
 "beta": 1.0,
 "knn": 16,
 "anneal": true
}