{
 "macro_f1": 0.9571710885622693,
 "accuracy": 0.9617590822179732,
 "transformer_params": 132992,
 "mean_recursion_depth": 2.75,
 "task": "cohort",
 "mode": "coexpr",
 "seed": 0,
 "beta": 1.0,
 "knn": 16,
 "anneal": true
}