{
 "macro_f1": 0.9704735407626076,
 "accuracy": 0.9732313575525813,
 "transformer_params": 132992,
 "mean_recursion_depth": 2.75,
 "task": "cohort",
 "mode": "none",
 "seed": 2,
 "beta": 1.0,
 "knn": 16,
 "anneal": true
}