{
 "macro_f1": 0.9481724668598841,
 "accuracy": 0.9502868068833652,
 "transformer_params": 132992,
 "mean_recursion_depth": 2.749999761581421,
 "task": "cohort",
 "mode": "random",
 "seed": 2,
 "beta": 1.0,
 "knn": 16,
 "anneal": true
}