{
 "task": "prostate",
 "arm": "fixed_k4",
 "pos_class": 1,
 "n_folds": 10,
 "pos_f1": [
  0.6027880382161054,
  0.08240496494196711
 ],
 "pos_precision": [
  0.5147344527811679,
  0.12469643751326323
 ],
 "pos_recall": [
  0.7901628222523744,
  0.14585849642056092
 ],
 "maj_f1": [
  0.6085636388074249,
  0.31070079805288425
 ],
 "macro_f1": [
  0.6056758385117652,
  0.18837730007735679
 ],
 "accuracy": [
  0.6354655416280546,
  0.16531265241741583
 ]
}