{
 "dataset": "Segerstolpe",
 "mode": "learned",
 "K": 2,
 "seed": 4,
 "n_markers": 128,
 "test_macro_f1": 82.0424712763273,
 "test_accuracy": 94.36619718309859,
 "val_macro_f1": 92.44044962121747,
 "n_features": 2000,
 "n_classes": 11,
 "n_samples": 2127,
 "learned_lambda": 0.23022586107254028,
 "bio_anchor_have": false
}