{
 "dataset": "Segerstolpe",
 "mode": "learned",
 "K": 2,
 "seed": 6,
 "n_markers": 128,
 "test_macro_f1": 67.39766075283626,
 "test_accuracy": 92.01877934272301,
 "val_macro_f1": 93.56392406679352,
 "n_features": 2000,
 "n_classes": 11,
 "n_samples": 2127,
 "learned_lambda": 0.23366908729076385,
 "bio_anchor_have": false
}