{
 "dataset": "Segerstolpe",
 "mode": "learned",
 "K": 2,
 "seed": 8,
 "n_markers": 128,
 "test_macro_f1": 72.5756666017242,
 "test_accuracy": 90.92331768388107,
 "val_macro_f1": 82.4022330082936,
 "n_features": 2000,
 "n_classes": 11,
 "n_samples": 2127,
 "learned_lambda": 0.22353512048721313,
 "bio_anchor_have": false
}