{
 "dataset": "Segerstolpe",
 "mode": "learned",
 "K": 2,
 "seed": 0,
 "n_markers": 128,
 "test_macro_f1": 70.74613802586236,
 "test_accuracy": 93.89671361502347,
 "val_macro_f1": 83.25419473000117,
 "n_features": 2000,
 "n_classes": 11,
 "n_samples": 2127,
 "learned_lambda": 0.24272345006465912,
 "bio_anchor_have": false
}