{
 "dataset": "Segerstolpe",
 "mode": "learned",
 "K": 2,
 "seed": 3,
 "n_markers": 128,
 "test_macro_f1": 66.73800185612797,
 "test_accuracy": 88.88888888888889,
 "val_macro_f1": 75.59147849165981,
 "n_features": 2000,
 "n_classes": 11,
 "n_samples": 2127,
 "learned_lambda": 0.23638319969177246,
 "bio_anchor_have": false
}