{
 "dataset": "Segerstolpe",
 "mode": "learned",
 "K": 2,
 "seed": 9,
 "n_markers": 128,
 "test_macro_f1": 71.0507822115301,
 "test_accuracy": 93.58372456964005,
 "val_macro_f1": 87.16792247834061,
 "n_features": 2000,
 "n_classes": 11,
 "n_samples": 2127,
 "learned_lambda": 0.2267789989709854,
 "bio_anchor_have": false
}