{
 "dataset": "Spleen",
 "mode": "learned",
 "K": 4,
 "seed": 1,
 "n_markers": 128,
 "test_macro_f1": 58.33573776687625,
 "test_accuracy": 69.00385991005346,
 "val_macro_f1": 58.471689267914826,
 "n_features": 1089,
 "n_classes": 28,
 "n_samples": 94129,
 "learned_lambda": 0.6181409358978271,
 "bio_anchor_have": false
}