{
 "dataset": "Spleen",
 "mode": "learned",
 "K": 4,
 "seed": 2,
 "n_markers": 128,
 "test_macro_f1": 58.65264274306858,
 "test_accuracy": 69.27653245511527,
 "val_macro_f1": 60.726902943662985,
 "n_features": 1089,
 "n_classes": 28,
 "n_samples": 94129,
 "learned_lambda": 0.6751852035522461,
 "bio_anchor_have": false
}