{
 "dataset": "Spleen",
 "mode": "learned",
 "K": 4,
 "seed": 0,
 "n_markers": 128,
 "test_macro_f1": 58.66772341227612,
 "test_accuracy": 68.87283544034845,
 "val_macro_f1": 58.79566460588902,
 "n_features": 1089,
 "n_classes": 28,
 "n_samples": 94129,
 "learned_lambda": 0.5303986072540283,
 "bio_anchor_have": false
}