{
 "task": "blca",
 "arm": "vanilla",
 "pos_class": 1,
 "n_folds": 10,
 "pos_f1": [
  0.6180376372773185,
  0.1916625106649493
 ],
 "pos_precision": [
  0.6672872403836729,
  0.03480797745955422
 ],
 "pos_recall": [
  0.648956228956229,
  0.26200813037307397
 ],
 "maj_f1": [
  0.6180376372773185,
  0.1916625106649493
 ],
 "macro_f1": [
  0.4324080300533442,
  0.05490309788059057
 ],
 "accuracy": [
  0.5370987654320988,
  0.09346574418511212
 ]
}