{
 "dataset": "Oesophagus",
 "mode": "learned",
 "K": 4,
 "seed": 0,
 "n_markers": 128,
 "test_macro_f1": 69.97426197051895,
 "test_accuracy": 87.22380140231192,
 "val_macro_f1": 69.71060703310035,
 "n_features": 1089,
 "n_classes": 18,
 "n_samples": 87947,
 "learned_lambda": 0.5840188264846802,
 "bio_anchor_have": false
}