{
 "dataset": "Tcell",
 "mode": "learned",
 "K": 4,
 "seed": 2,
 "n_markers": 128,
 "test_macro_f1": 69.0085945091312,
 "test_accuracy": 83.00708038317369,
 "val_macro_f1": 69.62264323188178,
 "n_features": 1089,
 "n_classes": 7,
 "n_samples": 24007,
 "learned_lambda": 0.37957021594047546,
 "bio_anchor_have": false
}