{
 "family": "pnet",
 "cohort": "stad",
 "task": "response",
 "mode": "curated",
 "K": 4,
 "n_features": 3000,
 "n_classes": 2,
 "n_samples": 414,
 "n_folds": 5,
 "seed": 42,
 "val_frac": 0.1,
 "cv_macro_f1": {
  "mean": 45.771616679465446,
  "std": 7.104886809518518,
  "folds": [
   46.91860465116279,
   32.13836477987421,
   50.180072028811516,
   47.24576271186441,
   52.37527922561429
  ]
 },
 "cv_accuracy": {
  "mean": 49.04202174551866,
  "std": 6.597682356391986,
  "folds": [
   46.98795180722892,
   37.34939759036144,
   51.80722891566265,
   56.62650602409639,
   52.4390243902439
  ]
 }
}