{
 "dataset": "Lung",
 "method": "NearestCentroid",
 "seed": 0,
 "test_macro_f1": 69.28605207765841,
 "test_accuracy": 77.41728048637904,
 "n_features": 1089,
 "n_classes": 25,
 "n_samples": 57020
}