{
 "dataset": "Lung",
 "method": "Random Forest",
 "seed": 0,
 "test_macro_f1": 76.11375308522229,
 "test_accuracy": 88.22635332631825,
 "n_features": 1089,
 "n_classes": 25,
 "n_samples": 57020
}