{
 "dataset": "oesophagus",
 "K": 40,
 "seed": 0,
 "val_macro_f1": 55.94851255546674,
 "test_macro_f1": 54.556753025166024,
 "test_accuracy": 79.27610384688269
}