{
 "dataset": "oesophagus",
 "K": 4,
 "seed": 0,
 "val_macro_f1": 62.32125293647744,
 "test_macro_f1": 59.388167652976165,
 "test_accuracy": 81.94807655865075
}