{
 "dataset": "Wang",
 "mode": "learned",
 "K": 4,
 "seed": 1,
 "n_markers": 128,
 "test_macro_f1": 38.537713584442564,
 "test_accuracy": 52.89855072463768,
 "val_macro_f1": 58.359294937487185,
 "n_features": 2000,
 "n_classes": 7,
 "n_samples": 457,
 "learned_lambda": 0.2069399356842041,
 "bio_anchor_have": false
}