{
 "family": "pnet",
 "cohort": "prostate",
 "task": "response",
 "mode": "learned",
 "K": 4,
 "n_features": 3000,
 "n_classes": 2,
 "n_samples": 1011,
 "n_folds": 5,
 "seed": 42,
 "val_frac": 0.1,
 "cv_macro_f1": {
  "mean": 60.836182910464764,
  "std": 6.237575586557152,
  "folds": [
   71.26162387231089,
   59.58383353341337,
   52.94707356626862,
   63.451199338296114,
   56.93718424203487
  ]
 },
 "cv_accuracy": {
  "mean": 67.05457737892016,
  "std": 4.95588279823548,
  "folds": [
   74.8768472906404,
   70.29702970297029,
   60.89108910891089,
   65.34653465346535,
   63.86138613861386
  ]
 }
}