{
 "dataset": "Tcell",
 "method": "NearestCentroid",
 "seed": 2,
 "test_macro_f1": 77.66556486282391,
 "test_accuracy": 85.76981813133416,
 "n_features": 1089,
 "n_classes": 7,
 "n_samples": 24007
}