{
 "dataset": "Tcell",
 "method": "NearestCentroid",
 "seed": 1,
 "test_macro_f1": 76.95862373372354,
 "test_accuracy": 85.07566291822852,
 "n_features": 1089,
 "n_classes": 7,
 "n_samples": 24007
}