{
 "dataset": "Tcell",
 "method": "NearestCentroid",
 "seed": 0,
 "test_macro_f1": 77.22192937963338,
 "test_accuracy": 85.88088296543107,
 "n_features": 1089,
 "n_classes": 7,
 "n_samples": 24007
}