{
 "dataset": "Tcell",
 "method": "Random Forest",
 "seed": 2,
 "test_macro_f1": 59.635815429766126,
 "test_accuracy": 84.54810495626822,
 "n_features": 1089,
 "n_classes": 7,
 "n_samples": 24007
}