{
 "dataset": "Tcell",
 "method": "Random Forest",
 "seed": 0,
 "test_macro_f1": 59.82903991036855,
 "test_accuracy": 84.32597528807442,
 "n_features": 1089,
 "n_classes": 7,
 "n_samples": 24007
}