{
 "dataset": "Tcell",
 "method": "Random Forest",
 "seed": 1,
 "test_macro_f1": 59.063752244126825,
 "test_accuracy": 84.02054699430794,
 "n_features": 1089,
 "n_classes": 7,
 "n_samples": 24007
}