{
 "dataset": "Segerstolpe",
 "mode": "learned",
 "K": 2,
 "seed": 1,
 "n_markers": 128,
 "test_macro_f1": 66.74968785462167,
 "test_accuracy": 86.2284820031299,
 "val_macro_f1": 63.343565885938766,
 "n_features": 2000,
 "n_classes": 11,
 "n_samples": 2127,
 "learned_lambda": 0.2217729538679123,
 "bio_anchor_have": false
}