{
 "dataset": "Segerstolpe",
 "mode": "learned",
 "K": 2,
 "seed": 0,
 "n_markers": 128,
 "test_macro_f1": 61.23725110148202,
 "test_accuracy": 87.63693270735524,
 "val_macro_f1": 68.66522219735656,
 "n_features": 2000,
 "n_classes": 11,
 "n_samples": 2127,
 "learned_lambda": 0.2215968668460846,
 "bio_anchor_have": false
}