{
 "task": "pan_meta_pri_3modal",
 "arm": "expert_k3",
 "pos_class": 1,
 "n_folds": 10,
 "pos_f1": [
  0.8927928886393651,
  0.05906246435970173
 ],
 "pos_precision": [
  0.8805852854009639,
  0.08444139991194595
 ],
 "pos_recall": [
  0.9126712328767124,
  0.06726242925672218
 ],
 "maj_f1": [
  0.9950956089565974,
  0.0030136674278135396
 ],
 "macro_f1": [
  0.9439442487979811,
  0.031008480186020166
 ],
 "accuracy": [
  0.9906241969810896,
  0.005726853474742594
 ]
}