{
 "dataset": "baron",
 "n_samples": 8569,
 "n_features": 1936,
 "n_classes": 14,
 "n_train": 5098,
 "n_test": 2571,
 "transformer_params": 299520,
 "total_params": 519485,
 "config": {
  "heads": [
   "cell_type"
  ],
  "cohorts": null,
  "n_hvg": null,
  "n_channels": 1,
  "batch_size": 128,
  "val_frac": 0.15,
  "test_frac": 0.15,
  "d_model": 96,
  "n_heads": 4,
  "d_ff": 192,
  "dropout": 0.1,
  "n_markers": 128,
  "marker_mode": "router",
  "pathway_pool": "mean",
  "compress_mode": "aggregate",
  "recursive_marker_refine": true,
  "peak_init": true,
  "anneal_markers": true,
  "recursion_depth": 4,
  "share_weights": false,
  "share_strategy": "cycle",
  "n_unique_blocks": null,
  "step_cache": false,
  "adaptive_depth": false,
  "marker_ffn": false,
  "recursion_mode": "expert",
  "router_capacity": null,
  "router_alpha": 1.0,
  "router_temp": 1.0,
  "router_type": "linear",
  "router_z_coeff": 0.001,
  "router_balance_coeff": 0.1,
  "gene_interaction": "none",
  "interaction_knn": 16,
  "router_prior_beta": 1.0,
  "router_prior_anneal": true,
  "pathway_attn_bias": false,
  "pathway_attn_lambda": 2.0,
  "lambda_marker": 0.1,
  "gamma_diversity": 0.05,
  "beta_compression": 0.01,
  "lr": 0.001,
  "weight_decay": 1e-05,
  "epochs": 150,
  "patience": 15,
  "seed": 0,
  "device": "cuda"
 },
 "heads": {
  "cell_type": {
   "accuracy": 0.8405289770517308,
   "macro_f1": 0.5844847194249573,
   "weighted_f1": 0.8536688923817828,
   "per_class": {
    "0": {
     "precision": 0.9507575757575758,
     "recall": 0.8745644599303136,
     "f1-score": 0.911070780399274,
     "support": 287.0
    },
    "1": {
     "precision": 0.8,
     "recall": 0.6588235294117647,
     "f1-score": 0.7225806451612903,
     "support": 85.0
    },
    "2": {
     "precision": 0.9543147208121827,
     "recall": 0.8080229226361032,
     "f1-score": 0.8750969743987588,
     "support": 698.0
    },
    "3": {
     "precision": 0.9418918918918919,
     "recall": 0.9195250659630607,
     "f1-score": 0.9305740987983978,
     "support": 758.0
    },
    "4": {
     "precision": 0.6826923076923077,
     "recall": 0.7888888888888889,
     "f1-score": 0.7319587628865979,
     "support": 180.0
    },
    "5": {
     "precision": 0.8858858858858859,
     "recall": 0.913312693498452,
     "f1-score": 0.899390243902439,
     "support": 323.0
    },
    "6": {
     "precision": 0.7571428571428571,
     "recall": 0.6973684210526315,
     "f1-score": 0.726027397260274,
     "support": 76.0
    },
    "7": {
     "precision": 0.13043478260869565,
     "recall": 0.6,
     "f1-score": 0.21428571428571427,
     "support": 5.0
    },
    "8": {
     "precision": 0.304635761589404,
     "recall": 0.5974025974025974,
     "f1-score": 0.40350877192982454,
     "support": 77.0
    },
    "9": {
     "precision": 0.6875,
     "recall": 0.6470588235294118,
     "f1-score": 0.6666666666666666,
     "support": 17.0
    },
    "10": {
     "precision": 0.35294117647058826,
     "recall": 0.8571428571428571,
     "f1-score": 0.5,
     "support": 7.0
    },
    "11": {
     "precision": 0.5211267605633803,
     "recall": 0.7115384615384616,
     "f1-score": 0.6016260162601627,
     "support": 52.0
    },
    "12": {
     "precision": 0.0,
     "recall": 0.0,
     "f1-score": 0.0,
     "support": 4.0
    },
    "13": {
     "precision": 0.0,
     "recall": 0.0,
     "f1-score": 0.0,
     "support": 2.0
    },
    "accuracy": 0.8405289770517308,
    "macro avg": {
     "precision": 0.5692374086010549,
     "recall": 0.6481177657853244,
     "f1-score": 0.5844847194249573,
     "support": 2571.0
    },
    "weighted avg": {
     "precision": 0.8762612113699001,
     "recall": 0.8405289770517308,
     "f1-score": 0.8536688923817828,
     "support": 2571.0
    }
   }
  }
 }
}