{
 "dataset": "tcell",
 "n_samples": 24007,
 "n_features": 1089,
 "n_classes": 7,
 "n_train": 14283,
 "n_test": 7203,
 "transformer_params": 299520,
 "total_params": 436815,
 "config": {
  "heads": [
   "cell_type"
  ],
  "cohorts": null,
  "n_hvg": null,
  "n_channels": 1,
  "batch_size": 128,
  "val_frac": 0.15,
  "test_frac": 0.15,
  "d_model": 96,
  "n_heads": 4,
  "d_ff": 192,
  "dropout": 0.1,
  "n_markers": 128,
  "marker_mode": "router",
  "pathway_pool": "mean",
  "compress_mode": "aggregate",
  "recursive_marker_refine": true,
  "peak_init": true,
  "anneal_markers": true,
  "recursion_depth": 4,
  "share_weights": false,
  "share_strategy": "cycle",
  "n_unique_blocks": null,
  "step_cache": false,
  "adaptive_depth": false,
  "marker_ffn": false,
  "recursion_mode": "expert",
  "router_capacity": null,
  "router_alpha": 1.0,
  "router_temp": 1.0,
  "router_type": "linear",
  "router_z_coeff": 0.001,
  "router_balance_coeff": 0.1,
  "gene_interaction": "none",
  "interaction_knn": 16,
  "router_prior_beta": 1.0,
  "router_prior_anneal": true,
  "pathway_attn_bias": false,
  "pathway_attn_lambda": 2.0,
  "lambda_marker": 0.1,
  "gamma_diversity": 0.05,
  "beta_compression": 0.01,
  "lr": 0.001,
  "weight_decay": 1e-05,
  "epochs": 150,
  "patience": 15,
  "seed": 0,
  "device": "cuda"
 },
 "heads": {
  "cell_type": {
   "accuracy": 0.7095654588365958,
   "macro_f1": 0.4995563665773139,
   "weighted_f1": 0.7237650533707647,
   "per_class": {
    "0": {
     "precision": 0.37662337662337664,
     "recall": 0.5918367346938775,
     "f1-score": 0.4603174603174603,
     "support": 245.0
    },
    "1": {
     "precision": 0.7694013303769401,
     "recall": 0.6414048059149723,
     "f1-score": 0.6995967741935484,
     "support": 541.0
    },
    "2": {
     "precision": 0.9087821445900048,
     "recall": 0.8193350831146107,
     "f1-score": 0.8617437313089487,
     "support": 4572.0
    },
    "3": {
     "precision": 0.13392857142857142,
     "recall": 0.046583850931677016,
     "f1-score": 0.06912442396313365,
     "support": 322.0
    },
    "4": {
     "precision": 0.41271551724137934,
     "recall": 0.5856269113149847,
     "f1-score": 0.48419721871049304,
     "support": 654.0
    },
    "5": {
     "precision": 0.7052154195011338,
     "recall": 0.5399305555555556,
     "f1-score": 0.6116027531956736,
     "support": 576.0
    },
    "6": {
     "precision": 0.21465968586387435,
     "recall": 0.5597269624573379,
     "f1-score": 0.31031220435193946,
     "support": 293.0
    },
    "accuracy": 0.7095654588365958,
    "macro avg": {
     "precision": 0.5030465779464687,
     "recall": 0.540634986283288,
     "f1-score": 0.4995563665773139,
     "support": 7203.0
    },
    "weighted avg": {
     "precision": 0.7560198708786317,
     "recall": 0.7095654588365958,
     "f1-score": 0.7237650533707647,
     "support": 7203.0
    }
   }
  }
 }
}