{
 "family": "pnet",
 "cohort": "blca",
 "task": "response",
 "mode": "learned",
 "K": 4,
 "n_features": 3000,
 "n_classes": 2,
 "n_samples": 404,
 "n_folds": 5,
 "seed": 42,
 "val_frac": 0.1,
 "cv_macro_f1": {
  "mean": 45.39660069826303,
  "std": 6.724705991484465,
  "folds": [
   34.50134770889488,
   44.13793103448276,
   55.58064516129032,
   46.09641291998052,
   46.666666666666664
  ]
 },
 "cv_accuracy": {
  "mean": 48.01851851851852,
  "std": 5.796437632218917,
  "folds": [
   40.74074074074074,
   44.44444444444444,
   58.0246913580247,
   49.382716049382715,
   47.5
  ]
 }
}