{
 "dataset": "Baron",
 "mode": "learned",
 "K": 3,
 "seed": 3,
 "n_markers": 128,
 "test_macro_f1": 81.54032801810955,
 "test_accuracy": 95.76040451186309,
 "val_macro_f1": 89.18386488732713,
 "n_features": 2000,
 "n_classes": 13,
 "n_samples": 8569,
 "learned_lambda": 0.26769769191741943,
 "bio_anchor_have": false
}