{
 "dataset": "Baron",
 "mode": "learned",
 "K": 3,
 "seed": 1,
 "n_markers": 128,
 "test_macro_f1": 84.4611762221204,
 "test_accuracy": 96.69389342668222,
 "val_macro_f1": 87.52931190949224,
 "n_features": 2000,
 "n_classes": 13,
 "n_samples": 8569,
 "learned_lambda": 0.31425943970680237,
 "bio_anchor_have": false
}