{
 "family": "pnet",
 "cohort": "prostate",
 "task": "response",
 "mode": "learned_bio",
 "K": 4,
 "n_features": 3000,
 "n_classes": 2,
 "n_samples": 1011,
 "n_folds": 5,
 "seed": 42,
 "val_frac": 0.1,
 "cv_macro_f1": {
  "mean": 67.56185398395421,
  "std": 3.4084568146460255,
  "folds": [
   62.76070329918437,
   65.87837837837837,
   72.67316017316017,
   66.64628180039139,
   69.85074626865672
  ]
 },
 "cv_accuracy": {
  "mean": 71.61586109349851,
  "std": 2.9238532862641273,
  "folds": [
   67.98029556650246,
   68.31683168316832,
   75.24752475247524,
   73.26732673267327,
   73.26732673267327
  ]
 }
}