{
 "family": "pnet",
 "cohort": "prostate",
 "task": "response",
 "mode": "learned",
 "K": 4,
 "n_features": 3000,
 "n_classes": 2,
 "n_samples": 1011,
 "n_folds": 5,
 "seed": 42,
 "val_frac": 0.1,
 "cv_macro_f1": {
  "mean": 64.81368061862663,
  "std": 3.2632512517982373,
  "folds": [
   68.81035996488147,
   61.43369905557111,
   68.73521595654586,
   62.836200099290366,
   62.25292801684432
  ]
 },
 "cv_accuracy": {
  "mean": 68.5421645612837,
  "std": 4.197447556698442,
  "folds": [
   72.41379310344827,
   62.87128712871287,
   73.76237623762376,
   68.8118811881188,
   64.85148514851485
  ]
 }
}