{
 "family": "pnet",
 "cohort": "prostate",
 "task": "response",
 "mode": "none",
 "K": 4,
 "n_features": 3000,
 "n_classes": 2,
 "n_samples": 1011,
 "n_folds": 5,
 "seed": 42,
 "val_frac": 0.1,
 "cv_macro_f1": {
  "mean": 62.4767419152646,
  "std": 1.9016001139038299,
  "folds": [
   58.68615086911554,
   63.2577711415773,
   63.70596047183814,
   63.42186128182617,
   63.311965811965806
  ]
 },
 "cv_accuracy": {
  "mean": 67.2574745159245,
  "std": 1.4347446793332919,
  "folds": [
   69.95073891625616,
   66.83168316831683,
   65.84158415841584,
   67.32673267326733,
   66.33663366336634
  ]
 }
}