{
 "dataset": "baron",
 "n_samples": 8569,
 "n_features": 1936,
 "n_classes": 14,
 "n_train": 5098,
 "n_test": 2571,
 "transformer_params": 75168,
 "total_params": 295133,
 "config": {
  "heads": [
   "cell_type"
  ],
  "cohorts": null,
  "n_hvg": null,
  "n_channels": 1,
  "batch_size": 128,
  "val_frac": 0.15,
  "test_frac": 0.15,
  "d_model": 96,
  "n_heads": 4,
  "d_ff": 192,
  "dropout": 0.1,
  "n_markers": 128,
  "marker_mode": "router",
  "pathway_pool": "mean",
  "compress_mode": "aggregate",
  "recursive_marker_refine": true,
  "peak_init": true,
  "anneal_markers": true,
  "recursion_depth": 4,
  "share_weights": true,
  "share_strategy": "cycle",
  "n_unique_blocks": null,
  "step_cache": false,
  "adaptive_depth": false,
  "marker_ffn": false,
  "recursion_mode": "expert",
  "router_capacity": null,
  "router_alpha": 1.0,
  "router_temp": 1.0,
  "router_type": "linear",
  "router_z_coeff": 0.001,
  "router_balance_coeff": 0.1,
  "gene_interaction": "none",
  "interaction_knn": 16,
  "router_prior_beta": 1.0,
  "router_prior_anneal": true,
  "pathway_attn_bias": false,
  "pathway_attn_lambda": 2.0,
  "lambda_marker": 0.1,
  "gamma_diversity": 0.05,
  "beta_compression": 0.01,
  "lr": 0.001,
  "weight_decay": 1e-05,
  "epochs": 150,
  "patience": 15,
  "seed": 1,
  "device": "cuda"
 },
 "heads": {
  "cell_type": {
   "accuracy": 0.7849085958770906,
   "macro_f1": 0.5971959001619178,
   "weighted_f1": 0.7933757512231727,
   "per_class": {
    "0": {
     "precision": 0.9178571428571428,
     "recall": 0.8954703832752613,
     "f1-score": 0.9065255731922398,
     "support": 287.0
    },
    "1": {
     "precision": 0.7777777777777778,
     "recall": 0.8235294117647058,
     "f1-score": 0.8,
     "support": 85.0
    },
    "2": {
     "precision": 0.869281045751634,
     "recall": 0.7621776504297995,
     "f1-score": 0.8122137404580153,
     "support": 698.0
    },
    "3": {
     "precision": 0.7883870967741935,
     "recall": 0.8060686015831134,
     "f1-score": 0.7971298108284409,
     "support": 758.0
    },
    "4": {
     "precision": 0.5740740740740741,
     "recall": 0.6888888888888889,
     "f1-score": 0.6262626262626263,
     "support": 180.0
    },
    "5": {
     "precision": 0.8986928104575164,
     "recall": 0.8513931888544891,
     "f1-score": 0.8744038155802861,
     "support": 323.0
    },
    "6": {
     "precision": 0.8205128205128205,
     "recall": 0.8421052631578947,
     "f1-score": 0.8311688311688312,
     "support": 76.0
    },
    "7": {
     "precision": 0.045454545454545456,
     "recall": 0.2,
     "f1-score": 0.07407407407407407,
     "support": 5.0
    },
    "8": {
     "precision": 0.32653061224489793,
     "recall": 0.4155844155844156,
     "f1-score": 0.3657142857142857,
     "support": 77.0
    },
    "9": {
     "precision": 0.6666666666666666,
     "recall": 0.47058823529411764,
     "f1-score": 0.5517241379310345,
     "support": 17.0
    },
    "10": {
     "precision": 0.35714285714285715,
     "recall": 0.7142857142857143,
     "f1-score": 0.47619047619047616,
     "support": 7.0
    },
    "11": {
     "precision": 0.8536585365853658,
     "recall": 0.6730769230769231,
     "f1-score": 0.7526881720430108,
     "support": 52.0
    },
    "12": {
     "precision": 0.25,
     "recall": 0.75,
     "f1-score": 0.375,
     "support": 4.0
    },
    "13": {
     "precision": 0.06666666666666667,
     "recall": 0.5,
     "f1-score": 0.11764705882352941,
     "support": 2.0
    },
    "accuracy": 0.7849085958770906,
    "macro avg": {
     "precision": 0.5866216180690113,
     "recall": 0.6709406197282374,
     "f1-score": 0.5971959001619178,
     "support": 2571.0
    },
    "weighted avg": {
     "precision": 0.806919030069977,
     "recall": 0.7849085958770906,
     "f1-score": 0.7933757512231727,
     "support": 2571.0
    }
   }
  }
 }
}