{
 "dataset": "tcell",
 "n_samples": 24007,
 "n_features": 1089,
 "n_classes": 7,
 "n_train": 14283,
 "n_test": 7203,
 "transformer_params": 75168,
 "total_params": 212463,
 "config": {
  "heads": [
   "cell_type"
  ],
  "cohorts": null,
  "n_hvg": null,
  "n_channels": 1,
  "batch_size": 128,
  "val_frac": 0.15,
  "test_frac": 0.15,
  "d_model": 96,
  "n_heads": 4,
  "d_ff": 192,
  "dropout": 0.1,
  "n_markers": 128,
  "marker_mode": "router",
  "pathway_pool": "mean",
  "compress_mode": "aggregate",
  "recursive_marker_refine": true,
  "peak_init": true,
  "anneal_markers": true,
  "recursion_depth": 4,
  "share_weights": true,
  "share_strategy": "cycle",
  "n_unique_blocks": null,
  "step_cache": false,
  "adaptive_depth": false,
  "marker_ffn": false,
  "recursion_mode": "expert",
  "router_capacity": null,
  "router_alpha": 1.0,
  "router_temp": 1.0,
  "router_type": "linear",
  "router_z_coeff": 0.001,
  "router_balance_coeff": 0.1,
  "gene_interaction": "none",
  "interaction_knn": 16,
  "router_prior_beta": 1.0,
  "router_prior_anneal": true,
  "pathway_attn_bias": false,
  "pathway_attn_lambda": 2.0,
  "lambda_marker": 0.1,
  "gamma_diversity": 0.05,
  "beta_compression": 0.01,
  "lr": 0.001,
  "weight_decay": 1e-05,
  "epochs": 150,
  "patience": 15,
  "seed": 1,
  "device": "cuda"
 },
 "heads": {
  "cell_type": {
   "accuracy": 0.6580591420241566,
   "macro_f1": 0.4731015488698513,
   "weighted_f1": 0.685358647255035,
   "per_class": {
    "0": {
     "precision": 0.26515151515151514,
     "recall": 0.42857142857142855,
     "f1-score": 0.32761310452418096,
     "support": 245.0
    },
    "1": {
     "precision": 0.4766483516483517,
     "recall": 0.6414048059149723,
     "f1-score": 0.5468873128447597,
     "support": 541.0
    },
    "2": {
     "precision": 0.9191295002686728,
     "recall": 0.7482502187226596,
     "f1-score": 0.8249336870026526,
     "support": 4572.0
    },
    "3": {
     "precision": 0.2590448625180897,
     "recall": 0.5559006211180124,
     "f1-score": 0.35340572556762095,
     "support": 322.0
    },
    "4": {
     "precision": 0.3776932826362484,
     "recall": 0.45565749235474007,
     "f1-score": 0.41302841302841303,
     "support": 654.0
    },
    "5": {
     "precision": 0.6299559471365639,
     "recall": 0.4965277777777778,
     "f1-score": 0.5553398058252427,
     "support": 576.0
    },
    "6": {
     "precision": 0.2458628841607565,
     "recall": 0.35494880546075086,
     "f1-score": 0.2905027932960894,
     "support": 293.0
    },
    "accuracy": 0.6580591420241566,
    "macro avg": {
     "precision": 0.45335519193145685,
     "recall": 0.5258944499886202,
     "f1-score": 0.4731015488698513,
     "support": 7203.0
    },
    "weighted avg": {
     "precision": 0.7344724778379766,
     "recall": 0.6580591420241566,
     "f1-score": 0.685358647255035,
     "support": 7203.0
    }
   }
  }
 }
}