{
 "dataset": "spleen",
 "n_samples": 94129,
 "n_features": 1089,
 "n_classes": 28,
 "n_train": 56006,
 "n_test": 28239,
 "transformer_params": 75168,
 "total_params": 194937,
 "config": {
  "heads": [
   "cell_type"
  ],
  "cohorts": null,
  "n_hvg": null,
  "n_channels": 1,
  "batch_size": 128,
  "val_frac": 0.15,
  "test_frac": 0.15,
  "d_model": 96,
  "n_heads": 4,
  "d_ff": 192,
  "dropout": 0.1,
  "n_markers": 128,
  "marker_mode": "random",
  "pathway_pool": "mean",
  "compress_mode": "aggregate",
  "recursive_marker_refine": true,
  "peak_init": true,
  "anneal_markers": true,
  "recursion_depth": 4,
  "share_weights": true,
  "share_strategy": "cycle",
  "n_unique_blocks": null,
  "step_cache": false,
  "adaptive_depth": false,
  "marker_ffn": false,
  "recursion_mode": "expert",
  "router_capacity": null,
  "router_alpha": 1.0,
  "router_temp": 1.0,
  "router_type": "linear",
  "router_z_coeff": 0.001,
  "router_balance_coeff": 0.1,
  "gene_interaction": "none",
  "interaction_knn": 16,
  "router_prior_beta": 1.0,
  "router_prior_anneal": true,
  "pathway_attn_bias": false,
  "pathway_attn_lambda": 2.0,
  "lambda_marker": 0.1,
  "gamma_diversity": 0.05,
  "beta_compression": 0.01,
  "lr": 0.001,
  "weight_decay": 1e-05,
  "epochs": 150,
  "patience": 15,
  "seed": 0,
  "device": "cuda"
 },
 "heads": {
  "cell_type": {
   "accuracy": 0.6080951875066397,
   "macro_f1": 0.5260571407269398,
   "weighted_f1": 0.6181564190058794,
   "per_class": {
    "0": {
     "precision": 0.7021276595744681,
     "recall": 0.7557251908396947,
     "f1-score": 0.7279411764705882,
     "support": 131.0
    },
    "1": {
     "precision": 0.2468847352024922,
     "recall": 0.4788519637462236,
     "f1-score": 0.32579650565262075,
     "support": 662.0
    },
    "2": {
     "precision": 0.8021021021021021,
     "recall": 0.5466639377814163,
     "f1-score": 0.6501947419668939,
     "support": 4886.0
    },
    "3": {
     "precision": 0.7229877857813968,
     "recall": 0.8312927619733526,
     "f1-score": 0.7733668341708543,
     "support": 5554.0
    },
    "4": {
     "precision": 0.8888888888888888,
     "recall": 0.6530612244897959,
     "f1-score": 0.7529411764705882,
     "support": 49.0
    },
    "5": {
     "precision": 0.40601503759398494,
     "recall": 0.75,
     "f1-score": 0.526829268292683,
     "support": 72.0
    },
    "6": {
     "precision": 0.7032967032967034,
     "recall": 0.7494145199063232,
     "f1-score": 0.7256235827664399,
     "support": 427.0
    },
    "7": {
     "precision": 0.14285714285714285,
     "recall": 0.09090909090909091,
     "f1-score": 0.1111111111111111,
     "support": 11.0
    },
    "8": {
     "precision": 0.4112903225806452,
     "recall": 0.6623376623376623,
     "f1-score": 0.5074626865671642,
     "support": 77.0
    },
    "9": {
     "precision": 0.10474308300395258,
     "recall": 0.31176470588235294,
     "f1-score": 0.15680473372781065,
     "support": 170.0
    },
    "10": {
     "precision": 0.429042904290429,
     "recall": 0.4180064308681672,
     "f1-score": 0.4234527687296417,
     "support": 311.0
    },
    "11": {
     "precision": 0.8584995251661919,
     "recall": 0.7773000859845228,
     "f1-score": 0.8158844765342961,
     "support": 1163.0
    },
    "12": {
     "precision": 0.7249495628782784,
     "recall": 0.5614583333333333,
     "f1-score": 0.6328147930730849,
     "support": 1920.0
    },
    "13": {
     "precision": 0.7932166301969366,
     "recall": 0.6481895395619133,
     "f1-score": 0.7134071340713407,
     "support": 2237.0
    },
    "14": {
     "precision": 0.44036697247706424,
     "recall": 0.5333333333333333,
     "f1-score": 0.4824120603015075,
     "support": 180.0
    },
    "15": {
     "precision": 0.676923076923077,
     "recall": 0.8962962962962963,
     "f1-score": 0.7713147410358566,
     "support": 540.0
    },
    "16": {
     "precision": 0.6567926455566905,
     "recall": 0.8619302949061662,
     "f1-score": 0.7455072463768115,
     "support": 746.0
    },
    "17": {
     "precision": 0.7981072555205048,
     "recall": 0.48098859315589354,
     "f1-score": 0.6002372479240806,
     "support": 526.0
    },
    "18": {
     "precision": 0.6875,
     "recall": 0.4583333333333333,
     "f1-score": 0.55,
     "support": 24.0
    },
    "19": {
     "precision": 0.6921985815602837,
     "recall": 0.4404332129963899,
     "f1-score": 0.5383342526199669,
     "support": 3324.0
    },
    "20": {
     "precision": 0.3319672131147541,
     "recall": 0.4933008526187576,
     "f1-score": 0.3968642822146007,
     "support": 821.0
    },
    "21": {
     "precision": 0.3386880856760375,
     "recall": 0.5232678386763185,
     "f1-score": 0.411214953271028,
     "support": 967.0
    },
    "22": {
     "precision": 0.25386996904024767,
     "recall": 0.2706270627062706,
     "f1-score": 0.26198083067092653,
     "support": 303.0
    },
    "23": {
     "precision": 0.24069148936170212,
     "recall": 0.5801282051282052,
     "f1-score": 0.34022556390977443,
     "support": 312.0
    },
    "24": {
     "precision": 0.6529516994633273,
     "recall": 0.4925775978407557,
     "f1-score": 0.5615384615384615,
     "support": 741.0
    },
    "25": {
     "precision": 0.5020661157024794,
     "recall": 0.32335329341317365,
     "f1-score": 0.3933630109267503,
     "support": 1503.0
    },
    "26": {
     "precision": 0.27564604541895066,
     "recall": 0.7242798353909465,
     "f1-score": 0.39931934203062963,
     "support": 486.0
    },
    "27": {
     "precision": 0.3145539906103286,
     "recall": 0.6979166666666666,
     "f1-score": 0.4336569579288026,
     "support": 96.0
    },
    "accuracy": 0.6080951875066397,
    "macro avg": {
     "precision": 0.5285437579942521,
     "recall": 0.5718479237170128,
     "f1-score": 0.5260571407269398,
     "support": 28239.0
    },
    "weighted avg": {
     "precision": 0.6635831234445433,
     "recall": 0.6080951875066397,
     "f1-score": 0.6181564190058794,
     "support": 28239.0
    }
   }
  }
 }
}