{
 "dataset": "tcell",
 "n_samples": 24007,
 "n_features": 1089,
 "n_classes": 7,
 "n_train": 14283,
 "n_test": 7203,
 "transformer_params": 75168,
 "total_params": 190863,
 "config": {
  "heads": [
   "cell_type"
  ],
  "cohorts": null,
  "n_hvg": null,
  "n_channels": 1,
  "batch_size": 128,
  "val_frac": 0.15,
  "test_frac": 0.15,
  "d_model": 96,
  "n_heads": 4,
  "d_ff": 192,
  "dropout": 0.1,
  "n_markers": 128,
  "marker_mode": "random",
  "pathway_pool": "mean",
  "compress_mode": "aggregate",
  "recursive_marker_refine": true,
  "peak_init": true,
  "anneal_markers": true,
  "recursion_depth": 4,
  "share_weights": true,
  "share_strategy": "cycle",
  "n_unique_blocks": null,
  "step_cache": false,
  "adaptive_depth": false,
  "marker_ffn": false,
  "recursion_mode": "expert",
  "router_capacity": null,
  "router_alpha": 1.0,
  "router_temp": 1.0,
  "router_type": "linear",
  "router_z_coeff": 0.001,
  "router_balance_coeff": 0.1,
  "gene_interaction": "none",
  "interaction_knn": 16,
  "router_prior_beta": 1.0,
  "router_prior_anneal": true,
  "pathway_attn_bias": false,
  "pathway_attn_lambda": 2.0,
  "lambda_marker": 0.1,
  "gamma_diversity": 0.05,
  "beta_compression": 0.01,
  "lr": 0.001,
  "weight_decay": 1e-05,
  "epochs": 150,
  "patience": 15,
  "seed": 0,
  "device": "cuda"
 },
 "heads": {
  "cell_type": {
   "accuracy": 0.6541718728307649,
   "macro_f1": 0.5787110730025663,
   "weighted_f1": 0.6991982474139274,
   "per_class": {
    "0": {
     "precision": 0.7278911564625851,
     "recall": 0.8734693877551021,
     "f1-score": 0.7940630797773655,
     "support": 245.0
    },
    "1": {
     "precision": 0.6737864077669903,
     "recall": 0.6414048059149723,
     "f1-score": 0.6571969696969697,
     "support": 541.0
    },
    "2": {
     "precision": 0.9245683126325356,
     "recall": 0.6675415573053368,
     "f1-score": 0.7753080147339007,
     "support": 4572.0
    },
    "3": {
     "precision": 0.10096930533117932,
     "recall": 0.38819875776397517,
     "f1-score": 0.16025641025641027,
     "support": 322.0
    },
    "4": {
     "precision": 0.4933008526187576,
     "recall": 0.6192660550458715,
     "f1-score": 0.5491525423728814,
     "support": 654.0
    },
    "5": {
     "precision": 0.7004909983633388,
     "recall": 0.7430555555555556,
     "f1-score": 0.7211457455770851,
     "support": 576.0
    },
    "6": {
     "precision": 0.3333333333333333,
     "recall": 0.4812286689419795,
     "f1-score": 0.39385474860335196,
     "support": 293.0
    },
    "accuracy": 0.6541718728307649,
    "macro avg": {
     "precision": 0.5649057666441029,
     "recall": 0.6305949697546848,
     "f1-score": 0.5787110730025663,
     "support": 7203.0
    },
    "weighted avg": {
     "precision": 0.7810993281888775,
     "recall": 0.6541718728307649,
     "f1-score": 0.6991982474139274,
     "support": 7203.0
    }
   }
  }
 }
}