{
 "task": "blca",
 "arm": "fixed_k3",
 "pos_class": 1,
 "n_folds": 10,
 "pos_f1": [
  0.7839722253262873,
  0.020603764424500407
 ],
 "pos_precision": [
  0.6730892543180831,
  0.009902097355255943
 ],
 "pos_recall": [
  0.9396969696969697,
  0.047028600695815485
 ],
 "maj_f1": [
  0.7839722253262873,
  0.020603764424500407
 ],
 "macro_f1": [
  0.4329426645629004,
  0.022531555495167385
 ],
 "accuracy": [
  0.6509567901234569,
  0.02631195919669962
 ]
}