{
 "dataset": "panmeta_response",
 "method": "NearestCentroid",
 "n_folds": 5,
 "seed": 42,
 "n_features": 3000,
 "n_classes": 2,
 "n_samples": 8586,
 "cv_macro_f1": {
  "mean": 90.35438588677317,
  "std": 1.1021887812862718,
  "folds": [
   91.17412076903591,
   90.17136493497708,
   91.07609149546663,
   91.07609149546663,
   88.27426073891962
  ]
 }
}