{
 "dataset": "panmeta_response",
 "method": "Random Forest",
 "n_folds": 5,
 "seed": 42,
 "n_features": 3000,
 "n_classes": 2,
 "n_samples": 8586,
 "cv_macro_f1": {
  "mean": 98.04613706505059,
  "std": 0.5729767945878284,
  "folds": [
   98.53083284161556,
   97.73506753904601,
   97.33909836192602,
   98.89061904361928,
   97.73506753904601
  ]
 }
}