{
 "dataset": "pan_meta_pri",
 "method": "Linear (ANOVA->PCA->LogReg)",
 "n_folds": 5,
 "seed": 42,
 "n_features": 3000,
 "n_classes": 2,
 "n_samples": 8893,
 "cv_macro_f1": {
  "mean": 58.52830257188411,
  "std": 0.651154447611932,
  "folds": [
   58.55360743652871,
   57.77440686182415,
   58.51821556519543,
   58.09823945168409,
   59.69704354418823
  ]
 }
}