{
 "dataset": "pan_meta_pri",
 "method": "NearestCentroid",
 "n_folds": 5,
 "seed": 42,
 "n_features": 3000,
 "n_classes": 2,
 "n_samples": 8893,
 "cv_macro_f1": {
  "mean": 55.85556619798491,
  "std": 1.4803385418266712,
  "folds": [
   53.0403971183359,
   57.13227817971308,
   56.10158874779341,
   55.99873281097602,
   57.00483413310615
  ]
 }
}