{
 "dataset": "pan_meta_pri",
 "method": "Random Forest",
 "n_folds": 5,
 "seed": 42,
 "n_features": 3000,
 "n_classes": 2,
 "n_samples": 8893,
 "cv_macro_f1": {
  "mean": 63.76311642647389,
  "std": 3.290766608812161,
  "folds": [
   65.29055051676862,
   64.1984020574099,
   57.316041369382106,
   66.04829238950896,
   65.96229579929988
  ]
 }
}