{
 "dataset": "blca",
 "method": "NearestCentroid",
 "n_folds": 5,
 "seed": 42,
 "n_features": 3000,
 "n_classes": 2,
 "n_samples": 404,
 "cv_macro_f1": {
  "mean": 51.503554394536806,
  "std": 4.818170866948341,
  "folds": [
   45.35232383808096,
   51.031894934333955,
   55.00000000000001,
   47.54856614246068,
   58.584987057808455
  ]
 }
}