{
 "dataset": "blca",
 "method": "Random Forest",
 "n_folds": 5,
 "seed": 42,
 "n_features": 3000,
 "n_classes": 2,
 "n_samples": 404,
 "cv_macro_f1": {
  "mean": 53.00009369586851,
  "std": 3.0830605260414856,
  "folds": [
   50.92827828805942,
   52.77777777777778,
   49.23076923076923,
   53.730309849402815,
   58.333333333333336
  ]
 }
}