{
 "task": "panmeta_response",
 "arm": "token_k4",
 "pos_class": 1,
 "n_folds": 10,
 "pos_f1": [
  0.8719341434206467,
  0.030172770917216953
 ],
 "pos_precision": [
  0.8604483202371093,
  0.06918884163808925
 ],
 "pos_recall": [
  0.8921042617960426,
  0.06112089870177381
 ],
 "maj_f1": [
  0.994216516057486,
  0.001588570341910564
 ],
 "macro_f1": [
  0.9330753297390663,
  0.01585206878967973
 ],
 "accuracy": [
  0.988935340154573,
  0.003015461712096037
 ]
}