{
 "dataset": "Lung",
 "mode": "learned",
 "K": 4,
 "seed": 2,
 "n_markers": 1024,
 "test_macro_f1": 78.47465449810433,
 "test_accuracy": 86.26213024669707,
 "n_features": 1089,
 "n_classes": 25,
 "n_samples": 57020,
 "learned_lambda": 0.446685254573822
}