{
 "dataset": "Xin",
 "mode": "route_random",
 "K": 4,
 "seed": 2,
 "test_macro_f1": 75.80590247374859,
 "test_accuracy": 92.41071428571429,
 "n_features": 2000,
 "n_classes": 4,
 "n_samples": 1492
}