{
 "dataset": "Xin",
 "mode": "smooth_random",
 "K": 4,
 "seed": 2,
 "test_macro_f1": 66.15325600195105,
 "test_accuracy": 91.29464285714286,
 "n_features": 2000,
 "n_classes": 4,
 "n_samples": 1492
}