{
 "task": "panmeta_response",
 "arm": "token_k2",
 "pos_class": 1,
 "n_folds": 10,
 "pos_f1": [
  0.8786668156200023,
  0.026890581154056598
 ],
 "pos_precision": [
  0.8734822963013368,
  0.05742695755663288
 ],
 "pos_recall": [
  0.8905060882800611,
  0.05683951156762629
 ],
 "maj_f1": [
  0.9945844646965896,
  0.001357415159371235
 ],
 "macro_f1": [
  0.9366256401582959,
  0.01408238708530033
 ],
 "accuracy": [
  0.9896342335733266,
  0.002576006000955922
 ]
}