{
 "task": "panmeta_response",
 "arm": "fixed_k2",
 "pos_class": 1,
 "n_folds": 10,
 "pos_f1": [
  0.8860324265404712,
  0.04584489726776063
 ],
 "pos_precision": [
  0.8731498477152997,
  0.07646346312690135
 ],
 "pos_recall": [
  0.9044330289193301,
  0.049037549963828864
 ],
 "maj_f1": [
  0.9948244073633103,
  0.002326545371714814
 ],
 "macro_f1": [
  0.9404284169518908,
  0.024077996188110084
 ],
 "accuracy": [
  0.9900999252154211,
  0.004428223403042812
 ]
}