{
 "dataset": "prostate",
 "K": 12,
 "seed": 0,
 "val_macro_f1": 59.83336692871062,
 "test_macro_f1": 60.59017666472529,
 "test_accuracy": 60.591133004926114
}