{
 "dataset": "prostate",
 "K": 16,
 "seed": 0,
 "val_macro_f1": 76.54347361674856,
 "test_macro_f1": 78.73454850199036,
 "test_accuracy": 80.29556650246306
}