{
 "dataset": "prostate",
 "K": 2,
 "seed": 0,
 "val_macro_f1": 80.24727700912571,
 "test_macro_f1": 81.58877507469057,
 "test_accuracy": 83.2512315270936
}