{
 "dataset": "prostate",
 "K": 32,
 "seed": 0,
 "val_macro_f1": 54.890756302521005,
 "test_macro_f1": 56.640776699029125,
 "test_accuracy": 56.65024630541872
}