{
 "dataset": "prostate",
 "K": 3,
 "seed": 0,
 "val_macro_f1": 74.80595314391512,
 "test_macro_f1": 77.56329520627169,
 "test_accuracy": 78.81773399014779
}