{
 "dataset": "prostate",
 "K": 48,
 "seed": 0,
 "val_macro_f1": 54.54853349590192,
 "test_macro_f1": 60.24285154719937,
 "test_accuracy": 60.591133004926114
}