{
 "dataset": "prostate",
 "K": 48,
 "seed": 1,
 "val_macro_f1": 45.47600978160047,
 "test_macro_f1": 46.38206388206388,
 "test_accuracy": 57.635467980295566
}