{
 "dataset": "prostate",
 "K": 64,
 "seed": 0,
 "val_macro_f1": 53.12436804853387,
 "test_macro_f1": 58.498831775700936,
 "test_accuracy": 58.620689655172406
}