{
 "dataset": "prostate",
 "K": 6,
 "seed": 0,
 "val_macro_f1": 60.21739130434782,
 "test_macro_f1": 60.71981424148607,
 "test_accuracy": 70.44334975369459
}