{
 "dataset": "oesophagus",
 "n_samples": 87947,
 "n_features": 1089,
 "n_classes": 18,
 "n_train": 52327,
 "n_test": 26385,
 "transformer_params": 75168,
 "total_params": 192997,
 "config": {
  "heads": [
   "cell_type"
  ],
  "cohorts": null,
  "n_hvg": null,
  "n_channels": 1,
  "batch_size": 128,
  "val_frac": 0.15,
  "test_frac": 0.15,
  "d_model": 96,
  "n_heads": 4,
  "d_ff": 192,
  "dropout": 0.1,
  "n_markers": 128,
  "marker_mode": "random",
  "pathway_pool": "mean",
  "compress_mode": "aggregate",
  "recursive_marker_refine": true,
  "peak_init": true,
  "anneal_markers": true,
  "recursion_depth": 4,
  "share_weights": true,
  "share_strategy": "cycle",
  "n_unique_blocks": null,
  "step_cache": false,
  "adaptive_depth": false,
  "marker_ffn": false,
  "recursion_mode": "expert",
  "router_capacity": null,
  "router_alpha": 1.0,
  "router_temp": 1.0,
  "router_type": "linear",
  "router_z_coeff": 0.001,
  "router_balance_coeff": 0.1,
  "gene_interaction": "none",
  "interaction_knn": 16,
  "router_prior_beta": 1.0,
  "router_prior_anneal": true,
  "pathway_attn_bias": false,
  "pathway_attn_lambda": 2.0,
  "lambda_marker": 0.1,
  "gamma_diversity": 0.05,
  "beta_compression": 0.01,
  "lr": 0.001,
  "weight_decay": 1e-05,
  "epochs": 150,
  "patience": 15,
  "seed": 2,
  "device": "cuda"
 },
 "heads": {
  "cell_type": {
   "accuracy": 0.8175857494788705,
   "macro_f1": 0.606061818119562,
   "weighted_f1": 0.8234734415672914,
   "per_class": {
    "0": {
     "precision": 0.25517241379310346,
     "recall": 0.26618705035971224,
     "f1-score": 0.2605633802816901,
     "support": 139.0
    },
    "1": {
     "precision": 0.4389438943894389,
     "recall": 0.5732758620689655,
     "f1-score": 0.497196261682243,
     "support": 232.0
    },
    "2": {
     "precision": 0.8432203389830508,
     "recall": 0.8864142538975501,
     "f1-score": 0.8642779587404995,
     "support": 449.0
    },
    "3": {
     "precision": 0.4666666666666667,
     "recall": 0.6237623762376238,
     "f1-score": 0.5338983050847458,
     "support": 101.0
    },
    "4": {
     "precision": 0.584,
     "recall": 0.6460176991150443,
     "f1-score": 0.6134453781512605,
     "support": 226.0
    },
    "5": {
     "precision": 0.729608938547486,
     "recall": 0.80098129408157,
     "f1-score": 0.7636310480923841,
     "support": 3261.0
    },
    "6": {
     "precision": 0.9648713763892127,
     "recall": 0.8199590515817977,
     "f1-score": 0.8865324193087689,
     "support": 15141.0
    },
    "7": {
     "precision": 0.6785056564062089,
     "recall": 0.8596666666666667,
     "f1-score": 0.7584178797235701,
     "support": 3000.0
    },
    "8": {
     "precision": 0.7240997229916898,
     "recall": 0.9522768670309654,
     "f1-score": 0.8226593233674272,
     "support": 2745.0
    },
    "9": {
     "precision": 0.7592592592592593,
     "recall": 0.7735849056603774,
     "f1-score": 0.7663551401869159,
     "support": 53.0
    },
    "10": {
     "precision": 1.0,
     "recall": 0.6875,
     "f1-score": 0.8148148148148148,
     "support": 16.0
    },
    "11": {
     "precision": 0.6363636363636364,
     "recall": 0.21875,
     "f1-score": 0.32558139534883723,
     "support": 32.0
    },
    "12": {
     "precision": 0.4225352112676056,
     "recall": 0.8823529411764706,
     "f1-score": 0.5714285714285714,
     "support": 34.0
    },
    "13": {
     "precision": 0.6777777777777778,
     "recall": 0.61,
     "f1-score": 0.6421052631578947,
     "support": 100.0
    },
    "14": {
     "precision": 0.12,
     "recall": 0.15,
     "f1-score": 0.13333333333333333,
     "support": 60.0
    },
    "15": {
     "precision": 0.8092105263157895,
     "recall": 0.8092105263157895,
     "f1-score": 0.8092105263157895,
     "support": 152.0
    },
    "16": {
     "precision": 0.3620689655172414,
     "recall": 0.4666666666666667,
     "f1-score": 0.4077669902912621,
     "support": 405.0
    },
    "17": {
     "precision": 0.4406779661016949,
     "recall": 0.4351464435146444,
     "f1-score": 0.4378947368421053,
     "support": 239.0
    },
    "accuracy": 0.8175857494788705,
    "macro avg": {
     "precision": 0.6062767972649924,
     "recall": 0.6367640335763247,
     "f1-score": 0.606061818119562,
     "support": 26385.0
    },
    "weighted avg": {
     "precision": 0.8431866021941858,
     "recall": 0.8175857494788705,
     "f1-score": 0.8234734415672914,
     "support": 26385.0
    }
   }
  }
 }
}