{
 "dataset": "tcell",
 "n_samples": 24007,
 "n_features": 1089,
 "n_classes": 7,
 "n_train": 14283,
 "n_test": 7203,
 "transformer_params": 75168,
 "total_params": 190863,
 "config": {
  "heads": [
   "cell_type"
  ],
  "cohorts": null,
  "n_hvg": null,
  "n_channels": 1,
  "batch_size": 128,
  "val_frac": 0.15,
  "test_frac": 0.15,
  "d_model": 96,
  "n_heads": 4,
  "d_ff": 192,
  "dropout": 0.1,
  "n_markers": 128,
  "marker_mode": "random",
  "pathway_pool": "mean",
  "compress_mode": "aggregate",
  "recursive_marker_refine": true,
  "peak_init": true,
  "anneal_markers": true,
  "recursion_depth": 4,
  "share_weights": true,
  "share_strategy": "cycle",
  "n_unique_blocks": null,
  "step_cache": false,
  "adaptive_depth": false,
  "marker_ffn": false,
  "recursion_mode": "expert",
  "router_capacity": null,
  "router_alpha": 1.0,
  "router_temp": 1.0,
  "router_type": "linear",
  "router_z_coeff": 0.001,
  "router_balance_coeff": 0.1,
  "gene_interaction": "none",
  "interaction_knn": 16,
  "router_prior_beta": 1.0,
  "router_prior_anneal": true,
  "pathway_attn_bias": false,
  "pathway_attn_lambda": 2.0,
  "lambda_marker": 0.1,
  "gamma_diversity": 0.05,
  "beta_compression": 0.01,
  "lr": 0.001,
  "weight_decay": 1e-05,
  "epochs": 150,
  "patience": 15,
  "seed": 2,
  "device": "cuda"
 },
 "heads": {
  "cell_type": {
   "accuracy": 0.6025267249757046,
   "macro_f1": 0.4760700638827059,
   "weighted_f1": 0.6531338327445274,
   "per_class": {
    "0": {
     "precision": 0.23828125,
     "recall": 0.49795918367346936,
     "f1-score": 0.32232496697490093,
     "support": 245.0
    },
    "1": {
     "precision": 0.6027164685908319,
     "recall": 0.6561922365988909,
     "f1-score": 0.6283185840707964,
     "support": 541.0
    },
    "2": {
     "precision": 0.93488824101069,
     "recall": 0.631233595800525,
     "f1-score": 0.7536231884057971,
     "support": 4572.0
    },
    "3": {
     "precision": 0.12276785714285714,
     "recall": 0.3416149068322981,
     "f1-score": 0.180623973727422,
     "support": 322.0
    },
    "4": {
     "precision": 0.5566600397614314,
     "recall": 0.42813455657492355,
     "f1-score": 0.4840103716508211,
     "support": 654.0
    },
    "5": {
     "precision": 0.6359060402684564,
     "recall": 0.6579861111111112,
     "f1-score": 0.6467576791808873,
     "support": 576.0
    },
    "6": {
     "precision": 0.20392156862745098,
     "recall": 0.7098976109215017,
     "f1-score": 0.31683168316831684,
     "support": 293.0
    },
    "accuracy": 0.6025267249757046,
    "macro avg": {
     "precision": 0.4707344950573883,
     "recall": 0.5604311716446742,
     "f1-score": 0.4760700638827059,
     "support": 7203.0
    },
    "weighted avg": {
     "precision": 0.7619568747001202,
     "recall": 0.6025267249757046,
     "f1-score": 0.6531338327445274,
     "support": 7203.0
    }
   }
  }
 }
}