{
 "dataset": "Xin",
 "mode": "learned",
 "K": 2,
 "seed": 2,
 "n_markers": 128,
 "test_macro_f1": 69.70983658110761,
 "test_accuracy": 90.625,
 "val_macro_f1": 76.21379089075718,
 "n_features": 2000,
 "n_classes": 4,
 "n_samples": 1492,
 "learned_lambda": 0.21318776905536652,
 "bio_anchor_have": false
}