{
 "dataset": "Xin",
 "mode": "learned",
 "K": 2,
 "seed": 1,
 "n_markers": 128,
 "test_macro_f1": 66.1612415066868,
 "test_accuracy": 86.83035714285714,
 "val_macro_f1": 71.63183355121268,
 "n_features": 2000,
 "n_classes": 4,
 "n_samples": 1492,
 "learned_lambda": 0.20596924424171448,
 "bio_anchor_have": false
}