{
 "task": "blca",
 "arm": "biomor",
 "pos_class": 1,
 "n_folds": 10,
 "pos_f1": [
  0.6844315799404822,
  0.2392300681783161
 ],
 "pos_precision": [
  0.6179151892194572,
  0.20707497109447068
 ],
 "pos_recall": [
  0.7903030303030303,
  0.305516801950154
 ],
 "maj_f1": [
  0.6844315799404822,
  0.2392300681783161
 ],
 "macro_f1": [
  0.4418886544496131,
  0.07912679870491367
 ],
 "accuracy": [
  0.6113734567901236,
  0.10641078459137031
 ]
}