{
 "family": "pnet",
 "cohort": "blca",
 "task": "response",
 "mode": "learned",
 "K": 3,
 "n_features": 3000,
 "n_classes": 2,
 "n_samples": 404,
 "n_folds": 5,
 "seed": 42,
 "val_frac": 0.1,
 "cv_macro_f1": {
  "mean": 42.70712072884542,
  "std": 5.566420346176691,
  "folds": [
   33.20839580209895,
   44.242803504380475,
   47.21804511278195,
   40.1885310290652,
   48.67782819590049
  ]
 },
 "cv_accuracy": {
  "mean": 46.78703703703703,
  "std": 3.320052417763713,
  "folds": [
   45.67901234567901,
   45.67901234567901,
   51.85185185185185,
   41.9753086419753,
   48.75
  ]
 }
}