{
 "dataset": "Spleen",
 "mode": "learned",
 "K": 4,
 "seed": 1,
 "n_markers": 1024,
 "test_macro_f1": 64.35212041668701,
 "test_accuracy": 73.49410389886327,
 "n_features": 1089,
 "n_classes": 28,
 "n_samples": 94129,
 "learned_lambda": 0.5040115118026733
}