{
 "dataset": "Spleen",
 "mode": "learned",
 "K": 4,
 "seed": 2,
 "n_markers": 1024,
 "test_macro_f1": 59.39526890051808,
 "test_accuracy": 69.51379298133786,
 "n_features": 1089,
 "n_classes": 28,
 "n_samples": 94129,
 "learned_lambda": 0.5923433899879456
}