{
 "family": "pnet",
 "cohort": "blca",
 "task": "response",
 "mode": "learned",
 "K": 4,
 "n_features": 3000,
 "n_classes": 2,
 "n_samples": 404,
 "n_folds": 5,
 "seed": 42,
 "val_frac": 0.1,
 "cv_macro_f1": {
  "mean": 47.14151106665128,
  "std": 4.328631534876748,
  "folds": [
   39.280359820089956,
   47.05882352941176,
   49.21081081081081,
   52.352941176470594,
   47.804619996473285
  ]
 },
 "cv_accuracy": {
  "mean": 54.94753086419753,
  "std": 4.997366323597845,
  "folds": [
   50.617283950617285,
   50.617283950617285,
   64.19753086419753,
   55.55555555555556,
   53.75
  ]
 },
 "cv_pos_f1": {
  "mean": 78.49385138339349,
  "std": 3.826259493226325,
  "folds": [
   70.96774193548387,
   79.1044776119403,
   81.203007518797,
   80.59701492537313,
   80.59701492537313
  ]
 }
}