{
 "family": "pnet",
 "cohort": "stad",
 "task": "response",
 "mode": "learned",
 "K": 3,
 "n_features": 3000,
 "n_classes": 2,
 "n_samples": 414,
 "n_folds": 5,
 "seed": 42,
 "val_frac": 0.1,
 "cv_macro_f1": {
  "mean": 52.63082747375495,
  "std": 4.260585114830429,
  "folds": [
   48.16450875856816,
   55.18750912009338,
   47.79874213836478,
   52.984749455337685,
   59.01862789641073
  ]
 },
 "cv_accuracy": {
  "mean": 54.119894210990296,
  "std": 3.2375884017208776,
  "folds": [
   50.602409638554214,
   55.42168674698795,
   51.80722891566265,
   53.01204819277109,
   59.756097560975604
  ]
 },
 "cv_pos_f1": {
  "mean": 69.39439141195592,
  "std": 3.7118040712396114,
  "folds": [
   68.90756302521008,
   71.31782945736434,
   62.38532110091744,
   71.7948717948718,
   72.56637168141593
  ]
 }
}