{
 "family": "pnet",
 "cohort": "stad",
 "task": "response",
 "mode": "curated",
 "K": 4,
 "n_features": 3000,
 "n_classes": 2,
 "n_samples": 414,
 "n_folds": 5,
 "seed": 42,
 "val_frac": 0.1,
 "cv_macro_f1": {
  "mean": 49.175899263585684,
  "std": 2.3874553222674906,
  "folds": [
   44.99922946524888,
   50.573710965867825,
   50.487414520587805,
   51.685049019607845,
   48.134092346616065
  ]
 },
 "cv_accuracy": {
  "mean": 50.96679400528945,
  "std": 1.9280870887029136,
  "folds": [
   48.19277108433735,
   50.602409638554214,
   50.602409638554214,
   54.21686746987952,
   51.21951219512195
  ]
 }
}