{
 "family": "pnet",
 "cohort": "stad",
 "task": "response",
 "mode": "learned_bio",
 "K": 4,
 "n_features": 3000,
 "n_classes": 2,
 "n_samples": 414,
 "n_folds": 5,
 "seed": 42,
 "val_frac": 0.1,
 "cv_macro_f1": {
  "mean": 51.38074958973105,
  "std": 4.3303927811646075,
  "folds": [
   51.461988304093566,
   48.798701298701296,
   47.79874213836478,
   49.1421568627451,
   59.70215934475056
  ]
 },
 "cv_accuracy": {
  "mean": 53.878930355568606,
  "std": 3.083217034912254,
  "folds": [
   51.80722891566265,
   54.21686746987952,
   51.80722891566265,
   51.80722891566265,
   59.756097560975604
  ]
 }
}