{
 "family": "pnet",
 "cohort": "stad",
 "task": "response",
 "mode": "none",
 "K": 4,
 "n_features": 3000,
 "n_classes": 2,
 "n_samples": 414,
 "n_folds": 5,
 "seed": 42,
 "val_frac": 0.1,
 "cv_macro_f1": {
  "mean": 49.94322156288244,
  "std": 3.317502677531645,
  "folds": [
   51.74418604651163,
   50.180072028811516,
   43.99460188933874,
   53.983842863931564,
   49.81340498581878
  ]
 },
 "cv_accuracy": {
  "mean": 52.65060240963855,
  "std": 2.683259933893985,
  "folds": [
   51.80722891566265,
   51.80722891566265,
   51.80722891566265,
   57.831325301204814,
   50.0
  ]
 }
}