{
 "family": "pnet",
 "cohort": "prostate",
 "task": "response",
 "mode": "learned",
 "K": 4,
 "n_features": 3000,
 "n_classes": 2,
 "n_samples": 1011,
 "n_folds": 5,
 "seed": 42,
 "val_frac": 0.1,
 "cv_macro_f1": {
  "mean": 65.26680924985692,
  "std": 4.525984288553267,
  "folds": [
   56.390977443609025,
   66.43917899956547,
   68.52292298860002,
   68.43284682293971,
   66.54811999457037
  ]
 },
 "cv_accuracy": {
  "mean": 68.75188996732186,
  "std": 4.535490353583646,
  "folds": [
   60.591133004926114,
   67.82178217821783,
   71.78217821782178,
   73.76237623762376,
   69.80198019801979
  ]
 }
}