{
 "task": "blca",
 "arm": "vanilla",
 "pos_class": 1,
 "n_folds": 10,
 "pos_f1": [
  0.6061846590917014,
  0.1857875654742034
 ],
 "pos_precision": [
  0.6707057929270197,
  0.03250308609352552
 ],
 "pos_recall": [
  0.6194612794612795,
  0.2439920682615597
 ],
 "maj_f1": [
  0.6061846590917014,
  0.1857875654742034
 ],
 "macro_f1": [
  0.4413943273537749,
  0.056898415752487885
 ],
 "accuracy": [
  0.5298765432098766,
  0.08306599206809226
 ]
}