{
 "dataset": "Baron",
 "mode": "learned",
 "K": 2,
 "seed": 0,
 "n_markers": 128,
 "test_macro_f1": 77.99051428145194,
 "test_accuracy": 95.37145079735512,
 "val_macro_f1": 93.14973422262895,
 "n_features": 2000,
 "n_classes": 13,
 "n_samples": 8569,
 "learned_lambda": 0.3093035817146301,
 "bio_anchor_have": false
}