{
 "dataset": "Baron",
 "mode": "learned",
 "K": 2,
 "seed": 6,
 "n_markers": 128,
 "test_macro_f1": 84.39289702377273,
 "test_accuracy": 96.11046285492026,
 "val_macro_f1": 86.88988674452973,
 "n_features": 2000,
 "n_classes": 13,
 "n_samples": 8569,
 "learned_lambda": 0.3453251123428345,
 "bio_anchor_have": false
}