{
 "dataset": "Baron",
 "mode": "learned",
 "K": 2,
 "seed": 1,
 "n_markers": 128,
 "test_macro_f1": 77.09279840247312,
 "test_accuracy": 95.72150914041228,
 "val_macro_f1": 86.87932045025431,
 "n_features": 2000,
 "n_classes": 13,
 "n_samples": 8569,
 "learned_lambda": 0.32638731598854065,
 "bio_anchor_have": false
}