{
 "dataset": "Baron",
 "mode": "learned",
 "K": 2,
 "seed": 5,
 "n_markers": 128,
 "test_macro_f1": 90.90351726971566,
 "test_accuracy": 97.19953325554259,
 "val_macro_f1": 86.27280862094493,
 "n_features": 2000,
 "n_classes": 13,
 "n_samples": 8569,
 "learned_lambda": 0.28089439868927,
 "bio_anchor_have": false
}