{
 "dataset": "baron",
 "n_samples": 8569,
 "n_features": 1936,
 "n_classes": 14,
 "n_train": 5098,
 "n_test": 2571,
 "transformer_params": 74880,
 "total_params": 294845,
 "config": {
  "heads": [
   "cell_type"
  ],
  "cohorts": null,
  "n_hvg": null,
  "n_channels": 1,
  "batch_size": 128,
  "val_frac": 0.15,
  "test_frac": 0.15,
  "d_model": 96,
  "n_heads": 4,
  "d_ff": 192,
  "dropout": 0.1,
  "n_markers": 128,
  "marker_mode": "router",
  "pathway_pool": "mean",
  "compress_mode": "aggregate",
  "recursive_marker_refine": true,
  "peak_init": true,
  "anneal_markers": true,
  "recursion_depth": 1,
  "share_weights": true,
  "share_strategy": "cycle",
  "n_unique_blocks": null,
  "step_cache": false,
  "adaptive_depth": false,
  "marker_ffn": false,
  "recursion_mode": "expert",
  "router_capacity": null,
  "router_alpha": 1.0,
  "router_temp": 1.0,
  "router_type": "linear",
  "router_z_coeff": 0.001,
  "router_balance_coeff": 0.1,
  "gene_interaction": "none",
  "interaction_knn": 16,
  "router_prior_beta": 1.0,
  "router_prior_anneal": true,
  "pathway_attn_bias": false,
  "pathway_attn_lambda": 2.0,
  "lambda_marker": 0.1,
  "gamma_diversity": 0.05,
  "beta_compression": 0.01,
  "lr": 0.001,
  "weight_decay": 1e-05,
  "epochs": 150,
  "patience": 15,
  "seed": 1,
  "device": "cuda"
 },
 "heads": {
  "cell_type": {
   "accuracy": 0.8280824581874757,
   "macro_f1": 0.5985683849780427,
   "weighted_f1": 0.8333480816854049,
   "per_class": {
    "0": {
     "precision": 0.9719298245614035,
     "recall": 0.9651567944250871,
     "f1-score": 0.9685314685314685,
     "support": 287.0
    },
    "1": {
     "precision": 0.8202247191011236,
     "recall": 0.8588235294117647,
     "f1-score": 0.8390804597701149,
     "support": 85.0
    },
    "2": {
     "precision": 0.8602620087336245,
     "recall": 0.8467048710601719,
     "f1-score": 0.8534296028880867,
     "support": 698.0
    },
    "3": {
     "precision": 0.8770370370370371,
     "recall": 0.7810026385224275,
     "f1-score": 0.8262386601535241,
     "support": 758.0
    },
    "4": {
     "precision": 0.600896860986547,
     "recall": 0.7444444444444445,
     "f1-score": 0.6650124069478908,
     "support": 180.0
    },
    "5": {
     "precision": 0.9492063492063492,
     "recall": 0.9256965944272446,
     "f1-score": 0.9373040752351097,
     "support": 323.0
    },
    "6": {
     "precision": 0.8095238095238095,
     "recall": 0.8947368421052632,
     "f1-score": 0.85,
     "support": 76.0
    },
    "7": {
     "precision": 0.0,
     "recall": 0.0,
     "f1-score": 0.0,
     "support": 5.0
    },
    "8": {
     "precision": 0.3208955223880597,
     "recall": 0.5584415584415584,
     "f1-score": 0.4075829383886256,
     "support": 77.0
    },
    "9": {
     "precision": 0.75,
     "recall": 0.35294117647058826,
     "f1-score": 0.48,
     "support": 17.0
    },
    "10": {
     "precision": 0.3333333333333333,
     "recall": 0.42857142857142855,
     "f1-score": 0.375,
     "support": 7.0
    },
    "11": {
     "precision": 0.75,
     "recall": 0.8076923076923077,
     "f1-score": 0.7777777777777778,
     "support": 52.0
    },
    "12": {
     "precision": 1.0,
     "recall": 0.25,
     "f1-score": 0.4,
     "support": 4.0
    },
    "13": {
     "precision": 0.0,
     "recall": 0.0,
     "f1-score": 0.0,
     "support": 2.0
    },
    "accuracy": 0.8280824581874757,
    "macro avg": {
     "precision": 0.6459506760622349,
     "recall": 0.6010151561123062,
     "f1-score": 0.5985683849780427,
     "support": 2571.0
    },
    "weighted avg": {
     "precision": 0.8451929602470305,
     "recall": 0.8280824581874757,
     "f1-score": 0.8333480816854049,
     "support": 2571.0
    }
   }
  }
 }
}