{
 "dataset": "lung",
 "n_samples": 57020,
 "n_features": 1089,
 "n_classes": 25,
 "n_train": 33926,
 "n_test": 17106,
 "transformer_params": 74880,
 "total_params": 215667,
 "config": {
  "heads": [
   "cell_type"
  ],
  "cohorts": null,
  "n_hvg": null,
  "n_channels": 1,
  "batch_size": 128,
  "val_frac": 0.15,
  "test_frac": 0.15,
  "d_model": 96,
  "n_heads": 4,
  "d_ff": 192,
  "dropout": 0.1,
  "n_markers": 128,
  "marker_mode": "router",
  "pathway_pool": "mean",
  "compress_mode": "aggregate",
  "recursive_marker_refine": true,
  "peak_init": true,
  "anneal_markers": true,
  "recursion_depth": 1,
  "share_weights": true,
  "share_strategy": "cycle",
  "n_unique_blocks": null,
  "step_cache": false,
  "adaptive_depth": false,
  "marker_ffn": false,
  "recursion_mode": "expert",
  "router_capacity": null,
  "router_alpha": 1.0,
  "router_temp": 1.0,
  "router_type": "linear",
  "router_z_coeff": 0.001,
  "router_balance_coeff": 0.1,
  "gene_interaction": "none",
  "interaction_knn": 16,
  "router_prior_beta": 1.0,
  "router_prior_anneal": true,
  "pathway_attn_bias": false,
  "pathway_attn_lambda": 2.0,
  "lambda_marker": 0.1,
  "gamma_diversity": 0.05,
  "beta_compression": 0.01,
  "lr": 0.001,
  "weight_decay": 1e-05,
  "epochs": 150,
  "patience": 15,
  "seed": 1,
  "device": "cuda"
 },
 "heads": {
  "cell_type": {
   "accuracy": 0.8001870688647258,
   "macro_f1": 0.6903783031074346,
   "weighted_f1": 0.8065333100420874,
   "per_class": {
    "0": {
     "precision": 0.47384615384615386,
     "recall": 0.6724890829694323,
     "f1-score": 0.555956678700361,
     "support": 229.0
    },
    "1": {
     "precision": 0.9672131147540983,
     "recall": 0.925160370634355,
     "f1-score": 0.945719489981785,
     "support": 1403.0
    },
    "2": {
     "precision": 0.926829268292683,
     "recall": 0.8989247311827957,
     "f1-score": 0.9126637554585153,
     "support": 465.0
    },
    "3": {
     "precision": 0.8971583220568335,
     "recall": 0.8205445544554455,
     "f1-score": 0.8571428571428571,
     "support": 808.0
    },
    "4": {
     "precision": 0.7919463087248322,
     "recall": 0.8428571428571429,
     "f1-score": 0.8166089965397924,
     "support": 140.0
    },
    "5": {
     "precision": 0.4430379746835443,
     "recall": 0.7142857142857143,
     "f1-score": 0.546875,
     "support": 49.0
    },
    "6": {
     "precision": 0.6477462437395659,
     "recall": 0.8049792531120332,
     "f1-score": 0.7178538390379279,
     "support": 482.0
    },
    "7": {
     "precision": 0.5833333333333334,
     "recall": 0.5753424657534246,
     "f1-score": 0.5793103448275863,
     "support": 73.0
    },
    "8": {
     "precision": 0.5306122448979592,
     "recall": 0.7027027027027027,
     "f1-score": 0.6046511627906976,
     "support": 37.0
    },
    "9": {
     "precision": 0.34782608695652173,
     "recall": 0.5714285714285714,
     "f1-score": 0.43243243243243246,
     "support": 14.0
    },
    "10": {
     "precision": 0.9247148288973384,
     "recall": 0.8767123287671232,
     "f1-score": 0.9000740192450037,
     "support": 1387.0
    },
    "11": {
     "precision": 0.512987012987013,
     "recall": 0.7821782178217822,
     "f1-score": 0.6196078431372549,
     "support": 101.0
    },
    "12": {
     "precision": 0.6,
     "recall": 0.8571428571428571,
     "f1-score": 0.7058823529411765,
     "support": 28.0
    },
    "13": {
     "precision": 0.5801749271137027,
     "recall": 0.708185053380783,
     "f1-score": 0.6378205128205128,
     "support": 281.0
    },
    "14": {
     "precision": 0.9347258485639687,
     "recall": 0.793205317577548,
     "f1-score": 0.8581701957650819,
     "support": 1354.0
    },
    "15": {
     "precision": 0.959731543624161,
     "recall": 0.9828178694158075,
     "f1-score": 0.9711375212224108,
     "support": 873.0
    },
    "16": {
     "precision": 0.8847689674843126,
     "recall": 0.8521978021978022,
     "f1-score": 0.8681780016792612,
     "support": 1820.0
    },
    "17": {
     "precision": 0.5681159420289855,
     "recall": 0.7777777777777778,
     "f1-score": 0.6566164154103853,
     "support": 252.0
    },
    "18": {
     "precision": 0.8980866848887153,
     "recall": 0.736,
     "f1-score": 0.809004572634541,
     "support": 3125.0
    },
    "19": {
     "precision": 0.2736842105263158,
     "recall": 0.6666666666666666,
     "f1-score": 0.3880597014925373,
     "support": 39.0
    },
    "20": {
     "precision": 0.6017699115044248,
     "recall": 0.7906976744186046,
     "f1-score": 0.6834170854271356,
     "support": 86.0
    },
    "21": {
     "precision": 0.7323232323232324,
     "recall": 0.8044382801664355,
     "f1-score": 0.7666886979510905,
     "support": 2163.0
    },
    "22": {
     "precision": 0.5971184631803629,
     "recall": 0.6479444122756225,
     "f1-score": 0.6214940294362677,
     "support": 1727.0
    },
    "23": {
     "precision": 0.47368421052631576,
     "recall": 0.34615384615384615,
     "f1-score": 0.4,
     "support": 26.0
    },
    "24": {
     "precision": 0.31983805668016196,
     "recall": 0.5486111111111112,
     "f1-score": 0.4040920716112532,
     "support": 144.0
    },
    "accuracy": 0.8001870688647258,
    "macro avg": {
     "precision": 0.6588509156645814,
     "recall": 0.7479777521702153,
     "f1-score": 0.6903783031074346,
     "support": 17106.0
    },
    "weighted avg": {
     "precision": 0.8211714233302989,
     "recall": 0.8001870688647258,
     "f1-score": 0.8065333100420874,
     "support": 17106.0
    }
   }
  }
 }
}