{
 "dataset": "tcell",
 "n_samples": 24007,
 "n_features": 1089,
 "n_classes": 7,
 "n_train": 14283,
 "n_test": 7203,
 "transformer_params": 74880,
 "total_params": 212175,
 "config": {
  "heads": [
   "cell_type"
  ],
  "cohorts": null,
  "n_hvg": null,
  "n_channels": 1,
  "batch_size": 128,
  "val_frac": 0.15,
  "test_frac": 0.15,
  "d_model": 96,
  "n_heads": 4,
  "d_ff": 192,
  "dropout": 0.1,
  "n_markers": 128,
  "marker_mode": "router",
  "pathway_pool": "mean",
  "compress_mode": "aggregate",
  "recursive_marker_refine": true,
  "peak_init": true,
  "anneal_markers": true,
  "recursion_depth": 1,
  "share_weights": true,
  "share_strategy": "cycle",
  "n_unique_blocks": null,
  "step_cache": false,
  "adaptive_depth": false,
  "marker_ffn": false,
  "recursion_mode": "expert",
  "router_capacity": null,
  "router_alpha": 1.0,
  "router_temp": 1.0,
  "router_type": "linear",
  "router_z_coeff": 0.001,
  "router_balance_coeff": 0.1,
  "gene_interaction": "none",
  "interaction_knn": 16,
  "router_prior_beta": 1.0,
  "router_prior_anneal": true,
  "pathway_attn_bias": false,
  "pathway_attn_lambda": 2.0,
  "lambda_marker": 0.1,
  "gamma_diversity": 0.05,
  "beta_compression": 0.01,
  "lr": 0.001,
  "weight_decay": 1e-05,
  "epochs": 150,
  "patience": 15,
  "seed": 1,
  "device": "cuda"
 },
 "heads": {
  "cell_type": {
   "accuracy": 0.6663890045814244,
   "macro_f1": 0.4763516719882336,
   "weighted_f1": 0.6942062107006143,
   "per_class": {
    "0": {
     "precision": 0.2388888888888889,
     "recall": 0.5265306122448979,
     "f1-score": 0.3286624203821656,
     "support": 245.0
    },
    "1": {
     "precision": 0.540268456375839,
     "recall": 0.5951940850277264,
     "f1-score": 0.5664028144239226,
     "support": 541.0
    },
    "2": {
     "precision": 0.9086734693877551,
     "recall": 0.7790901137357831,
     "f1-score": 0.8389072067828545,
     "support": 4572.0
    },
    "3": {
     "precision": 0.3114119922630561,
     "recall": 0.5,
     "f1-score": 0.3837902264600715,
     "support": 322.0
    },
    "4": {
     "precision": 0.5164835164835165,
     "recall": 0.2874617737003058,
     "f1-score": 0.3693516699410609,
     "support": 654.0
    },
    "5": {
     "precision": 0.7082294264339152,
     "recall": 0.4930555555555556,
     "f1-score": 0.5813715455475946,
     "support": 576.0
    },
    "6": {
     "precision": 0.17803468208092485,
     "recall": 0.5255972696245734,
     "f1-score": 0.2659758203799655,
     "support": 293.0
    },
    "accuracy": 0.6663890045814244,
    "macro avg": {
     "precision": 0.48599863313055647,
     "recall": 0.5295613442698347,
     "f1-score": 0.4763516719882336,
     "support": 7203.0
    },
    "weighted avg": {
     "precision": 0.7501634468252802,
     "recall": 0.6663890045814244,
     "f1-score": 0.6942062107006143,
     "support": 7203.0
    }
   }
  }
 }
}