{
 "dataset": "Tcell",
 "mode": "learned",
 "K": 3,
 "seed": 0,
 "n_markers": 128,
 "test_macro_f1": 67.00985004367442,
 "test_accuracy": 82.14632791892267,
 "val_macro_f1": 66.86468292479721,
 "n_features": 1089,
 "n_classes": 7,
 "n_samples": 24007,
 "learned_lambda": 0.34620076417922974,
 "bio_anchor_have": false
}