{
 "dataset": "Tcell",
 "mode": "learned",
 "K": 3,
 "seed": 2,
 "n_markers": 128,
 "test_macro_f1": 69.22624111855367,
 "test_accuracy": 83.27085936415382,
 "val_macro_f1": 69.99406482330211,
 "n_features": 1089,
 "n_classes": 7,
 "n_samples": 24007,
 "learned_lambda": 0.34825634956359863,
 "bio_anchor_have": false
}