{
 "family": "pnet",
 "cohort": "prostate",
 "task": "response",
 "mode": "learned",
 "K": 4,
 "n_features": 3000,
 "n_classes": 2,
 "n_samples": 1011,
 "n_folds": 5,
 "seed": 42,
 "val_frac": 0.1,
 "cv_macro_f1": {
  "mean": 66.84416709430994,
  "std": 2.670957432218364,
  "folds": [
   63.62290611608882,
   69.52275073453507,
   68.29409334985543,
   63.5972561330078,
   69.18382913806255
  ]
 },
 "cv_accuracy": {
  "mean": 70.23167341364679,
  "std": 2.352502754300611,
  "folds": [
   66.00985221674877,
   71.78217821782178,
   71.78217821782178,
   69.3069306930693,
   72.27722772277228
  ]
 }
}