{
 "dataset": "tabula_muris",
 "n_samples": 54865,
 "n_features": 1089,
 "n_classes": 55,
 "n_train": 32645,
 "n_test": 16458,
 "transformer_params": 75168,
 "total_params": 211023,
 "config": {
  "heads": [
   "cell_type"
  ],
  "cohorts": null,
  "n_hvg": null,
  "n_channels": 1,
  "batch_size": 128,
  "val_frac": 0.15,
  "test_frac": 0.15,
  "d_model": 96,
  "n_heads": 4,
  "d_ff": 192,
  "dropout": 0.1,
  "n_markers": 16,
  "marker_mode": "router",
  "pathway_pool": "mean",
  "compress_mode": "aggregate",
  "recursive_marker_refine": true,
  "peak_init": true,
  "anneal_markers": true,
  "recursion_depth": 4,
  "share_weights": true,
  "share_strategy": "cycle",
  "n_unique_blocks": null,
  "step_cache": false,
  "adaptive_depth": false,
  "marker_ffn": false,
  "recursion_mode": "expert",
  "router_capacity": null,
  "router_alpha": 1.0,
  "router_temp": 1.0,
  "router_type": "linear",
  "router_z_coeff": 0.001,
  "router_balance_coeff": 0.1,
  "gene_interaction": "none",
  "interaction_knn": 16,
  "router_prior_beta": 1.0,
  "router_prior_anneal": true,
  "pathway_attn_bias": false,
  "pathway_attn_lambda": 2.0,
  "lambda_marker": 0.1,
  "gamma_diversity": 0.05,
  "beta_compression": 0.01,
  "lr": 0.001,
  "weight_decay": 1e-05,
  "epochs": 80,
  "patience": 12,
  "seed": 2,
  "device": "cuda"
 },
 "heads": {
  "cell_type": {
   "accuracy": 0.5818446955887714,
   "macro_f1": 0.36887042657383873,
   "weighted_f1": 0.5985456469648294,
   "per_class": {
    "0": {
     "precision": 0.9246252676659529,
     "recall": 0.8677652733118971,
     "f1-score": 0.8952933858594236,
     "support": 2488.0
    },
    "1": {
     "precision": 0.046153846153846156,
     "recall": 0.23076923076923078,
     "f1-score": 0.07692307692307693,
     "support": 13.0
    },
    "2": {
     "precision": 0.3684210526315789,
     "recall": 0.35,
     "f1-score": 0.358974358974359,
     "support": 20.0
    },
    "3": {
     "precision": 0.3333333333333333,
     "recall": 0.6363636363636364,
     "f1-score": 0.4375,
     "support": 11.0
    },
    "4": {
     "precision": 0.826625386996904,
     "recall": 0.8072562358276644,
     "f1-score": 0.8168260038240918,
     "support": 1323.0
    },
    "5": {
     "precision": 0.1895734597156398,
     "recall": 0.38461538461538464,
     "f1-score": 0.25396825396825395,
     "support": 104.0
    },
    "6": {
     "precision": 0.559322033898305,
     "recall": 0.8389830508474576,
     "f1-score": 0.6711864406779661,
     "support": 118.0
    },
    "7": {
     "precision": 0.8281452658884566,
     "recall": 0.9623210248681235,
     "f1-score": 0.8902056465667479,
     "support": 1327.0
    },
    "8": {
     "precision": 0.3333333333333333,
     "recall": 0.3333333333333333,
     "f1-score": 0.3333333333333333,
     "support": 18.0
    },
    "9": {
     "precision": 0.3766478342749529,
     "recall": 0.554016620498615,
     "f1-score": 0.4484304932735426,
     "support": 361.0
    },
    "10": {
     "precision": 0.9085714285714286,
     "recall": 0.9085714285714286,
     "f1-score": 0.9085714285714286,
     "support": 350.0
    },
    "11": {
     "precision": 0.6432748538011696,
     "recall": 0.3216374269005848,
     "f1-score": 0.42884990253411304,
     "support": 342.0
    },
    "12": {
     "precision": 0.3333333333333333,
     "recall": 0.3888888888888889,
     "f1-score": 0.358974358974359,
     "support": 18.0
    },
    "13": {
     "precision": 0.3888888888888889,
     "recall": 0.9333333333333333,
     "f1-score": 0.5490196078431373,
     "support": 15.0
    },
    "14": {
     "precision": 0.096045197740113,
     "recall": 0.3541666666666667,
     "f1-score": 0.1511111111111111,
     "support": 48.0
    },
    "15": {
     "precision": 0.2,
     "recall": 0.23076923076923078,
     "f1-score": 0.21428571428571427,
     "support": 13.0
    },
    "16": {
     "precision": 0.046511627906976744,
     "recall": 0.5,
     "f1-score": 0.0851063829787234,
     "support": 8.0
    },
    "17": {
     "precision": 0.18309859154929578,
     "recall": 0.6842105263157895,
     "f1-score": 0.28888888888888886,
     "support": 19.0
    },
    "18": {
     "precision": 0.06493506493506493,
     "recall": 0.5263157894736842,
     "f1-score": 0.11560693641618497,
     "support": 19.0
    },
    "19": {
     "precision": 0.4375,
     "recall": 0.1559202813599062,
     "f1-score": 0.22990492653414002,
     "support": 853.0
    },
    "20": {
     "precision": 0.0,
     "recall": 0.0,
     "f1-score": 0.0,
     "support": 8.0
    },
    "21": {
     "precision": 0.3471698113207547,
     "recall": 0.3524904214559387,
     "f1-score": 0.34980988593155893,
     "support": 261.0
    },
    "22": {
     "precision": 0.19230769230769232,
     "recall": 0.43478260869565216,
     "f1-score": 0.26666666666666666,
     "support": 46.0
    },
    "23": {
     "precision": 0.10734463276836158,
     "recall": 0.27941176470588236,
     "f1-score": 0.15510204081632653,
     "support": 68.0
    },
    "24": {
     "precision": 0.4418604651162791,
     "recall": 0.6972477064220184,
     "f1-score": 0.5409252669039146,
     "support": 218.0
    },
    "25": {
     "precision": 0.5376344086021505,
     "recall": 0.8849557522123894,
     "f1-score": 0.6688963210702341,
     "support": 113.0
    },
    "26": {
     "precision": 0.4672131147540984,
     "recall": 0.4830508474576271,
     "f1-score": 0.475,
     "support": 118.0
    },
    "27": {
     "precision": 0.774390243902439,
     "recall": 0.48015122873345933,
     "f1-score": 0.5927654609101517,
     "support": 529.0
    },
    "28": {
     "precision": 0.04,
     "recall": 0.17647058823529413,
     "f1-score": 0.06521739130434782,
     "support": 34.0
    },
    "29": {
     "precision": 0.6626506024096386,
     "recall": 0.270935960591133,
     "f1-score": 0.38461538461538464,
     "support": 406.0
    },
    "30": {
     "precision": 0.9478260869565217,
     "recall": 0.7085590465872156,
     "f1-score": 0.8109113453192809,
     "support": 923.0
    },
    "31": {
     "precision": 0.12030075187969924,
     "recall": 0.5423728813559322,
     "f1-score": 0.19692307692307692,
     "support": 118.0
    },
    "32": {
     "precision": 0.07446808510638298,
     "recall": 0.5,
     "f1-score": 0.12962962962962962,
     "support": 14.0
    },
    "33": {
     "precision": 0.34810126582278483,
     "recall": 0.41353383458646614,
     "f1-score": 0.37800687285223367,
     "support": 133.0
    },
    "34": {
     "precision": 0.32432432432432434,
     "recall": 0.425531914893617,
     "f1-score": 0.36809815950920244,
     "support": 141.0
    },
    "35": {
     "precision": 0.7063953488372093,
     "recall": 0.6768802228412256,
     "f1-score": 0.6913229018492176,
     "support": 359.0
    },
    "36": {
     "precision": 0.5193798449612403,
     "recall": 0.8481012658227848,
     "f1-score": 0.6442307692307693,
     "support": 79.0
    },
    "37": {
     "precision": 0.2631578947368421,
     "recall": 0.05154639175257732,
     "f1-score": 0.08620689655172414,
     "support": 97.0
    },
    "38": {
     "precision": 0.8181818181818182,
     "recall": 0.391304347826087,
     "f1-score": 0.5294117647058824,
     "support": 138.0
    },
    "39": {
     "precision": 0.35,
     "recall": 0.4028776978417266,
     "f1-score": 0.3745819397993311,
     "support": 139.0
    },
    "40": {
     "precision": 0.3235294117647059,
     "recall": 0.08333333333333333,
     "f1-score": 0.13253012048192772,
     "support": 396.0
    },
    "41": {
     "precision": 0.019417475728155338,
     "recall": 0.2857142857142857,
     "f1-score": 0.03636363636363636,
     "support": 7.0
    },
    "42": {
     "precision": 0.1875,
     "recall": 0.4,
     "f1-score": 0.2553191489361702,
     "support": 15.0
    },
    "43": {
     "precision": 0.8935888962326504,
     "recall": 0.5743415463041631,
     "f1-score": 0.6992500646495992,
     "support": 2354.0
    },
    "44": {
     "precision": 0.19086021505376344,