{
 "dataset": "tcell",
 "n_samples": 24007,
 "n_features": 1089,
 "n_classes": 7,
 "n_train": 14283,
 "n_test": 7203,
 "transformer_params": 75168,
 "total_params": 201711,
 "config": {
  "heads": [
   "cell_type"
  ],
  "cohorts": null,
  "n_hvg": null,
  "n_channels": 1,
  "batch_size": 128,
  "val_frac": 0.15,
  "test_frac": 0.15,
  "d_model": 96,
  "n_heads": 4,
  "d_ff": 192,
  "dropout": 0.1,
  "n_markers": 16,
  "marker_mode": "router",
  "pathway_pool": "mean",
  "compress_mode": "aggregate",
  "recursive_marker_refine": true,
  "peak_init": true,
  "anneal_markers": true,
  "recursion_depth": 4,
  "share_weights": true,
  "share_strategy": "cycle",
  "n_unique_blocks": null,
  "step_cache": false,
  "adaptive_depth": false,
  "marker_ffn": false,
  "recursion_mode": "expert",
  "router_capacity": null,
  "router_alpha": 1.0,
  "router_temp": 1.0,
  "router_type": "linear",
  "router_z_coeff": 0.001,
  "router_balance_coeff": 0.1,
  "gene_interaction": "none",
  "interaction_knn": 16,
  "router_prior_beta": 1.0,
  "router_prior_anneal": true,
  "pathway_attn_bias": false,
  "pathway_attn_lambda": 2.0,
  "lambda_marker": 0.1,
  "gamma_diversity": 0.05,
  "beta_compression": 0.01,
  "lr": 0.001,
  "weight_decay": 1e-05,
  "epochs": 80,
  "patience": 12,
  "seed": 2,
  "device": "cuda"
 },
 "heads": {
  "cell_type": {
   "accuracy": 0.415104817437179,
   "macro_f1": 0.22911615002329935,
   "weighted_f1": 0.4659062411647777,
   "per_class": {
    "0": {
     "precision": 0.08953168044077135,
     "recall": 0.2653061224489796,
     "f1-score": 0.13388259526261587,
     "support": 245.0
    },
    "1": {
     "precision": 0.2116279069767442,
     "recall": 0.16820702402957485,
     "f1-score": 0.1874356333676622,
     "support": 541.0
    },
    "2": {
     "precision": 0.7740506329113924,
     "recall": 0.5349956255468067,
     "f1-score": 0.6326952922917745,
     "support": 4572.0
    },
    "3": {
     "precision": 0.0853548966756514,
     "recall": 0.2950310559006211,
     "f1-score": 0.13240418118466898,
     "support": 322.0
    },
    "4": {
     "precision": 0.16905901116427433,
     "recall": 0.1620795107033639,
     "f1-score": 0.16549570647931303,
     "support": 654.0
    },
    "5": {
     "precision": 0.2740740740740741,
     "recall": 0.2569444444444444,
     "f1-score": 0.26523297491039427,
     "support": 576.0
    },
    "6": {
     "precision": 0.0642504118616145,
     "recall": 0.13310580204778158,
     "f1-score": 0.08666666666666667,
     "support": 293.0
    },
    "accuracy": 0.415104817437179,
    "macro avg": {
     "precision": 0.2382783734435032,
     "recall": 0.2593813693030817,
     "f1-score": 0.22911615002329935,
     "support": 7203.0
    },
    "weighted avg": {
     "precision": 0.5539534028080535,
     "recall": 0.415104817437179,
     "f1-score": 0.4659062411647777,
     "support": 7203.0
    }
   }
  }
 }
}