{
 "family": "pnet",
 "cohort": "stad",
 "task": "response",
 "mode": "learned",
 "K": 4,
 "n_features": 3000,
 "n_classes": 2,
 "n_samples": 414,
 "n_folds": 5,
 "seed": 42,
 "val_frac": 0.1,
 "cv_macro_f1": {
  "mean": 55.33297482305888,
  "std": 2.413390537498483,
  "folds": [
   56.59644404601822,
   51.08560794044665,
   58.30378250591017,
   54.76506112829578,
   55.91397849462365
  ]
 },
 "cv_accuracy": {
  "mean": 57.00852189244783,
  "std": 1.8673305748242433,
  "folds": [
   57.831325301204814,
   54.21686746987952,
   59.036144578313255,
   55.42168674698795,
   58.536585365853654
  ]
 }
}