{
 "dataset": "stad",
 "K": 100,
 "seed": 1,
 "val_macro_f1": 35.51587301587301,
 "test_macro_f1": 30.252100840336134,
 "test_accuracy": 43.373493975903614
}