{
 "dataset": "stad",
 "K": 10,
 "seed": 1,
 "val_macro_f1": 42.85714285714286,
 "test_macro_f1": 53.243199742475454,
 "test_accuracy": 57.831325301204814
}