{
 "dataset": "stad",
 "K": 10,
 "seed": 0,
 "val_macro_f1": 55.35714285714286,
 "test_macro_f1": 53.888888888888886,
 "test_accuracy": 54.21686746987952
}