{
 "dataset": "stad",
 "K": 16,
 "seed": 1,
 "val_macro_f1": 35.064935064935064,
 "test_macro_f1": 35.65891472868217,
 "test_accuracy": 55.42168674698795
}