{
 "dataset": "stad",
 "K": 24,
 "seed": 0,
 "val_macro_f1": 57.57575757575757,
 "test_macro_f1": 58.98255813953488,
 "test_accuracy": 59.036144578313255
}