{
 "dataset": "stad",
 "K": 32,
 "seed": 0,
 "val_macro_f1": 35.064935064935064,
 "test_macro_f1": 35.15625,
 "test_accuracy": 54.21686746987952
}