{
 "dataset": "stad",
 "K": 32,
 "seed": 1,
 "val_macro_f1": 45.45454545454545,
 "test_macro_f1": 55.42168674698795,
 "test_accuracy": 55.42168674698795
}