{
 "dataset": "stad",
 "K": 3,
 "seed": 1,
 "val_macro_f1": 52.5101763907734,
 "test_macro_f1": 44.808184143222505,
 "test_accuracy": 53.01204819277109
}