{
 "dataset": "stad",
 "K": 40,
 "seed": 0,
 "val_macro_f1": 37.62993762993763,
 "test_macro_f1": 35.15625,
 "test_accuracy": 54.21686746987952
}