{
 "dataset": "stad",
 "K": 40,
 "seed": 1,
 "val_macro_f1": 53.535353535353536,
 "test_macro_f1": 51.636037651277455,
 "test_accuracy": 53.01204819277109
}