{
 "dataset": "stad",
 "K": 4,
 "seed": 0,
 "val_macro_f1": 46.236559139784944,
 "test_macro_f1": 53.339947089947096,
 "test_accuracy": 59.036144578313255
}