{
 "dataset": "baron",
 "config": "none",
 "seed": 1,
 "n_classes": 14,
 "n_test": 2571,
 "nll": 0.891125567006018,
 "ece": 0.020159097100485156,
 "brier": 0.4347849536037709,
 "conf": 0.6747223925878002,
 "auroc": 0.7838981876436041
}