{
 "dataset": "blca",
 "config": "none",
 "seed": 1,
 "n_classes": 2,
 "n_test": 81,
 "nll": 0.6856378943128433,
 "ece": 0.09798694866011004,
 "brier": 0.4924943925106353,
 "conf": 0.5192970019571739,
 "auroc": 0.4703225806451613
}