{
 "dataset": "common_class",
 "config": "none",
 "seed": 1,
 "n_classes": 19,
 "n_test": 8250,
 "nll": 0.6471626363046088,
 "ece": 0.04344816842931766,
 "brier": 0.27151008960638134,
 "conf": 0.8556257681318357,
 "auroc": 0.8633785703734126
}