{
 "dataset": "lung",
 "config": "none",
 "seed": 1,
 "n_classes": 25,
 "n_test": 17106,
 "nll": 0.6551182283063042,
 "ece": 0.03803177393494277,
 "brier": 0.3078968760802726,
 "conf": 0.8212657269338905,
 "auroc": 0.8267566340465571
}