{
 "dataset": "oesophagus",
 "config": "none",
 "seed": 1,
 "n_classes": 18,
 "n_test": 26385,
 "nll": 0.6211014564153164,
 "ece": 0.013359233768531476,
 "brier": 0.3036849155415816,
 "conf": 0.7793930997130066,
 "auroc": 0.8049584020984468
}