{
 "dataset": "pancreas",
 "config": "none",
 "seed": 1,
 "n_classes": 15,
 "n_test": 2127,
 "nll": 0.34134184521203037,
 "ece": 0.02877253603526028,
 "brier": 0.12953219995611667,
 "conf": 0.9233411842084043,
 "auroc": 0.7658185756072298
}