{
 "dataset": "panmeta_subtype",
 "config": "none",
 "seed": 1,
 "n_classes": 32,
 "n_test": 1718,
 "nll": 1.1858836256204377,
 "ece": 0.04831386886041302,
 "brier": 0.47074979018507745,
 "conf": 0.6177158562068551,
 "auroc": 0.816164302823766
}