{
 "dataset": "prototype",
 "config": "none",
 "seed": 1,
 "n_classes": 10,
 "n_test": 27174,
 "nll": 0.1848483714077047,
 "ece": 0.02724735798901031,
 "brier": 0.06847590784715828,
 "conf": 0.9855417491920436,
 "auroc": 0.9404626683502255
}