{
 "dataset": "segerstolpe",
 "config": "none",
 "seed": 1,
 "n_classes": 10,
 "n_test": 637,
 "nll": 2.2527983312489033,
 "ece": 0.011470226828123816,
 "brier": 0.89159008988613,
 "conf": 0.13910189986555604,
 "auroc": 0.5044881858068672
}