{
 "dataset": "spleen",
 "config": "none",
 "seed": 1,
 "n_classes": 28,
 "n_test": 28239,
 "nll": 1.3632353801148178,
 "ece": 0.02584029458215921,
 "brier": 0.5920438463477257,
 "conf": 0.5627508423628506,
 "auroc": 0.7392404659626144
}