{
 "dataset": "stad",
 "config": "none",
 "seed": 1,
 "n_classes": 2,
 "n_test": 83,
 "nll": 0.6852103867395045,
 "ece": 0.04673477014059478,
 "brier": 0.49200535465190715,
 "conf": 0.5630492329178741,
 "auroc": 0.43097238895558226
}