{
 "dataset": "tabula_muris",
 "config": "none",
 "seed": 1,
 "n_classes": 55,
 "n_test": 16458,
 "nll": 0.9980741346378891,
 "ece": 0.08247059019650807,
 "brier": 0.30102955285495747,
 "conf": 0.8911350694771011,
 "auroc": 0.8122855570577943
}