{
 "dataset": "tcell",
 "config": "none",
 "seed": 1,
 "n_classes": 7,
 "n_test": 7203,
 "nll": 0.9863526021266456,
 "ece": 0.01861956402398778,
 "brier": 0.47882935166035206,
 "conf": 0.6405738402184912,
 "auroc": 0.7655434542451757
}