{
 "dataset": "Xin",
 "mode": "learned",
 "K": 1,
 "seed": 0,
 "n_markers": 128,
 "test_macro_f1": 57.30990439748077,
 "test_accuracy": 78.125,
 "val_macro_f1": 65.43528663704531,
 "n_features": 2000,
 "n_classes": 4,
 "n_samples": 1492,
 "learned_lambda": 0.20781564712524414,
 "bio_anchor_have": false
}