{
 "dataset": "Xin",
 "mode": "learned",
 "K": 1,
 "seed": 1,
 "n_markers": 128,
 "test_macro_f1": 77.23112106032563,
 "test_accuracy": 89.95535714285714,
 "val_macro_f1": 81.20411056654085,
 "n_features": 2000,
 "n_classes": 4,
 "n_samples": 1492,
 "learned_lambda": 0.21519684791564941,
 "bio_anchor_have": false
}