{
 "task": "pan_meta_pri",
 "arm": "token_k3",
 "pos_class": 1,
 "n_folds": 10,
 "pos_f1": [
  0.5261863606838937,
  0.07945872969361664
 ],
 "pos_precision": [
  0.612077915030018,
  0.15558965068829694
 ],
 "pos_recall": [
  0.49277016742770163,
  0.10166994056274337
 ],
 "maj_f1": [
  0.9809276750755916,
  0.006150678810831968
 ],
 "macro_f1": [
  0.7535570178797426,
  0.041939406400738746
 ],
 "accuracy": [
  0.9633981882112966,
  0.011455612431314488
 ]
}