{
 "dataset": "Segerstolpe",
 "mode": "learned",
 "K": 4,
 "seed": 2,
 "n_markers": 128,
 "test_macro_f1": 80.26083096045102,
 "test_accuracy": 93.27073552425665,
 "val_macro_f1": 72.25244461494513,
 "n_features": 2000,
 "n_classes": 11,
 "n_samples": 2127,
 "learned_lambda": 0.22439320385456085,
 "bio_anchor_have": false
}