{
 "dataset": "Segerstolpe",
 "mode": "learned",
 "K": 4,
 "seed": 0,
 "n_markers": 128,
 "test_macro_f1": 62.0838173398961,
 "test_accuracy": 88.10641627543035,
 "val_macro_f1": 73.06395292963501,
 "n_features": 2000,
 "n_classes": 11,
 "n_samples": 2127,
 "learned_lambda": 0.2204078882932663,
 "bio_anchor_have": false
}