{
 "dataset": "Segerstolpe",
 "mode": "learned",
 "K": 4,
 "seed": 1,
 "n_markers": 128,
 "test_macro_f1": 62.028690509426674,
 "test_accuracy": 87.32394366197182,
 "val_macro_f1": 62.72976462370402,
 "n_features": 2000,
 "n_classes": 11,
 "n_samples": 2127,
 "learned_lambda": 0.22243589162826538,
 "bio_anchor_have": false
}