{
 "dataset": "baron",
 "config": "fixed",
 "seed": 0,
 "n_classes": 14,
 "n_test": 2571,
 "nll": 0.418175212159371,
 "ece": 0.050031948040746836,
 "brier": 0.1732348341548424,
 "conf": 0.9362347821825532,
 "auroc": 0.8718267530758242
}