{
 "dataset": "blca",
 "config": "fixed",
 "seed": 0,
 "n_classes": 2,
 "n_test": 81,
 "nll": 7.884889733908049,
 "ece": 0.31059952116765854,
 "brier": 0.6426028723428795,
 "conf": 0.977266187834325,
 "auroc": 0.5212620027434842
}