{
 "dataset": "common_class",
 "config": "fixed",
 "seed": 0,
 "n_classes": 19,
 "n_test": 8250,
 "nll": 0.6155327026723691,
 "ece": 0.017546774133516577,
 "brier": 0.2571437035073047,
 "conf": 0.8347491761127818,
 "auroc": 0.8721082392548909
}