{
 "dataset": "lung",
 "config": "fixed",
 "seed": 0,
 "n_classes": 25,
 "n_test": 17106,
 "nll": 0.6220450641388098,
 "ece": 0.06178095668988906,
 "brier": 0.2781845112610621,
 "conf": 0.8691506808894269,
 "auroc": 0.8424307951096859
}