{
 "dataset": "oesophagus",
 "config": "fixed",
 "seed": 0,
 "n_classes": 18,
 "n_test": 26385,
 "nll": 0.5856980789367983,
 "ece": 0.04587504934080801,
 "brier": 0.24022115754429632,
 "conf": 0.8870269018330327,
 "auroc": 0.7901357352092149
}