{
 "dataset": "pancreas",
 "config": "fixed",
 "seed": 0,
 "n_classes": 15,
 "n_test": 2127,
 "nll": 0.5512481411657315,
 "ece": 0.04190716250396048,
 "brier": 0.20861049650397062,
 "conf": 0.89711074712042,
 "auroc": 0.7567426541336688
}