{
 "dataset": "panmeta_subtype",
 "config": "fixed",
 "seed": 0,
 "n_classes": 32,
 "n_test": 1718,
 "nll": 0.7922096714253871,
 "ece": 0.023313858167365427,
 "brier": 0.33919992225787915,
 "conf": 0.7614556344431717,
 "auroc": 0.8399889584100111
}