{
 "dataset": "prostate",
 "config": "fixed",
 "seed": 0,
 "n_classes": 2,
 "n_test": 203,
 "nll": 6.812256885037123,
 "ece": 0.34223322159718644,
 "brier": 0.754792124495157,
 "conf": 0.916253654547327,
 "auroc": 0.40271108443377357
}