{
 "dataset": "prototype",
 "config": "fixed",
 "seed": 0,
 "n_classes": 10,
 "n_test": 27174,
 "nll": 0.2229982134158594,
 "ece": 0.03417551145235285,
 "brier": 0.0936738807154373,
 "conf": 0.9760343984722796,
 "auroc": 0.921932037206425
}