{
 "dataset": "segerstolpe",
 "config": "fixed",
 "seed": 0,
 "n_classes": 10,
 "n_test": 637,
 "nll": 2.093297063547754,
 "ece": 0.10913176946539527,
 "brier": 0.8585894481291361,
 "conf": 0.16973586098205767,
 "auroc": 0.6322723119098386
}