{
 "dataset": "spleen",
 "config": "fixed",
 "seed": 0,
 "n_classes": 28,
 "n_test": 28239,
 "nll": 1.2588326444740738,
 "ece": 0.01812137084681782,
 "brier": 0.553878796827327,
 "conf": 0.5794572326181168,
 "auroc": 0.7516756794255792
}