{
 "dataset": "stad",
 "config": "fixed",
 "seed": 0,
 "n_classes": 2,
 "n_test": 83,
 "nll": 0.6909339510635896,
 "ece": 0.11549868567400848,
 "brier": 0.4977401841055748,
 "conf": 0.5146351395476924,
 "auroc": 0.5236363636363637
}