{
 "dataset": "tabula_muris",
 "config": "fixed",
 "seed": 0,
 "n_classes": 55,
 "n_test": 16458,
 "nll": 1.0869913213274356,
 "ece": 0.09120985077566292,
 "brier": 0.23589712165852544,
 "conf": 0.9515209456839141,
 "auroc": 0.7861794622872078
}