{
 "dataset": "tcell",
 "config": "fixed",
 "seed": 0,
 "n_classes": 7,
 "n_test": 7203,
 "nll": 0.9805394710415294,
 "ece": 0.10738338443433502,
 "brier": 0.49951009953880293,
 "conf": 0.5656430452155924,
 "auroc": 0.7140387119799182
}