{
 "dataset": "baron",
 "config": "depth1",
 "seed": 1,
 "n_classes": 14,
 "n_test": 2571,
 "nll": 0.7377255380827744,
 "ece": 0.03076435717373656,
 "brier": 0.3597362217079856,
 "conf": 0.7703997960616167,
 "auroc": 0.8170881032591972
}