{
 "dataset": "blca",
 "config": "depth1",
 "seed": 1,
 "n_classes": 2,
 "n_test": 81,
 "nll": 15.985454461180243,
 "ece": 0.6645672927950571,
 "brier": 1.3341103661643077,
 "conf": 0.9855549471160445,
 "auroc": 0.4055944055944056
}