{
 "dataset": "common_class",
 "config": "depth1",
 "seed": 1,
 "n_classes": 19,
 "n_test": 8250,
 "nll": 0.6122081989195403,
 "ece": 0.013652438490828225,
 "brier": 0.2714650553671959,
 "conf": 0.8274728902480833,
 "auroc": 0.8445660182786536
}