{
 "dataset": "oesophagus",
 "config": "depth1",
 "seed": 1,
 "n_classes": 18,
 "n_test": 26385,
 "nll": 0.5905099916983714,
 "ece": 0.02569341287661662,
 "brier": 0.27976668424020196,
 "conf": 0.8288944760689109,
 "auroc": 0.8319134432747606
}