{
 "dataset": "pancreas",
 "config": "depth1",
 "seed": 1,
 "n_classes": 15,
 "n_test": 2127,
 "nll": 0.49350502581673333,
 "ece": 0.04084470672240278,
 "brier": 0.1349662053205354,
 "conf": 0.9288988251234099,
 "auroc": 0.582729329651787
}