{
 "dataset": "panmeta_subtype",
 "config": "depth1",
 "seed": 1,
 "n_classes": 32,
 "n_test": 1718,
 "nll": 1.2041313657724189,
 "ece": 0.03138609115011076,
 "brier": 0.4835581115548647,
 "conf": 0.6250322495420997,
 "auroc": 0.8079988796261489
}