{
 "dataset": "prostate",
 "config": "depth1",
 "seed": 1,
 "n_classes": 2,
 "n_test": 203,
 "nll": 6.823119076503044,
 "ece": 0.34507166993347704,
 "brier": 0.7643997998703179,
 "conf": 0.9262736355734335,
 "auroc": 0.376500600240096
}