{
 "dataset": "prototype",
 "config": "depth1",
 "seed": 1,
 "n_classes": 10,
 "n_test": 27174,
 "nll": 0.17433816385091824,
 "ece": 0.014876632872908104,
 "brier": 0.08344558406634978,
 "conf": 0.959492810101141,
 "auroc": 0.9252772939009255
}