{
 "dataset": "segerstolpe",
 "config": "depth1",
 "seed": 1,
 "n_classes": 10,
 "n_test": 637,
 "nll": 2.151364055488437,
 "ece": 0.13447404536393476,
 "brier": 0.8860398067811751,
 "conf": 0.2757613295083617,
 "auroc": 0.5258785293520211
}