{
 "dataset": "spleen",
 "config": "depth1",
 "seed": 1,
 "n_classes": 28,
 "n_test": 28239,
 "nll": 1.4347781412840237,
 "ece": 0.009203770538664682,
 "brier": 0.603354954305522,
 "conf": 0.5260957820450949,
 "auroc": 0.7637723591031687
}