{
 "dataset": "stad",
 "config": "depth1",
 "seed": 1,
 "n_classes": 2,
 "n_test": 83,
 "nll": 9.095657960008129,
 "ece": 0.45811913937724197,
 "brier": 0.9749472491952971,
 "conf": 0.909136570871306,
 "auroc": 0.5052325581395348
}