{
 "dataset": "tabula_muris",
 "config": "depth1",
 "seed": 1,
 "n_classes": 55,
 "n_test": 16458,
 "nll": 0.8700360315782061,
 "ece": 0.05326202505059101,
 "brier": 0.264233536198078,
 "conf": 0.8845902544830858,
 "auroc": 0.8204117760055809
}