{
 "dataset": "tcell",
 "config": "depth1",
 "seed": 1,
 "n_classes": 7,
 "n_test": 7203,
 "nll": 0.9454652196079191,
 "ece": 0.017285828960131283,
 "brier": 0.46816369091020116,
 "conf": 0.6690506512171753,
 "auroc": 0.7317747565981234
}