{
 "task": "pan_meta_pri",
 "arm": "vanilla",
 "pos_class": 1,
 "n_folds": 10,
 "pos_f1": [
  0.5583360471961198,
  0.0783290982006656
 ],
 "pos_precision": [
  0.590147059233862,
  0.11639341100149578
 ],
 "pos_recall": [
  0.5400494672754947,
  0.06752600463530295
 ],
 "maj_f1": [
  0.9815991847008716,
  0.004917159317661178
 ],
 "macro_f1": [
  0.7699676159484956,
  0.04137711728111031
 ],
 "accuracy": [
  0.9646917132828886,
  0.009265280868406944
 ]
}