{
 "dataset": "brca",
 "method": "Linear (ANOVA->PCA->LogReg)",
 "n_folds": 5,
 "seed": 42,
 "n_features": 3000,
 "n_classes": 5,
 "n_samples": 518,
 "cv_macro_f1": {
  "mean": 22.032176524239468,
  "std": 2.357869507713886,
  "folds": [
   18.390716960941685,
   20.967957057428038,
   21.625429553264603,
   24.8808440902134,
   24.295934959349594
  ]
 }
}