{
 "dataset": "brca",
 "method": "NearestCentroid",
 "n_folds": 5,
 "seed": 42,
 "n_features": 3000,
 "n_classes": 5,
 "n_samples": 518,
 "cv_macro_f1": {
  "mean": 23.34620879243289,
  "std": 1.8991058044141922,
  "folds": [
   23.48534417236707,
   20.4983164983165,
   22.686164229471316,
   23.653457653457654,
   26.40776140855192
  ]
 }
}