{
 "dataset": "brca",
 "method": "Random Forest",
 "n_folds": 5,
 "seed": 42,
 "n_features": 3000,
 "n_classes": 5,
 "n_samples": 518,
 "cv_macro_f1": {
  "mean": 23.565753091395045,
  "std": 3.8547500750575874,
  "folds": [
   29.015873015873016,
   17.231017614882287,
   24.955654101995567,
   22.21690590111643,
   24.40931482310793
  ]
 }
}