{
 "dataset": "Muraro",
 "method": "Random Forest",
 "seed": 2,
 "test_macro_f1": 86.33380554721867,
 "test_accuracy": 97.17425431711146,
 "n_features": 2000,
 "n_classes": 9,
 "n_samples": 2122
}