{
 "dataset": "Segerstolpe",
 "mode": "learned",
 "K": 4,
 "seed": 2,
 "n_markers": 1024,
 "test_macro_f1": 80.50150353756483,
 "test_accuracy": 89.98435054773083,
 "n_features": 2000,
 "n_classes": 11,
 "n_samples": 2127,
 "learned_lambda": 0.22010885179042816
}