{
 "dataset": "baron",
 "n_samples": 8569,
 "n_features": 1936,
 "n_classes": 14,
 "n_train": 5098,
 "n_test": 2571,
 "transformer_params": 299520,
 "total_params": 519485,
 "config": {
  "heads": [
   "cell_type"
  ],
  "cohorts": null,
  "n_hvg": null,
  "n_channels": 1,
  "batch_size": 128,
  "val_frac": 0.15,
  "test_frac": 0.15,
  "d_model": 96,
  "n_heads": 4,
  "d_ff": 192,
  "dropout": 0.1,
  "n_markers": 128,
  "marker_mode": "router",
  "pathway_pool": "mean",
  "compress_mode": "aggregate",
  "recursive_marker_refine": true,
  "peak_init": true,
  "anneal_markers": true,
  "recursion_depth": 4,
  "share_weights": false,
  "share_strategy": "cycle",
  "n_unique_blocks": null,
  "step_cache": false,
  "adaptive_depth": false,
  "marker_ffn": false,
  "recursion_mode": "expert",
  "router_capacity": null,
  "router_alpha": 1.0,
  "router_temp": 1.0,
  "router_type": "linear",
  "router_z_coeff": 0.001,
  "router_balance_coeff": 0.1,
  "gene_interaction": "none",
  "interaction_knn": 16,
  "router_prior_beta": 1.0,
  "router_prior_anneal": true,
  "pathway_attn_bias": false,
  "pathway_attn_lambda": 2.0,
  "lambda_marker": 0.1,
  "gamma_diversity": 0.05,
  "beta_compression": 0.01,
  "lr": 0.001,
  "weight_decay": 1e-05,
  "epochs": 150,
  "patience": 15,
  "seed": 2,
  "device": "cuda"
 },
 "heads": {
  "cell_type": {
   "accuracy": 0.853364449630494,
   "macro_f1": 0.6435234965310286,
   "weighted_f1": 0.860131478238271,
   "per_class": {
    "0": {
     "precision": 0.9322033898305084,
     "recall": 0.9581881533101045,
     "f1-score": 0.9450171821305842,
     "support": 287.0
    },
    "1": {
     "precision": 0.9102564102564102,
     "recall": 0.8352941176470589,
     "f1-score": 0.8711656441717791,
     "support": 85.0
    },
    "2": {
     "precision": 0.9810771470160117,
     "recall": 0.9656160458452722,
     "f1-score": 0.9732851985559566,
     "support": 698.0
    },
    "3": {
     "precision": 0.8984615384615384,
     "recall": 0.7704485488126649,
     "f1-score": 0.8295454545454546,
     "support": 758.0
    },
    "4": {
     "precision": 0.5707070707070707,
     "recall": 0.6277777777777778,
     "f1-score": 0.5978835978835979,
     "support": 180.0
    },
    "5": {
     "precision": 0.9355828220858896,
     "recall": 0.9442724458204335,
     "f1-score": 0.9399075500770416,
     "support": 323.0
    },
    "6": {
     "precision": 0.7317073170731707,
     "recall": 0.7894736842105263,
     "f1-score": 0.759493670886076,
     "support": 76.0
    },
    "7": {
     "precision": 0.16666666666666666,
     "recall": 0.2,
     "f1-score": 0.18181818181818182,
     "support": 5.0
    },
    "8": {
     "precision": 0.35542168674698793,
     "recall": 0.7662337662337663,
     "f1-score": 0.48559670781893005,
     "support": 77.0
    },
    "9": {
     "precision": 0.5833333333333334,
     "recall": 0.4117647058823529,
     "f1-score": 0.4827586206896552,
     "support": 17.0
    },
    "10": {
     "precision": 0.42857142857142855,
     "recall": 0.42857142857142855,
     "f1-score": 0.42857142857142855,
     "support": 7.0
    },
    "11": {
     "precision": 0.6666666666666666,
     "recall": 0.7692307692307693,
     "f1-score": 0.7142857142857143,
     "support": 52.0
    },
    "12": {
     "precision": 1.0,
     "recall": 0.25,
     "f1-score": 0.4,
     "support": 4.0
    },
    "13": {
     "precision": 0.3333333333333333,
     "recall": 0.5,
     "f1-score": 0.4,
     "support": 2.0
    },
    "accuracy": 0.853364449630494,
    "macro avg": {
     "precision": 0.678142057910644,
     "recall": 0.6583479602387253,
     "f1-score": 0.6435234965310286,
     "support": 2571.0
    },
    "weighted avg": {
     "precision": 0.8758152260192922,
     "recall": 0.853364449630494,
     "f1-score": 0.860131478238271,
     "support": 2571.0
    }
   }
  }
 }
}