{
 "dataset": "oesophagus",
 "n_samples": 87947,
 "n_features": 1089,
 "n_classes": 18,
 "n_train": 52327,
 "n_test": 26385,
 "transformer_params": 299520,
 "total_params": 438949,
 "config": {
  "heads": [
   "cell_type"
  ],
  "cohorts": null,
  "n_hvg": null,
  "n_channels": 1,
  "batch_size": 128,
  "val_frac": 0.15,
  "test_frac": 0.15,
  "d_model": 96,
  "n_heads": 4,
  "d_ff": 192,
  "dropout": 0.1,
  "n_markers": 128,
  "marker_mode": "router",
  "pathway_pool": "mean",
  "compress_mode": "aggregate",
  "recursive_marker_refine": true,
  "peak_init": true,
  "anneal_markers": true,
  "recursion_depth": 4,
  "share_weights": false,
  "share_strategy": "cycle",
  "n_unique_blocks": null,
  "step_cache": false,
  "adaptive_depth": false,
  "marker_ffn": false,
  "recursion_mode": "expert",
  "router_capacity": null,
  "router_alpha": 1.0,
  "router_temp": 1.0,
  "router_type": "linear",
  "router_z_coeff": 0.001,
  "router_balance_coeff": 0.1,
  "gene_interaction": "none",
  "interaction_knn": 16,
  "router_prior_beta": 1.0,
  "router_prior_anneal": true,
  "pathway_attn_bias": false,
  "pathway_attn_lambda": 2.0,
  "lambda_marker": 0.1,
  "gamma_diversity": 0.05,
  "beta_compression": 0.01,
  "lr": 0.001,
  "weight_decay": 1e-05,
  "epochs": 150,
  "patience": 15,
  "seed": 2,
  "device": "cuda"
 },
 "heads": {
  "cell_type": {
   "accuracy": 0.8145916240288043,
   "macro_f1": 0.5354279892511259,
   "weighted_f1": 0.8227038365447487,
   "per_class": {
    "0": {
     "precision": 0.25257731958762886,
     "recall": 0.35251798561151076,
     "f1-score": 0.29429429429429427,
     "support": 139.0
    },
    "1": {
     "precision": 0.36103151862464183,
     "recall": 0.5431034482758621,
     "f1-score": 0.43373493975903615,
     "support": 232.0
    },
    "2": {
     "precision": 0.7645502645502645,
     "recall": 0.643652561247216,
     "f1-score": 0.6989117291414753,
     "support": 449.0
    },
    "3": {
     "precision": 0.5483870967741935,
     "recall": 0.504950495049505,
     "f1-score": 0.5257731958762887,
     "support": 101.0
    },
    "4": {
     "precision": 0.43343653250773995,
     "recall": 0.6194690265486725,
     "f1-score": 0.5100182149362478,
     "support": 226.0
    },
    "5": {
     "precision": 0.5860683188211654,
     "recall": 0.8049678012879485,
     "f1-score": 0.6782945736434108,
     "support": 3261.0
    },
    "6": {
     "precision": 0.9449906028625127,
     "recall": 0.8634172115448121,
     "f1-score": 0.9023641069887834,
     "support": 15141.0
    },
    "7": {
     "precision": 0.8473469387755102,
     "recall": 0.692,
     "f1-score": 0.761834862385321,
     "support": 3000.0
    },
    "8": {
     "precision": 0.8687350835322196,
     "recall": 0.9282331511839709,
     "f1-score": 0.8974991194082423,
     "support": 2745.0
    },
    "9": {
     "precision": 0.7631578947368421,
     "recall": 0.5471698113207547,
     "f1-score": 0.6373626373626373,
     "support": 53.0
    },
    "10": {
     "precision": 0.8181818181818182,
     "recall": 0.5625,
     "f1-score": 0.6666666666666666,
     "support": 16.0
    },
    "11": {
     "precision": 0.23404255319148937,
     "recall": 0.6875,
     "f1-score": 0.3492063492063492,
     "support": 32.0
    },
    "12": {
     "precision": 0.5789473684210527,
     "recall": 0.3235294117647059,
     "f1-score": 0.41509433962264153,
     "support": 34.0
    },
    "13": {
     "precision": 0.28651685393258425,
     "recall": 0.51,
     "f1-score": 0.3669064748201439,
     "support": 100.0
    },
    "14": {
     "precision": 0.13793103448275862,
     "recall": 0.06666666666666667,
     "f1-score": 0.0898876404494382,
     "support": 60.0
    },
    "15": {
     "precision": 0.5490196078431373,
     "recall": 0.7368421052631579,
     "f1-score": 0.6292134831460674,
     "support": 152.0
    },
    "16": {
     "precision": 0.4135135135135135,
     "recall": 0.37777777777777777,
     "f1-score": 0.39483870967741935,
     "support": 405.0
    },
    "17": {
     "precision": 0.3056234718826406,
     "recall": 0.5230125523012552,
     "f1-score": 0.38580246913580246,
     "support": 239.0
    },
    "accuracy": 0.8145916240288043,
    "macro avg": {
     "precision": 0.5385587662345396,
     "recall": 0.5715172225468786,
     "f1-score": 0.5354279892511259,
     "support": 26385.0
    },
    "weighted avg": {
     "precision": 0.8415043345929475,
     "recall": 0.8145916240288043,
     "f1-score": 0.8227038365447487,
     "support": 26385.0
    }
   }
  }
 }
}