{
 "dataset": "tcell",
 "n_samples": 24007,
 "n_features": 1089,
 "n_classes": 7,
 "n_train": 14283,
 "n_test": 7203,
 "transformer_params": 299520,
 "total_params": 436815,
 "config": {
  "heads": [
   "cell_type"
  ],
  "cohorts": null,
  "n_hvg": null,
  "n_channels": 1,
  "batch_size": 128,
  "val_frac": 0.15,
  "test_frac": 0.15,
  "d_model": 96,
  "n_heads": 4,
  "d_ff": 192,
  "dropout": 0.1,
  "n_markers": 128,
  "marker_mode": "router",
  "pathway_pool": "mean",
  "compress_mode": "aggregate",
  "recursive_marker_refine": true,
  "peak_init": true,
  "anneal_markers": true,
  "recursion_depth": 4,
  "share_weights": false,
  "share_strategy": "cycle",
  "n_unique_blocks": null,
  "step_cache": false,
  "adaptive_depth": false,
  "marker_ffn": false,
  "recursion_mode": "expert",
  "router_capacity": null,
  "router_alpha": 1.0,
  "router_temp": 1.0,
  "router_type": "linear",
  "router_z_coeff": 0.001,
  "router_balance_coeff": 0.1,
  "gene_interaction": "none",
  "interaction_knn": 16,
  "router_prior_beta": 1.0,
  "router_prior_anneal": true,
  "pathway_attn_bias": false,
  "pathway_attn_lambda": 2.0,
  "lambda_marker": 0.1,
  "gamma_diversity": 0.05,
  "beta_compression": 0.01,
  "lr": 0.001,
  "weight_decay": 1e-05,
  "epochs": 150,
  "patience": 15,
  "seed": 2,
  "device": "cuda"
 },
 "heads": {
  "cell_type": {
   "accuracy": 0.6665278356240455,
   "macro_f1": 0.48822312811237534,
   "weighted_f1": 0.695029617185498,
   "per_class": {
    "0": {
     "precision": 0.25255474452554744,
     "recall": 0.7061224489795919,
     "f1-score": 0.3720430107526882,
     "support": 245.0
    },
    "1": {
     "precision": 0.5075987841945289,
     "recall": 0.6173752310536045,
     "f1-score": 0.5571309424520434,
     "support": 541.0
    },
    "2": {
     "precision": 0.930752453653217,
     "recall": 0.7467191601049868,
     "f1-score": 0.8286407766990291,
     "support": 4572.0
    },
    "3": {
     "precision": 0.26262626262626265,
     "recall": 0.40372670807453415,
     "f1-score": 0.3182374541003672,
     "support": 322.0
    },
    "4": {
     "precision": 0.3706214689265537,
     "recall": 0.5015290519877675,
     "f1-score": 0.4262508122157245,
     "support": 654.0
    },
    "5": {
     "precision": 0.6734279918864098,
     "recall": 0.5763888888888888,
     "f1-score": 0.6211412535079514,
     "support": 576.0
    },
    "6": {
     "precision": 0.28213166144200624,
     "recall": 0.30716723549488056,
     "f1-score": 0.29411764705882354,
     "support": 293.0
    },
    "accuracy": 0.6665278356240455,
    "macro avg": {
     "precision": 0.46853048103636075,
     "recall": 0.5512898177977507,
     "f1-score": 0.48822312811237534,
     "support": 7203.0
    },
    "weighted avg": {
     "precision": 0.7482157809431084,
     "recall": 0.6665278356240455,
     "f1-score": 0.695029617185498,
     "support": 7203.0
    }
   }
  }
 }
}