{
 "dataset": "Spleen",
 "mode": "learned",
 "K": 4,
 "seed": 1,
 "n_markers": 128,
 "test_macro_f1": 59.5203249927747,
 "test_accuracy": 68.99323630440172,
 "val_macro_f1": 57.61710810247703,
 "n_features": 1089,
 "n_classes": 28,
 "n_samples": 94129,
 "learned_lambda": 0.6353257894515991,
 "bio_anchor_have": false
}