{
 "dataset": "common_class",
 "n_samples": 27499,
 "n_features": 1089,
 "n_classes": 19,
 "n_train": 16361,
 "n_test": 8250,
 "transformer_params": 75168,
 "total_params": 214791,
 "config": {
  "heads": [
   "cell_type"
  ],
  "cohorts": null,
  "n_hvg": null,
  "n_channels": 1,
  "batch_size": 128,
  "val_frac": 0.15,
  "test_frac": 0.15,
  "d_model": 96,
  "n_heads": 4,
  "d_ff": 192,
  "dropout": 0.1,
  "n_markers": 128,
  "marker_mode": "router",
  "pathway_pool": "mean",
  "compress_mode": "aggregate",
  "recursive_marker_refine": true,
  "peak_init": true,
  "anneal_markers": true,
  "recursion_depth": 4,
  "share_weights": true,
  "share_strategy": "cycle",
  "n_unique_blocks": null,
  "step_cache": false,
  "adaptive_depth": false,
  "marker_ffn": false,
  "recursion_mode": "expert",
  "router_capacity": null,
  "router_alpha": 1.0,
  "router_temp": 1.0,
  "router_type": "linear",
  "router_z_coeff": 0.001,
  "router_balance_coeff": 0.1,
  "gene_interaction": "none",
  "interaction_knn": 16,
  "router_prior_beta": 1.0,
  "router_prior_anneal": true,
  "pathway_attn_bias": false,
  "pathway_attn_lambda": 2.0,
  "lambda_marker": 0.1,
  "gamma_diversity": 0.05,
  "beta_compression": 0.01,
  "lr": 0.001,
  "weight_decay": 1e-05,
  "epochs": 80,
  "patience": 12,
  "seed": 0,
  "device": "cuda"
 },
 "heads": {
  "cell_type": {
   "accuracy": 0.8487272727272728,
   "macro_f1": 0.7113002985234174,
   "weighted_f1": 0.8516865517724647,
   "per_class": {
    "0": {
     "precision": 0.3767123287671233,
     "recall": 0.7236842105263158,
     "f1-score": 0.4954954954954955,
     "support": 76.0
    },
    "1": {
     "precision": 0.6145833333333334,
     "recall": 0.7217125382262997,
     "f1-score": 0.6638537271448663,
     "support": 327.0
    },
    "2": {
     "precision": 0.5188284518828452,
     "recall": 0.5210084033613446,
     "f1-score": 0.519916142557652,
     "support": 238.0
    },
    "3": {
     "precision": 0.6858638743455497,
     "recall": 0.7844311377245509,
     "f1-score": 0.7318435754189944,
     "support": 167.0
    },
    "4": {
     "precision": 0.7383720930232558,
     "recall": 0.79375,
     "f1-score": 0.7650602409638554,
     "support": 160.0
    },
    "5": {
     "precision": 0.7959183673469388,
     "recall": 0.636734693877551,
     "f1-score": 0.7074829931972789,
     "support": 245.0
    },
    "6": {
     "precision": 0.535483870967742,
     "recall": 0.6974789915966386,
     "f1-score": 0.6058394160583942,
     "support": 119.0
    },
    "7": {
     "precision": 0.8901098901098901,
     "recall": 0.8450074515648286,
     "f1-score": 0.8669724770642202,
     "support": 671.0
    },
    "8": {
     "precision": 0.48214285714285715,
     "recall": 0.5625,
     "f1-score": 0.5192307692307693,
     "support": 144.0
    },
    "9": {
     "precision": 0.7942857142857143,
     "recall": 0.6747572815533981,
     "f1-score": 0.7296587926509186,
     "support": 412.0
    },
    "10": {
     "precision": 0.5748792270531401,
     "recall": 0.7168674698795181,
     "f1-score": 0.6380697050938338,
     "support": 166.0
    },
    "11": {
     "precision": 0.8581081081081081,
     "recall": 0.7455968688845401,
     "f1-score": 0.7979057591623037,
     "support": 511.0
    },
    "12": {
     "precision": 0.9023904382470119,
     "recall": 0.8579545454545454,
     "f1-score": 0.8796116504854369,
     "support": 528.0
    },
    "13": {
     "precision": 0.36024844720496896,
     "recall": 0.6170212765957447,
     "f1-score": 0.4549019607843137,
     "support": 94.0
    },
    "14": {
     "precision": 0.7,
     "recall": 1.0,
     "f1-score": 0.8235294117647058,
     "support": 14.0
    },
    "15": {
     "precision": 0.639344262295082,
     "recall": 0.3880597014925373,
     "f1-score": 0.48297213622291024,
     "support": 201.0
    },
    "16": {
     "precision": 0.9722530521642619,
     "recall": 0.9909502262443439,
     "f1-score": 0.9815126050420168,
     "support": 884.0
    },
    "17": {
     "precision": 0.9798449612403101,
     "recall": 0.9675443968156767,
     "f1-score": 0.9736558311508242,
     "support": 3266.0
    },
    "18": {
     "precision": 0.8333333333333334,
     "recall": 0.9259259259259259,
     "f1-score": 0.8771929824561403,
     "support": 27.0
    },
    "accuracy": 0.8487272727272728,
    "macro avg": {
     "precision": 0.6975106637290246,
     "recall": 0.7458413220907242,
     "f1-score": 0.7113002985234174,
     "support": 8250.0
    },
    "weighted avg": {
     "precision": 0.860984448687049,
     "recall": 0.8487272727272728,
     "f1-score": 0.8516865517724647,
     "support": 8250.0
    }
   }
  }
 }
}