{
 "family": "pnet",
 "cohort": "stad",
 "task": "response",
 "mode": "learned",
 "K": 2,
 "n_features": 3000,
 "n_classes": 2,
 "n_samples": 414,
 "n_folds": 5,
 "seed": 42,
 "val_frac": 0.1,
 "cv_macro_f1": {
  "mean": 52.462380121185845,
  "std": 4.212993267173833,
  "folds": [
   59.757575757575765,
   49.15583445390707,
   50.945626477541374,
   48.125,
   54.327863916905
  ]
 },
 "cv_accuracy": {
  "mean": 53.62621216573611,
  "std": 4.313840728768734,
  "folds": [
   61.44578313253012,
   50.602409638554214,
   51.80722891566265,
   49.39759036144578,
   54.87804878048781
  ]
 },
 "cv_pos_f1": {
  "mean": 68.78610786838595,
  "std": 1.8132146547379546,
  "folds": [
   69.56521739130434,
   66.08695652173913,
   68.90756302521008,
   71.54471544715447,
   67.82608695652173
  ]
 }
}