{
 "family": "pnet",
 "cohort": "prostate",
 "task": "response",
 "mode": "random",
 "K": 4,
 "seed": 1,
 "test_macro_f1": 60.17467248908297,
 "test_accuracy": 70.39473684210526,
 "n_features": 3000,
 "n_classes": 2,
 "n_samples": 1011,
 "learned_lambda": 0.2998099625110626,
 "learned_beta": 0.9729321002960205,
 "graph_diag": {
  "n_genes": 3000,
  "n_genes_in_reactome": 3000,
  "reactome_coverage_frac": 1.0,
  "mean_degree": 25.716666666666665,
  "isolated_frac": 0.0,
  "corr_pi_pc1": 0.005688745062798262
 }
}