{
 "dataset": "Baron",
 "mode": "learned",
 "K": 4,
 "seed": 2,
 "n_markers": 512,
 "test_macro_f1": 73.44504699058015,
 "test_accuracy": 94.43796188253599,
 "n_features": 2000,
 "n_classes": 13,
 "n_samples": 8569,
 "learned_lambda": 0.29338881373405457
}