{
 "dataset": "Baron",
 "mode": "learned",
 "K": 4,
 "seed": 1,
 "n_markers": 512,
 "test_macro_f1": 82.85243601202514,
 "test_accuracy": 96.53831194087904,
 "n_features": 2000,
 "n_classes": 13,
 "n_samples": 8569,
 "learned_lambda": 0.25800278782844543
}