{
 "dataset": "baron",
 "config": "depth1",
 "seed": 0,
 "n_classes": 14,
 "n_test": 2571,
 "nll": 0.5869391210845282,
 "ece": 0.045756239272665325,
 "brier": 0.27734757473664146,
 "conf": 0.8489176700539944,
 "auroc": 0.8391670764750692
}