{
 "dataset": "blca",
 "config": "depth1",
 "seed": 0,
 "n_classes": 2,
 "n_test": 81,
 "nll": 7.5953968559449425,
 "ece": 0.32157595027520214,
 "brier": 0.6388049391852529,
 "conf": 0.974371186898034,
 "auroc": 0.47942386831275724
}