{
 "dataset": "common_class",
 "config": "depth1",
 "seed": 0,
 "n_classes": 19,
 "n_test": 8250,
 "nll": 0.5942022590293189,
 "ece": 0.021139568266549967,
 "brier": 0.2552073023254935,
 "conf": 0.8187999653698639,
 "auroc": 0.8731729754148652
}