{
 "dataset": "lung",
 "config": "depth1",
 "seed": 0,
 "n_classes": 25,
 "n_test": 17106,
 "nll": 0.7116191916680024,
 "ece": 0.026128025059328187,
 "brier": 0.3382448159700091,
 "conf": 0.7795859554216727,
 "auroc": 0.8264674784300967
}