{
 "dataset": "oesophagus",
 "config": "depth1",
 "seed": 0,
 "n_classes": 18,
 "n_test": 26385,
 "nll": 0.5746588318762051,
 "ece": 0.027569491120816518,
 "brier": 0.2846987717973411,
 "conf": 0.774573098691842,
 "auroc": 0.8209800235324526
}