{
 "dataset": "pancreas",
 "config": "depth1",
 "seed": 0,
 "n_classes": 15,
 "n_test": 2127,
 "nll": 0.5555747031989035,
 "ece": 0.04011758864276138,
 "brier": 0.2136729729444211,
 "conf": 0.8620850334771697,
 "auroc": 0.7464175098079703
}