{
 "dataset": "panmeta_subtype",
 "config": "depth1",
 "seed": 0,
 "n_classes": 32,
 "n_test": 1718,
 "nll": 1.270895287901791,
 "ece": 0.05155647246525071,
 "brier": 0.5172440303320296,
 "conf": 0.5891114931215795,
 "auroc": 0.7872319786824
}