{
 "dataset": "prostate",
 "config": "depth1",
 "seed": 0,
 "n_classes": 2,
 "n_test": 203,
 "nll": 6.337408942454338,
 "ece": 0.32314257978846184,
 "brier": 0.7002156704848349,
 "conf": 0.9137617307484297,
 "auroc": 0.4249230769230769
}