{
 "dataset": "prototype",
 "config": "depth1",
 "seed": 0,
 "n_classes": 10,
 "n_test": 27174,
 "nll": 0.19562648695364243,
 "ece": 0.0158572797064262,
 "brier": 0.09873002973037533,
 "conf": 0.9499268936895177,
 "auroc": 0.9121972986629594
}