{
 "dataset": "segerstolpe",
 "config": "depth1",
 "seed": 0,
 "n_classes": 10,
 "n_test": 637,
 "nll": 2.236544677954921,
 "ece": 0.02075021358743125,
 "brier": 0.8885418340527745,
 "conf": 0.12367678798242747,
 "auroc": 0.6421818907060232
}