{
 "dataset": "spleen",
 "config": "depth1",
 "seed": 0,
 "n_classes": 28,
 "n_test": 28239,
 "nll": 1.301402111160386,
 "ece": 0.01487042029207044,
 "brier": 0.5732280514179056,
 "conf": 0.5674447415256471,
 "auroc": 0.7486490621449895
}