{
 "dataset": "stad",
 "config": "depth1",
 "seed": 0,
 "n_classes": 2,
 "n_test": 83,
 "nll": 6.302068334119492,
 "ece": 0.47573932267675434,
 "brier": 0.8884973140650778,
 "conf": 0.8592102730297292,
 "auroc": 0.5473684210526316
}