{
 "dataset": "tabula_muris",
 "config": "depth1",
 "seed": 0,
 "n_classes": 55,
 "n_test": 16458,
 "nll": 1.029460185093235,
 "ece": 0.08487685820211929,
 "brier": 0.3125039653699953,
 "conf": 0.8822229735711685,
 "auroc": 0.7967742096201302
}