{
 "dataset": "tcell",
 "config": "depth1",
 "seed": 0,
 "n_classes": 7,
 "n_test": 7203,
 "nll": 1.1043195736885252,
 "ece": 0.15346551691658128,
 "brier": 0.5638693717809738,
 "conf": 0.4728704788140188,
 "auroc": 0.7023899291925022
}