{
 "dataset": "Lung",
 "mode": "learned",
 "K": 4,
 "seed": 0,
 "n_markers": 128,
 "test_macro_f1": 80.2395181030331,
 "test_accuracy": 86.74734011457969,
 "val_macro_f1": 80.70057913293708,
 "n_features": 1089,
 "n_classes": 25,
 "n_samples": 57020,
 "learned_lambda": 0.6647897362709045,
 "bio_anchor_have": false
}