{
 "dataset": "Lung",
 "mode": "learned",
 "K": 4,
 "seed": 1,
 "n_markers": 128,
 "test_macro_f1": 79.51403549281862,
 "test_accuracy": 86.8759499590787,
 "val_macro_f1": 80.14851845749646,
 "n_features": 1089,
 "n_classes": 25,
 "n_samples": 57020,
 "learned_lambda": 0.6489161849021912,
 "bio_anchor_have": false
}