{
 "dataset": "Tcell",
 "mode": "learned",
 "K": 2,
 "seed": 2,
 "n_markers": 128,
 "test_macro_f1": 69.04240675803788,
 "test_accuracy": 83.84006663890045,
 "val_macro_f1": 70.62468368825438,
 "n_features": 1089,
 "n_classes": 7,
 "n_samples": 24007,
 "learned_lambda": 0.500349223613739,
 "bio_anchor_have": false
}