{
 "dataset": "Tcell",
 "mode": "learned",
 "K": 2,
 "seed": 3,
 "n_markers": 128,
 "test_macro_f1": 66.7629306126569,
 "test_accuracy": 81.74371789532138,
 "val_macro_f1": 68.59539649237395,
 "n_features": 1089,
 "n_classes": 7,
 "n_samples": 24007,
 "learned_lambda": 0.4236191511154175,
 "bio_anchor_have": false
}