{
 "dataset": "Tcell",
 "mode": "learned",
 "K": 2,
 "seed": 1,
 "n_markers": 128,
 "test_macro_f1": 68.20848852803549,
 "test_accuracy": 82.10467860613633,
 "val_macro_f1": 67.25446842513529,
 "n_features": 1089,
 "n_classes": 7,
 "n_samples": 24007,
 "learned_lambda": 0.31926462054252625,
 "bio_anchor_have": false
}