{
 "dataset": "Tcell",
 "mode": "learned",
 "K": 2,
 "seed": 0,
 "n_markers": 128,
 "test_macro_f1": 67.68200619239731,
 "test_accuracy": 81.38275718450646,
 "val_macro_f1": 68.1416623476678,
 "n_features": 1089,
 "n_classes": 7,
 "n_samples": 24007,
 "learned_lambda": 0.2923305928707123,
 "bio_anchor_have": false
}