{
 "dataset": "Baron",
 "mode": "learned",
 "K": 4,
 "seed": 0,
 "n_markers": 128,
 "test_macro_f1": 79.53594921863552,
 "test_accuracy": 94.243485025282,
 "val_macro_f1": 81.0081818791087,
 "n_features": 2000,
 "n_classes": 13,
 "n_samples": 8569,
 "learned_lambda": 0.2889794409275055,
 "bio_anchor_have": false
}