{
 "dataset": "Baron",
 "mode": "learned",
 "K": 4,
 "seed": 2,
 "n_markers": 128,
 "test_macro_f1": 77.8103894218749,
 "test_accuracy": 95.6048230260599,
 "val_macro_f1": 78.63749334542374,
 "n_features": 2000,
 "n_classes": 13,
 "n_samples": 8569,
 "learned_lambda": 0.27726277709007263,
 "bio_anchor_have": false
}