{
 "dataset": "Baron",
 "mode": "learned",
 "K": 4,
 "seed": 1,
 "n_markers": 128,
 "test_macro_f1": 84.67172993305361,
 "test_accuracy": 95.79929988331388,
 "val_macro_f1": 85.34899535472842,
 "n_features": 2000,
 "n_classes": 13,
 "n_samples": 8569,
 "learned_lambda": 0.2738025486469269,
 "bio_anchor_have": false
}