{
 "family": "pnet",
 "cohort": "blca",
 "task": "response",
 "mode": "curated",
 "K": 4,
 "n_features": 3000,
 "n_classes": 2,
 "n_samples": 404,
 "n_folds": 5,
 "seed": 42,
 "val_frac": 0.1,
 "cv_macro_f1": {
  "mean": 47.48613381696085,
  "std": 4.667915573182546,
  "folds": [
   39.95956873315364,
   49.375,
   44.44444444444444,
   52.77777777777778,
   50.87387812942843
  ]
 },
 "cv_accuracy": {
  "mean": 58.39814814814815,
  "std": 9.150057697107005,
  "folds": [
   45.67901234567901,
   67.90123456790124,
   69.1358024691358,
   58.0246913580247,
   51.24999999999999
  ]
 }
}