{
 "dataset": "prostate",
 "method": "NearestCentroid",
 "n_folds": 5,
 "seed": 42,
 "n_features": 3000,
 "n_classes": 2,
 "n_samples": 1011,
 "cv_macro_f1": {
  "mean": 66.3160464289928,
  "std": 5.198774884799391,
  "folds": [
   64.74320348775386,
   56.785960332136774,
   70.68025674934684,
   69.89567809239941,
   69.47513348332718
  ]
 }
}