{
 "dataset": "prostate",
 "method": "Random Forest",
 "n_folds": 5,
 "seed": 42,
 "n_features": 3000,
 "n_classes": 2,
 "n_samples": 1011,
 "cv_macro_f1": {
  "mean": 55.78962446498679,
  "std": 3.8848164779127012,
  "folds": [
   57.59208356239692,
   51.57661810805827,
   57.536418956297254,
   51.06239326422812,
   61.180608433953374
  ]
 }
}