{
 "task": "stad",
 "arm": "token_k4",
 "pos_class": 1,
 "n_folds": 10,
 "pos_f1": [
  0.6577799239568882,
  0.04954028062958052
 ],
 "pos_precision": [
  0.5550827573682613,
  0.028720292171387357
 ],
 "pos_recall": [
  0.8254589371980676,
  0.14205643199919676
 ],
 "maj_f1": [
  0.6577799239568882,
  0.04954028062958052
 ],
 "macro_f1": [
  0.4423843656430465,
  0.0693353954900214
 ],
 "accuracy": [
  0.5363062004114016,
  0.03918689379703505
 ]
}