{
 "task": "stad",
 "arm": "token_k3",
 "pos_class": 1,
 "n_folds": 10,
 "pos_f1": [
  0.6532802578757335,
  0.08061297210218027
 ],
 "pos_precision": [
  0.5588690185914947,
  0.022936026085680017
 ],
 "pos_recall": [
  0.8142995169082126,
  0.17548753198647582
 ],
 "maj_f1": [
  0.6532802578757335,
  0.08061297210218027
 ],
 "macro_f1": [
  0.45320606050242385,
  0.07441778463562918
 ],
 "accuracy": [
  0.5434763444019983,
  0.037327441350700444
 ]
}