{
 "dataset": "Oesophagus",
 "mode": "learned",
 "K": 2,
 "seed": 0,
 "n_markers": 128,
 "test_macro_f1": 68.11466387501832,
 "test_accuracy": 86.68182679552775,
 "val_macro_f1": 70.36689964110195,
 "n_features": 1089,
 "n_classes": 18,
 "n_samples": 87947,
 "learned_lambda": 0.5733548998832703,
 "bio_anchor_have": false
}