{
 "family": "pnet",
 "cohort": "prostate",
 "task": "response",
 "mode": "learned",
 "K": 3,
 "n_features": 3000,
 "n_classes": 2,
 "n_samples": 1011,
 "n_folds": 5,
 "seed": 42,
 "val_frac": 0.1,
 "cv_macro_f1": {
  "mean": 64.40828092288828,
  "std": 2.128335123789633,
  "folds": [
   65.9690677049535,
   65.6387181738367,
   62.03007518796993,
   61.65639692783926,
   66.74714661984197
  ]
 },
 "cv_accuracy": {
  "mean": 68.2480612593279,
  "std": 2.102864791499609,
  "folds": [
   69.45812807881774,
   69.3069306930693,
   64.35643564356435,
   67.82178217821783,
   70.29702970297029
  ]
 }
}