{
 "dataset": "Muraro",
 "mode": "learned",
 "K": 4,
 "seed": 0,
 "n_markers": 128,
 "test_macro_f1": 81.43954056184344,
 "test_accuracy": 91.3657770800628,
 "val_macro_f1": 87.62307768879786,
 "n_features": 2000,
 "n_classes": 9,
 "n_samples": 2122,
 "learned_lambda": 0.2270568460226059,
 "bio_anchor_have": false
}