{
 "dataset": "Muraro",
 "mode": "learned",
 "K": 4,
 "seed": 1,
 "n_markers": 128,
 "test_macro_f1": 69.07414458109533,
 "test_accuracy": 84.14442700156985,
 "val_macro_f1": 80.86371231108073,
 "n_features": 2000,
 "n_classes": 9,
 "n_samples": 2122,
 "learned_lambda": 0.22216498851776123,
 "bio_anchor_have": false
}