{
 "dataset": "Muraro",
 "mode": "learned",
 "K": 4,
 "seed": 2,
 "n_markers": 128,
 "test_macro_f1": 77.6592573344572,
 "test_accuracy": 90.2668759811617,
 "val_macro_f1": 89.52603065351703,
 "n_features": 2000,
 "n_classes": 9,
 "n_samples": 2122,
 "learned_lambda": 0.2301664799451828,
 "bio_anchor_have": false
}