{
 "dataset": "Muraro",
 "mode": "learned",
 "K": 1,
 "seed": 2,
 "n_markers": 128,
 "test_macro_f1": 88.59599265713427,
 "test_accuracy": 94.19152276295134,
 "val_macro_f1": 95.01329896951104,
 "n_features": 2000,
 "n_classes": 9,
 "n_samples": 2122,
 "learned_lambda": 0.22945673763751984,
 "bio_anchor_have": false
}