{
 "dataset": "Muraro",
 "mode": "learned",
 "K": 1,
 "seed": 1,
 "n_markers": 128,
 "test_macro_f1": 90.20062903832972,
 "test_accuracy": 94.03453689167975,
 "val_macro_f1": 94.42767373673733,
 "n_features": 2000,
 "n_classes": 9,
 "n_samples": 2122,
 "learned_lambda": 0.2233792245388031,
 "bio_anchor_have": false
}