{
 "dataset": "Muraro",
 "mode": "learned",
 "K": 1,
 "seed": 0,
 "n_markers": 128,
 "test_macro_f1": 70.40876042477917,
 "test_accuracy": 85.40031397174255,
 "val_macro_f1": 77.90844907491528,
 "n_features": 2000,
 "n_classes": 9,
 "n_samples": 2122,
 "learned_lambda": 0.22617453336715698,
 "bio_anchor_have": false
}