{
 "dataset": "Muraro",
 "mode": "learned",
 "K": 2,
 "seed": 2,
 "n_markers": 128,
 "test_macro_f1": 78.86593950598626,
 "test_accuracy": 93.56357927786499,
 "val_macro_f1": 95.23701423061087,
 "n_features": 2000,
 "n_classes": 9,
 "n_samples": 2122,
 "learned_lambda": 0.22670486569404602,
 "bio_anchor_have": false
}