{
 "dataset": "Muraro",
 "mode": "learned",
 "K": 2,
 "seed": 0,
 "n_markers": 128,
 "test_macro_f1": 78.20790820547714,
 "test_accuracy": 91.3657770800628,
 "val_macro_f1": 85.50170421121838,
 "n_features": 2000,
 "n_classes": 9,
 "n_samples": 2122,
 "learned_lambda": 0.2264123409986496,
 "bio_anchor_have": false
}