{
 "dataset": "Baron",
 "mode": "learned",
 "K": 4,
 "seed": 1,
 "n_markers": 128,
 "test_macro_f1": 78.45227415166784,
 "test_accuracy": 96.22714896927266,
 "val_macro_f1": 90.08391427945324,
 "n_features": 2000,
 "n_classes": 13,
 "n_samples": 8569,
 "learned_lambda": 0.30694466829299927,
 "bio_anchor_have": false
}