{
 "dataset": "Baron",
 "mode": "learned",
 "K": 4,
 "seed": 2,
 "n_markers": 128,
 "test_macro_f1": 74.09575062771965,
 "test_accuracy": 95.13807856865033,
 "val_macro_f1": 83.01534087684652,
 "n_features": 2000,
 "n_classes": 13,
 "n_samples": 8569,
 "learned_lambda": 0.24677976965904236,
 "bio_anchor_have": false
}