{
 "task": "pan_meta_pri_3modal",
 "arm": "expert_k2",
 "pos_class": 1,
 "n_folds": 10,
 "pos_f1": [
  0.8870244725443366,
  0.03554847465845564
 ],
 "pos_precision": [
  0.9034630138796805,
  0.06632714321482978
 ],
 "pos_recall": [
  0.8794140030441401,
  0.07037896258216624
 ],
 "maj_f1": [
  0.9951080086481813,
  0.0014468075695275309
 ],
 "macro_f1": [
  0.941066240596259,
  0.018467479208426625
 ],
 "accuracy": [
  0.9906244003842964,
  0.002773772912333573
 ]
}