{
 "dataset": "Tcell",
 "mode": "learned",
 "K": 4,
 "seed": 2,
 "n_markers": 128,
 "test_macro_f1": 68.34353824142431,
 "test_accuracy": 83.53463834513397,
 "val_macro_f1": 70.41995162635865,
 "n_features": 1089,
 "n_classes": 7,
 "n_samples": 24007,
 "learned_lambda": 0.44713717699050903,
 "bio_anchor_have": false
}