{
 "dataset": "Tcell",
 "mode": "learned",
 "K": 4,
 "seed": 0,
 "n_markers": 128,
 "test_macro_f1": 67.43460294346919,
 "test_accuracy": 82.923781757601,
 "val_macro_f1": 67.21987646022795,
 "n_features": 1089,
 "n_classes": 7,
 "n_samples": 24007,
 "learned_lambda": 0.38711678981781006,
 "bio_anchor_have": false
}