{
 "dataset": "Tcell",
 "mode": "learned",
 "K": 4,
 "seed": 1,
 "n_markers": 128,
 "test_macro_f1": 69.17276479445825,
 "test_accuracy": 81.84089962515618,
 "val_macro_f1": 68.04099329584412,
 "n_features": 1089,
 "n_classes": 7,
 "n_samples": 24007,
 "learned_lambda": 0.3512468636035919,
 "bio_anchor_have": false
}