{
 "task": "pan_meta_pri",
 "arm": "biomor",
 "pos_class": 1,
 "n_folds": 10,
 "pos_f1": [
  0.5305826285030574,
  0.06638088929880819
 ],
 "pos_precision": [
  0.5796657103298245,
  0.11076633105582118
 ],
 "pos_recall": [
  0.5082191780821917,
  0.09069197061587633
 ],
 "maj_f1": [
  0.9811275487091535,
  0.0031853258842558406
 ],
 "macro_f1": [
  0.7558550886061053,
  0.034227344637536114
 ],
 "accuracy": [
  0.9637362150979019,
  0.006015686856363199
 ]
}