{
 "dataset": "Oesophagus",
 "mode": "learned",
 "K": 3,
 "seed": 0,
 "n_markers": 128,
 "test_macro_f1": 71.5603117605373,
 "test_accuracy": 87.43983323858254,
 "val_macro_f1": 71.43395191173956,
 "n_features": 1089,
 "n_classes": 18,
 "n_samples": 87947,
 "learned_lambda": 0.5116437673568726,
 "bio_anchor_have": false
}