{
 "dataset": "Oesophagus",
 "mode": "learned",
 "K": 3,
 "seed": 2,
 "n_markers": 128,
 "test_macro_f1": 66.26685947571869,
 "test_accuracy": 87.65965510706842,
 "val_macro_f1": 70.0954570206432,
 "n_features": 1089,
 "n_classes": 18,
 "n_samples": 87947,
 "learned_lambda": 0.6947240829467773,
 "bio_anchor_have": false
}