{
 "dataset": "baron",
 "n_samples": 8569,
 "n_features": 1936,
 "n_classes": 14,
 "n_train": 5098,
 "n_test": 2571,
 "transformer_params": 75168,
 "total_params": 285917,
 "config": {
  "heads": [
   "cell_type"
  ],
  "cohorts": null,
  "n_hvg": null,
  "n_channels": 1,
  "batch_size": 128,
  "val_frac": 0.15,
  "test_frac": 0.15,
  "d_model": 96,
  "n_heads": 4,
  "d_ff": 192,
  "dropout": 0.1,
  "n_markers": 32,
  "marker_mode": "router",
  "pathway_pool": "mean",
  "compress_mode": "aggregate",
  "recursive_marker_refine": true,
  "peak_init": true,
  "anneal_markers": true,
  "recursion_depth": 4,
  "share_weights": true,
  "share_strategy": "cycle",
  "n_unique_blocks": null,
  "step_cache": false,
  "adaptive_depth": false,
  "marker_ffn": false,
  "recursion_mode": "expert",
  "router_capacity": null,
  "router_alpha": 1.0,
  "router_temp": 1.0,
  "router_type": "linear",
  "router_z_coeff": 0.001,
  "router_balance_coeff": 0.1,
  "gene_interaction": "none",
  "interaction_knn": 16,
  "router_prior_beta": 1.0,
  "router_prior_anneal": true,
  "pathway_attn_bias": false,
  "pathway_attn_lambda": 2.0,
  "lambda_marker": 0.1,
  "gamma_diversity": 0.05,
  "beta_compression": 0.01,
  "lr": 0.001,
  "weight_decay": 1e-05,
  "epochs": 80,
  "patience": 12,
  "seed": 2,
  "device": "cuda"
 },
 "heads": {
  "cell_type": {
   "accuracy": 0.6958381952547646,
   "macro_f1": 0.4341325922072091,
   "weighted_f1": 0.7183168324130955,
   "per_class": {
    "0": {
     "precision": 0.9054545454545454,
     "recall": 0.867595818815331,
     "f1-score": 0.8861209964412812,
     "support": 287.0
    },
    "1": {
     "precision": 0.5078125,
     "recall": 0.7647058823529411,
     "f1-score": 0.6103286384976526,
     "support": 85.0
    },
    "2": {
     "precision": 0.8592375366568915,
     "recall": 0.839541547277937,
     "f1-score": 0.8492753623188406,
     "support": 698.0
    },
    "3": {
     "precision": 0.8395522388059702,
     "recall": 0.5936675461741425,
     "f1-score": 0.6955177743431221,
     "support": 758.0
    },
    "4": {
     "precision": 0.3592233009708738,
     "recall": 0.4111111111111111,
     "f1-score": 0.38341968911917096,
     "support": 180.0
    },
    "5": {
     "precision": 0.8333333333333334,
     "recall": 0.7430340557275542,
     "f1-score": 0.7855973813420621,
     "support": 323.0
    },
    "6": {
     "precision": 0.59,
     "recall": 0.7763157894736842,
     "f1-score": 0.6704545454545454,
     "support": 76.0
    },
    "7": {
     "precision": 0.030303030303030304,
     "recall": 0.2,
     "f1-score": 0.05263157894736842,
     "support": 5.0
    },
    "8": {
     "precision": 0.19480519480519481,
     "recall": 0.38961038961038963,
     "f1-score": 0.2597402597402597,
     "support": 77.0
    },
    "9": {
     "precision": 0.34615384615384615,
     "recall": 0.5294117647058824,
     "f1-score": 0.4186046511627907,
     "support": 17.0
    },
    "10": {
     "precision": 0.06451612903225806,
     "recall": 0.2857142857142857,
     "f1-score": 0.10526315789473684,
     "support": 7.0
    },
    "11": {
     "precision": 0.2962962962962963,
     "recall": 0.46153846153846156,
     "f1-score": 0.3609022556390977,
     "support": 52.0
    },
    "12": {
     "precision": 0.0,
     "recall": 0.0,
     "f1-score": 0.0,
     "support": 4.0
    },
    "13": {
     "precision": 0.0,
     "recall": 0.0,
     "f1-score": 0.0,
     "support": 2.0
    },
    "accuracy": 0.6958381952547646,
    "macro avg": {
     "precision": 0.4161919965580171,
     "recall": 0.49016047517869427,
     "f1-score": 0.4341325922072091,
     "support": 2571.0
    },
    "weighted avg": {
     "precision": 0.760295576170781,
     "recall": 0.6958381952547646,
     "f1-score": 0.7183168324130955,
     "support": 2571.0
    }
   }
  }
 }
}