{
 "dataset": "tabula_muris",
 "n_samples": 54865,
 "n_features": 1089,
 "n_classes": 55,
 "n_train": 32645,
 "n_test": 16458,
 "transformer_params": 75168,
 "total_params": 212559,
 "config": {
  "heads": [
   "cell_type"
  ],
  "cohorts": null,
  "n_hvg": null,
  "n_channels": 1,
  "batch_size": 128,
  "val_frac": 0.15,
  "test_frac": 0.15,
  "d_model": 96,
  "n_heads": 4,
  "d_ff": 192,
  "dropout": 0.1,
  "n_markers": 32,
  "marker_mode": "router",
  "pathway_pool": "mean",
  "compress_mode": "aggregate",
  "recursive_marker_refine": true,
  "peak_init": true,
  "anneal_markers": true,
  "recursion_depth": 4,
  "share_weights": true,
  "share_strategy": "cycle",
  "n_unique_blocks": null,
  "step_cache": false,
  "adaptive_depth": false,
  "marker_ffn": false,
  "recursion_mode": "expert",
  "router_capacity": null,
  "router_alpha": 1.0,
  "router_temp": 1.0,
  "router_type": "linear",
  "router_z_coeff": 0.001,
  "router_balance_coeff": 0.1,
  "gene_interaction": "none",
  "interaction_knn": 16,
  "router_prior_beta": 1.0,
  "router_prior_anneal": true,
  "pathway_attn_bias": false,
  "pathway_attn_lambda": 2.0,
  "lambda_marker": 0.1,
  "gamma_diversity": 0.05,
  "beta_compression": 0.01,
  "lr": 0.001,
  "weight_decay": 1e-05,
  "epochs": 80,
  "patience": 12,
  "seed": 2,
  "device": "cuda"
 },
 "heads": {
  "cell_type": {
   "accuracy": 0.6368331510511606,
   "macro_f1": 0.5420810857455789,
   "weighted_f1": 0.6458011810304335,
   "per_class": {
    "0": {
     "precision": 0.78266438941076,
     "recall": 0.7367363344051447,
     "f1-score": 0.7590062111801242,
     "support": 2488.0
    },
    "1": {
     "precision": 0.019455252918287938,
     "recall": 0.38461538461538464,
     "f1-score": 0.037037037037037035,
     "support": 13.0
    },
    "2": {
     "precision": 0.625,
     "recall": 0.75,
     "f1-score": 0.6818181818181818,
     "support": 20.0
    },
    "3": {
     "precision": 0.5714285714285714,
     "recall": 0.36363636363636365,
     "f1-score": 0.4444444444444444,
     "support": 11.0
    },
    "4": {
     "precision": 0.6581071166544388,
     "recall": 0.6780045351473923,
     "f1-score": 0.6679076693968726,
     "support": 1323.0
    },
    "5": {
     "precision": 0.4550898203592814,
     "recall": 0.7307692307692307,
     "f1-score": 0.5608856088560885,
     "support": 104.0
    },
    "6": {
     "precision": 0.8943089430894309,
     "recall": 0.9322033898305084,
     "f1-score": 0.9128630705394191,
     "support": 118.0
    },
    "7": {
     "precision": 0.9115646258503401,
     "recall": 0.908816880180859,
     "f1-score": 0.910188679245283,
     "support": 1327.0
    },
    "8": {
     "precision": 0.42857142857142855,
     "recall": 0.5,
     "f1-score": 0.46153846153846156,
     "support": 18.0
    },
    "9": {
     "precision": 0.5928270042194093,
     "recall": 0.778393351800554,
     "f1-score": 0.6730538922155689,
     "support": 361.0
    },
    "10": {
     "precision": 0.9125364431486881,
     "recall": 0.8942857142857142,
     "f1-score": 0.9033189033189033,
     "support": 350.0
    },
    "11": {
     "precision": 0.42696629213483145,
     "recall": 0.4444444444444444,
     "f1-score": 0.4355300859598854,
     "support": 342.0
    },
    "12": {
     "precision": 0.14018691588785046,
     "recall": 0.8333333333333334,
     "f1-score": 0.24,
     "support": 18.0
    },
    "13": {
     "precision": 0.7777777777777778,
     "recall": 0.9333333333333333,
     "f1-score": 0.8484848484848485,
     "support": 15.0
    },
    "14": {
     "precision": 0.4,
     "recall": 0.5416666666666666,
     "f1-score": 0.46017699115044247,
     "support": 48.0
    },
    "15": {
     "precision": 0.30434782608695654,
     "recall": 0.5384615384615384,
     "f1-score": 0.3888888888888889,
     "support": 13.0
    },
    "16": {
     "precision": 0.3333333333333333,
     "recall": 0.75,
     "f1-score": 0.46153846153846156,
     "support": 8.0
    },
    "17": {
     "precision": 0.06711409395973154,
     "recall": 0.5263157894736842,
     "f1-score": 0.11904761904761904,
     "support": 19.0
    },
    "18": {
     "precision": 0.26,
     "recall": 0.6842105263157895,
     "f1-score": 0.37681159420289856,
     "support": 19.0
    },
    "19": {
     "precision": 0.6833333333333333,
     "recall": 0.3364595545134818,
     "f1-score": 0.4509033778476041,
     "support": 853.0
    },
    "20": {
     "precision": 0.5833333333333334,
     "recall": 0.875,
     "f1-score": 0.7,
     "support": 8.0
    },
    "21": {
     "precision": 0.5848375451263538,
     "recall": 0.6206896551724138,
     "f1-score": 0.6022304832713755,
     "support": 261.0
    },
    "22": {
     "precision": 0.7017543859649122,
     "recall": 0.8695652173913043,
     "f1-score": 0.7766990291262136,
     "support": 46.0
    },
    "23": {
     "precision": 0.11904761904761904,
     "recall": 0.6617647058823529,
     "f1-score": 0.20179372197309417,
     "support": 68.0
    },
    "24": {
     "precision": 0.9672897196261683,
     "recall": 0.9495412844036697,
     "f1-score": 0.9583333333333334,
     "support": 218.0
    },
    "25": {
     "precision": 0.9568965517241379,
     "recall": 0.9823008849557522,
     "f1-score": 0.9694323144104804,
     "support": 113.0
    },
    "26": {
     "precision": 0.6696428571428571,
     "recall": 0.635593220338983,
     "f1-score": 0.6521739130434783,
     "support": 118.0
    },
    "27": {
     "precision": 0.9942084942084942,
     "recall": 0.9735349716446124,
     "f1-score": 0.9837631327602674,
     "support": 529.0
    },
    "28": {
     "precision": 0.13513513513513514,
     "recall": 0.29411764705882354,
     "f1-score": 0.18518518518518517,
     "support": 34.0
    },
    "29": {
     "precision": 0.5720620842572062,
     "recall": 0.6354679802955665,
     "f1-score": 0.6021003500583431,
     "support": 406.0
    },
    "30": {
     "precision": 0.8908489525909592,
     "recall": 0.875406283856988,
     "f1-score": 0.8830601092896175,
     "support": 923.0
    },
    "31": {
     "precision": 0.32142857142857145,
     "recall": 0.5338983050847458,
     "f1-score": 0.4012738853503185,
     "support": 118.0
    },
    "32": {
     "precision": 0.08653846153846154,
     "recall": 0.6428571428571429,
     "f1-score": 0.15254237288135594,
     "support": 14.0
    },
    "33": {
     "precision": 0.5345911949685535,
     "recall": 0.6390977443609023,
     "f1-score": 0.5821917808219178,
     "support": 133.0
    },
    "34": {
     "precision": 0.8625954198473282,
     "recall": 0.8014184397163121,
     "f1-score": 0.8308823529411765,
     "support": 141.0
    },
    "35": {
     "precision": 0.9596541786743515,
     "recall": 0.9275766016713092,
     "f1-score": 0.943342776203966,
     "support": 359.0
    },
    "36": {
     "precision": 0.717391304347826,
     "recall": 0.8354430379746836,
     "f1-score": 0.7719298245614035,
     "support": 79.0
    },
    "37": {
     "precision": 0.3416666666666667,
     "recall": 0.422680412371134,
     "f1-score": 0.3778801843317972,
     "support": 97.0
    },
    "38": {
     "precision": 0.5621890547263682,
     "recall": 0.8188405797101449,
     "f1-score": 0.6666666666666666,
     "support": 138.0
    },
    "39": {
     "precision": 0.510752688172043,
     "recall": 0.6834532374100719,
     "f1-score": 0.5846153846153846,
     "support": 139.0
    },
    "40": {
     "precision": 0.15306122448979592,
     "recall": 0.03787878787878788,
     "f1-score": 0.06072874493927125,
     "support": 396.0
    },
    "41": {
     "precision": 0.04081632653061224,
     "recall": 0.2857142857142857,
     "f1-score": 0.07142857142857142,
     "support": 7.0
    },
    "42": {
     "precision": 0.18333333333333332,
     "recall": 0.7333333333333333,
     "f1-score": 0.29333333333333333,
     "support": 15.0
    },
    "43": {
     "precision": 0.7867867867867868,
     "recall": 0.44519966015293116,
     "f1-score": 0.5686380900705371,
     "support": 2354.0
    },