{
 "dataset": "tcell",
 "n_samples": 24007,
 "n_features": 1089,
 "n_classes": 7,
 "n_train": 14283,
 "n_test": 7203,
 "transformer_params": 75168,
 "total_params": 203247,
 "config": {
  "heads": [
   "cell_type"
  ],
  "cohorts": null,
  "n_hvg": null,
  "n_channels": 1,
  "batch_size": 128,
  "val_frac": 0.15,
  "test_frac": 0.15,
  "d_model": 96,
  "n_heads": 4,
  "d_ff": 192,
  "dropout": 0.1,
  "n_markers": 32,
  "marker_mode": "router",
  "pathway_pool": "mean",
  "compress_mode": "aggregate",
  "recursive_marker_refine": true,
  "peak_init": true,
  "anneal_markers": true,
  "recursion_depth": 4,
  "share_weights": true,
  "share_strategy": "cycle",
  "n_unique_blocks": null,
  "step_cache": false,
  "adaptive_depth": false,
  "marker_ffn": false,
  "recursion_mode": "expert",
  "router_capacity": null,
  "router_alpha": 1.0,
  "router_temp": 1.0,
  "router_type": "linear",
  "router_z_coeff": 0.001,
  "router_balance_coeff": 0.1,
  "gene_interaction": "none",
  "interaction_knn": 16,
  "router_prior_beta": 1.0,
  "router_prior_anneal": true,
  "pathway_attn_bias": false,
  "pathway_attn_lambda": 2.0,
  "lambda_marker": 0.1,
  "gamma_diversity": 0.05,
  "beta_compression": 0.01,
  "lr": 0.001,
  "weight_decay": 1e-05,
  "epochs": 80,
  "patience": 12,
  "seed": 2,
  "device": "cuda"
 },
 "heads": {
  "cell_type": {
   "accuracy": 0.5657364986811051,
   "macro_f1": 0.43171549141877813,
   "weighted_f1": 0.6118005667905303,
   "per_class": {
    "0": {
     "precision": 0.7619047619047619,
     "recall": 0.8489795918367347,
     "f1-score": 0.803088803088803,
     "support": 245.0
    },
    "1": {
     "precision": 0.38657407407407407,
     "recall": 0.30868761552680224,
     "f1-score": 0.3432682425488181,
     "support": 541.0
    },
    "2": {
     "precision": 0.8946897374701671,
     "recall": 0.6559492563429571,
     "f1-score": 0.7569409389197375,
     "support": 4572.0
    },
    "3": {
     "precision": 0.16777408637873753,
     "recall": 0.3136645962732919,
     "f1-score": 0.21861471861471862,
     "support": 322.0
    },
    "4": {
     "precision": 0.27543424317617865,
     "recall": 0.3394495412844037,
     "f1-score": 0.3041095890410959,
     "support": 654.0
    },
    "5": {
     "precision": 0.40062111801242234,
     "recall": 0.4479166666666667,
     "f1-score": 0.42295081967213116,
     "support": 576.0
    },
    "6": {
     "precision": 0.10968921389396709,
     "recall": 0.40955631399317405,
     "f1-score": 0.17303532804614274,
     "support": 293.0
    },
    "accuracy": 0.5657364986811051,
    "macro avg": {
     "precision": 0.4280981764157583,
     "recall": 0.47488622598914715,
     "f1-score": 0.43171549141877813,
     "support": 7203.0
    },
    "weighted avg": {
     "precision": 0.6918476572194374,
     "recall": 0.5657364986811051,
     "f1-score": 0.6118005667905303,
     "support": 7203.0
    }
   }
  }
 }
}