{
 "dataset": "blca",
 "K": 10,
 "seed": 1,
 "val_macro_f1": 59.466911764705884,
 "test_macro_f1": 44.55134135060129,
 "test_accuracy": 54.32098765432099
}