{
 "dataset": "blca",
 "K": 12,
 "seed": 1,
 "val_macro_f1": 55.28031290743155,
 "test_macro_f1": 41.33545310015898,
 "test_accuracy": 49.382716049382715
}