{
 "dataset": "blca",
 "K": 1,
 "seed": 1,
 "val_macro_f1": 40.243902439024396,
 "test_macro_f1": 43.869936034115135,
 "test_accuracy": 67.90123456790124
}