{
 "dataset": "blca",
 "K": 20,
 "seed": 1,
 "val_macro_f1": 46.62309368191721,
 "test_macro_f1": 40.44117647058824,
 "test_accuracy": 67.90123456790124
}