{
 "dataset": "blca",
 "K": 24,
 "seed": 1,
 "val_macro_f1": 55.17573423206548,
 "test_macro_f1": 46.11973392461197,
 "test_accuracy": 59.25925925925925
}