{
 "dataset": "blca",
 "K": 32,
 "seed": 0,
 "val_macro_f1": 40.243902439024396,
 "test_macro_f1": 40.44117647058824,
 "test_accuracy": 67.90123456790124
}