{
 "dataset": "blca",
 "K": 5,
 "seed": 1,
 "val_macro_f1": 58.119658119658126,
 "test_macro_f1": 38.16793893129771,
 "test_accuracy": 61.72839506172839
}