{
 "dataset": "blca",
 "K": 8,
 "seed": 0,
 "val_macro_f1": 48.421052631578945,
 "test_macro_f1": 49.705882352941174,
 "test_accuracy": 53.086419753086425
}