{
 "dataset": "Segerstolpe",
 "method": "Random Forest",
 "seed": 1,
 "test_macro_f1": 99.24393570040931,
 "test_accuracy": 99.21752738654148,
 "n_features": 2000,
 "n_classes": 11,
 "n_samples": 2127
}