{
 "dataset": "Segerstolpe",
 "method": "Random Forest",
 "seed": 0,
 "test_macro_f1": 90.75412570132154,
 "test_accuracy": 99.53051643192488,
 "n_features": 2000,
 "n_classes": 11,
 "n_samples": 2127
}