{
 "dataset": "Segerstolpe",
 "method": "Random Forest",
 "seed": 2,
 "test_macro_f1": 96.40213970385155,
 "test_accuracy": 99.21752738654148,
 "n_features": 2000,
 "n_classes": 11,
 "n_samples": 2127
}