{
 "dataset": "baron",
 "n_samples": 8569,
 "n_features": 1936,
 "n_classes": 14,
 "n_train": 5098,
 "n_test": 2571,
 "transformer_params": 75168,
 "total_params": 295133,
 "config": {
  "heads": [
   "cell_type"
  ],
  "cohorts": null,
  "n_hvg": null,
  "n_channels": 1,
  "batch_size": 128,
  "val_frac": 0.15,
  "test_frac": 0.15,
  "d_model": 96,
  "n_heads": 4,
  "d_ff": 192,
  "dropout": 0.1,
  "n_markers": 128,
  "marker_mode": "router",
  "pathway_pool": "mean",
  "compress_mode": "aggregate",
  "recursive_marker_refine": true,
  "peak_init": true,
  "anneal_markers": true,
  "recursion_depth": 4,
  "share_weights": true,
  "share_strategy": "cycle",
  "n_unique_blocks": null,
  "step_cache": false,
  "adaptive_depth": false,
  "marker_ffn": false,
  "recursion_mode": "expert",
  "router_capacity": null,
  "router_alpha": 1.0,
  "router_temp": 1.0,
  "router_type": "linear",
  "router_z_coeff": 0.001,
  "router_balance_coeff": 0.1,
  "gene_interaction": "none",
  "interaction_knn": 16,
  "router_prior_beta": 1.0,
  "router_prior_anneal": true,
  "pathway_attn_bias": false,
  "pathway_attn_lambda": 2.0,
  "lambda_marker": 0.1,
  "gamma_diversity": 0.05,
  "beta_compression": 0.01,
  "lr": 0.001,
  "weight_decay": 1e-05,
  "epochs": 150,
  "patience": 15,
  "seed": 2,
  "device": "cuda"
 },
 "heads": {
  "cell_type": {
   "accuracy": 0.8568650330610658,
   "macro_f1": 0.6087733150965798,
   "weighted_f1": 0.8636836295632339,
   "per_class": {
    "0": {
     "precision": 0.933993399339934,
     "recall": 0.9860627177700348,
     "f1-score": 0.9593220338983051,
     "support": 287.0
    },
    "1": {
     "precision": 0.8690476190476191,
     "recall": 0.8588235294117647,
     "f1-score": 0.863905325443787,
     "support": 85.0
    },
    "2": {
     "precision": 0.9756795422031473,
     "recall": 0.9770773638968482,
     "f1-score": 0.9763779527559056,
     "support": 698.0
    },
    "3": {
     "precision": 0.9031746031746032,
     "recall": 0.7506596306068601,
     "f1-score": 0.8198847262247838,
     "support": 758.0
    },
    "4": {
     "precision": 0.5720720720720721,
     "recall": 0.7055555555555556,
     "f1-score": 0.6318407960199005,
     "support": 180.0
    },
    "5": {
     "precision": 0.9932885906040269,
     "recall": 0.9164086687306502,
     "f1-score": 0.9533011272141707,
     "support": 323.0
    },
    "6": {
     "precision": 0.7111111111111111,
     "recall": 0.8421052631578947,
     "f1-score": 0.7710843373493976,
     "support": 76.0
    },
    "7": {
     "precision": 0.0,
     "recall": 0.0,
     "f1-score": 0.0,
     "support": 5.0
    },
    "8": {
     "precision": 0.34838709677419355,
     "recall": 0.7012987012987013,
     "f1-score": 0.46551724137931033,
     "support": 77.0
    },
    "9": {
     "precision": 0.5238095238095238,
     "recall": 0.6470588235294118,
     "f1-score": 0.5789473684210527,
     "support": 17.0
    },
    "10": {
     "precision": 0.42857142857142855,
     "recall": 0.42857142857142855,
     "f1-score": 0.42857142857142855,
     "support": 7.0
    },
    "11": {
     "precision": 0.7142857142857143,
     "recall": 0.7692307692307693,
     "f1-score": 0.7407407407407407,
     "support": 52.0
    },
    "12": {
     "precision": 0.5,
     "recall": 0.25,
     "f1-score": 0.3333333333333333,
     "support": 4.0
    },
    "13": {
     "precision": 0.0,
     "recall": 0.0,
     "f1-score": 0.0,
     "support": 2.0
    },
    "accuracy": 0.8568650330610658,
    "macro avg": {
     "precision": 0.6052443357852411,
     "recall": 0.6309180322685658,
     "f1-score": 0.6087733150965798,
     "support": 2571.0
    },
    "weighted avg": {
     "precision": 0.8803107275672911,
     "recall": 0.8568650330610658,
     "f1-score": 0.8636836295632339,
     "support": 2571.0
    }
   }
  }
 }
}