{
 "dataset": "spleen",
 "n_samples": 94129,
 "n_features": 1089,
 "n_classes": 28,
 "n_train": 56006,
 "n_test": 28239,
 "transformer_params": 75168,
 "total_params": 216537,
 "config": {
  "heads": [
   "cell_type"
  ],
  "cohorts": null,
  "n_hvg": null,
  "n_channels": 1,
  "batch_size": 128,
  "val_frac": 0.15,
  "test_frac": 0.15,
  "d_model": 96,
  "n_heads": 4,
  "d_ff": 192,
  "dropout": 0.1,
  "n_markers": 128,
  "marker_mode": "router",
  "pathway_pool": "mean",
  "compress_mode": "aggregate",
  "recursive_marker_refine": true,
  "peak_init": true,
  "anneal_markers": true,
  "recursion_depth": 4,
  "share_weights": true,
  "share_strategy": "cycle",
  "n_unique_blocks": null,
  "step_cache": false,
  "adaptive_depth": false,
  "marker_ffn": false,
  "recursion_mode": "expert",
  "router_capacity": null,
  "router_alpha": 1.0,
  "router_temp": 1.0,
  "router_type": "linear",
  "router_z_coeff": 0.001,
  "router_balance_coeff": 0.1,
  "gene_interaction": "none",
  "interaction_knn": 16,
  "router_prior_beta": 1.0,
  "router_prior_anneal": true,
  "pathway_attn_bias": false,
  "pathway_attn_lambda": 2.0,
  "lambda_marker": 0.1,
  "gamma_diversity": 0.05,
  "beta_compression": 0.01,
  "lr": 0.001,
  "weight_decay": 1e-05,
  "epochs": 150,
  "patience": 15,
  "seed": 2,
  "device": "cuda"
 },
 "heads": {
  "cell_type": {
   "accuracy": 0.6042352774531676,
   "macro_f1": 0.5348534315918607,
   "weighted_f1": 0.616048496467282,
   "per_class": {
    "0": {
     "precision": 0.6621621621621622,
     "recall": 0.7480916030534351,
     "f1-score": 0.7025089605734767,
     "support": 131.0
    },
    "1": {
     "precision": 0.29043126684636117,
     "recall": 0.6510574018126888,
     "f1-score": 0.4016775396085741,
     "support": 662.0
    },
    "2": {
     "precision": 0.739612188365651,
     "recall": 0.6557511256651658,
     "f1-score": 0.6951616402690388,
     "support": 4886.0
    },
    "3": {
     "precision": 0.7991007561823013,
     "recall": 0.7039971191933742,
     "f1-score": 0.7485402507897004,
     "support": 5554.0
    },
    "4": {
     "precision": 0.6363636363636364,
     "recall": 0.7142857142857143,
     "f1-score": 0.6730769230769231,
     "support": 49.0
    },
    "5": {
     "precision": 0.5454545454545454,
     "recall": 0.75,
     "f1-score": 0.631578947368421,
     "support": 72.0
    },
    "6": {
     "precision": 0.713472485768501,
     "recall": 0.8805620608899297,
     "f1-score": 0.7882599580712788,
     "support": 427.0
    },
    "7": {
     "precision": 0.20689655172413793,
     "recall": 0.5454545454545454,
     "f1-score": 0.3,
     "support": 11.0
    },
    "8": {
     "precision": 0.7619047619047619,
     "recall": 0.6233766233766234,
     "f1-score": 0.6857142857142857,
     "support": 77.0
    },
    "9": {
     "precision": 0.12476722532588454,
     "recall": 0.3941176470588235,
     "f1-score": 0.18953323903818953,
     "support": 170.0
    },
    "10": {
     "precision": 0.4131944444444444,
     "recall": 0.38263665594855306,
     "f1-score": 0.3973288814691152,
     "support": 311.0
    },
    "11": {
     "precision": 0.8764342453662842,
     "recall": 0.8538263112639725,
     "f1-score": 0.8649825783972126,
     "support": 1163.0
    },
    "12": {
     "precision": 0.7836835599505563,
     "recall": 0.6604166666666667,
     "f1-score": 0.7167891464104014,
     "support": 1920.0
    },
    "13": {
     "precision": 0.7719298245614035,
     "recall": 0.7080911935628074,
     "f1-score": 0.7386337141524831,
     "support": 2237.0
    },
    "14": {
     "precision": 0.40057636887608067,
     "recall": 0.7722222222222223,
     "f1-score": 0.5275142314990512,
     "support": 180.0
    },
    "15": {
     "precision": 0.40253164556962023,
     "recall": 0.29444444444444445,
     "f1-score": 0.34010695187165774,
     "support": 540.0
    },
    "16": {
     "precision": 0.560625814863103,
     "recall": 0.5764075067024129,
     "f1-score": 0.5684071381361533,
     "support": 746.0
    },
    "17": {
     "precision": 0.6827242524916943,
     "recall": 0.7813688212927756,
     "f1-score": 0.7287234042553191,
     "support": 526.0
    },
    "18": {
     "precision": 0.20967741935483872,
     "recall": 0.5416666666666666,
     "f1-score": 0.3023255813953488,
     "support": 24.0
    },
    "19": {
     "precision": 0.7138069705093834,
     "recall": 0.3203971119133574,
     "f1-score": 0.44227574750830567,
     "support": 3324.0
    },
    "20": {
     "precision": 0.3024523160762943,
     "recall": 0.5408038976857491,
     "f1-score": 0.38794233289646135,
     "support": 821.0
    },
    "21": {
     "precision": 0.27154046997389036,
     "recall": 0.6452947259565667,
     "f1-score": 0.3822358346094946,
     "support": 967.0
    },
    "22": {
     "precision": 0.3382978723404255,
     "recall": 0.5247524752475248,
     "f1-score": 0.4113842173350582,
     "support": 303.0
    },
    "23": {
     "precision": 0.24306688417618272,
     "recall": 0.4775641025641026,
     "f1-score": 0.32216216216216215,
     "support": 312.0
    },
    "24": {
     "precision": 0.48008611410118407,
     "recall": 0.601889338731444,
     "f1-score": 0.5341317365269461,
     "support": 741.0
    },
    "25": {
     "precision": 0.59,
     "recall": 0.3532934131736527,
     "f1-score": 0.4419475655430712,
     "support": 1503.0
    },
    "26": {
     "precision": 0.45185185185185184,
     "recall": 0.5020576131687243,
     "f1-score": 0.4756335282651072,
     "support": 486.0
    },
    "27": {
     "precision": 0.5714285714285714,
     "recall": 0.5833333333333334,
     "f1-score": 0.5773195876288659,
     "support": 96.0
    },
    "accuracy": 0.6042352774531676,
    "macro avg": {
     "precision": 0.5194312216440625,
     "recall": 0.5995414407619741,
     "f1-score": 0.5348534315918607,
     "support": 28239.0
    },
    "weighted avg": {
     "precision": 0.6663918000117073,
     "recall": 0.6042352774531676,
     "f1-score": 0.616048496467282,
     "support": 28239.0
    }
   }
  }
 }
}