{
 "dataset": "baron",
 "n_samples": 8569,
 "n_features": 1936,
 "n_classes": 14,
 "n_train": 5098,
 "n_test": 2571,
 "transformer_params": 75168,
 "total_params": 295133,
 "config": {
  "heads": [
   "cell_type"
  ],
  "cohorts": null,
  "n_hvg": null,
  "n_channels": 1,
  "batch_size": 128,
  "val_frac": 0.15,
  "test_frac": 0.15,
  "d_model": 96,
  "n_heads": 4,
  "d_ff": 192,
  "dropout": 0.1,
  "n_markers": 128,
  "marker_mode": "router",
  "pathway_pool": "mean",
  "compress_mode": "aggregate",
  "recursive_marker_refine": true,
  "peak_init": true,
  "anneal_markers": true,
  "recursion_depth": 4,
  "share_weights": true,
  "share_strategy": "cycle",
  "n_unique_blocks": null,
  "step_cache": false,
  "adaptive_depth": false,
  "marker_ffn": false,
  "recursion_mode": "expert",
  "router_capacity": null,
  "router_alpha": 1.0,
  "router_temp": 1.0,
  "router_type": "linear",
  "router_z_coeff": 0.001,
  "router_balance_coeff": 0.1,
  "gene_interaction": "none",
  "interaction_knn": 16,
  "router_prior_beta": 1.0,
  "router_prior_anneal": true,
  "pathway_attn_bias": false,
  "pathway_attn_lambda": 2.0,
  "lambda_marker": 0.1,
  "gamma_diversity": 0.05,
  "beta_compression": 0.01,
  "lr": 0.001,
  "weight_decay": 1e-05,
  "epochs": 150,
  "patience": 15,
  "seed": 0,
  "device": "cuda"
 },
 "heads": {
  "cell_type": {
   "accuracy": 0.9023726176584986,
   "macro_f1": 0.628528307516088,
   "weighted_f1": 0.903562154841268,
   "per_class": {
    "0": {
     "precision": 0.9776119402985075,
     "recall": 0.9128919860627178,
     "f1-score": 0.9441441441441442,
     "support": 287.0
    },
    "1": {
     "precision": 0.7640449438202247,
     "recall": 0.8,
     "f1-score": 0.7816091954022989,
     "support": 85.0
    },
    "2": {
     "precision": 0.9513590844062947,
     "recall": 0.9527220630372493,
     "f1-score": 0.9520400858983536,
     "support": 698.0
    },
    "3": {
     "precision": 0.9721059972105998,
     "recall": 0.9195250659630607,
     "f1-score": 0.9450847457627118,
     "support": 758.0
    },
    "4": {
     "precision": 0.7022222222222222,
     "recall": 0.8777777777777778,
     "f1-score": 0.7802469135802469,
     "support": 180.0
    },
    "5": {
     "precision": 0.9144542772861357,
     "recall": 0.9597523219814241,
     "f1-score": 0.9365558912386707,
     "support": 323.0
    },
    "6": {
     "precision": 0.8125,
     "recall": 0.8552631578947368,
     "f1-score": 0.8333333333333334,
     "support": 76.0
    },
    "7": {
     "precision": 0.0,
     "recall": 0.0,
     "f1-score": 0.0,
     "support": 5.0
    },
    "8": {
     "precision": 0.5581395348837209,
     "recall": 0.6233766233766234,
     "f1-score": 0.588957055214724,
     "support": 77.0
    },
    "9": {
     "precision": 1.0,
     "recall": 0.8235294117647058,
     "f1-score": 0.9032258064516129,
     "support": 17.0
    },
    "10": {
     "precision": 0.2,
     "recall": 0.14285714285714285,
     "f1-score": 0.16666666666666666,
     "support": 7.0
    },
    "11": {
     "precision": 0.8333333333333334,
     "recall": 0.5769230769230769,
     "f1-score": 0.6818181818181818,
     "support": 52.0
    },
    "12": {
     "precision": 0.2,
     "recall": 0.5,
     "f1-score": 0.2857142857142857,
     "support": 4.0
    },
    "13": {
     "precision": 0.0,
     "recall": 0.0,
     "f1-score": 0.0,
     "support": 2.0
    },
    "accuracy": 0.9023726176584986,
    "macro avg": {
     "precision": 0.6346979523900742,
     "recall": 0.6389013305456083,
     "f1-score": 0.628528307516088,
     "support": 2571.0
    },
    "weighted avg": {
     "precision": 0.9083828249608793,
     "recall": 0.9023726176584986,
     "f1-score": 0.903562154841268,
     "support": 2571.0
    }
   }
  }
 }
}