{
 "dataset": "oesophagus",
 "n_samples": 87947,
 "n_features": 1089,
 "n_classes": 18,
 "n_train": 52327,
 "n_test": 26385,
 "transformer_params": 75168,
 "total_params": 214597,
 "config": {
  "heads": [
   "cell_type"
  ],
  "cohorts": null,
  "n_hvg": null,
  "n_channels": 1,
  "batch_size": 128,
  "val_frac": 0.15,
  "test_frac": 0.15,
  "d_model": 96,
  "n_heads": 4,
  "d_ff": 192,
  "dropout": 0.1,
  "n_markers": 128,
  "marker_mode": "router",
  "pathway_pool": "mean",
  "compress_mode": "aggregate",
  "recursive_marker_refine": true,
  "peak_init": true,
  "anneal_markers": true,
  "recursion_depth": 4,
  "share_weights": true,
  "share_strategy": "cycle",
  "n_unique_blocks": null,
  "step_cache": false,
  "adaptive_depth": false,
  "marker_ffn": false,
  "recursion_mode": "expert",
  "router_capacity": null,
  "router_alpha": 1.0,
  "router_temp": 1.0,
  "router_type": "linear",
  "router_z_coeff": 0.001,
  "router_balance_coeff": 0.1,
  "gene_interaction": "none",
  "interaction_knn": 16,
  "router_prior_beta": 1.0,
  "router_prior_anneal": true,
  "pathway_attn_bias": false,
  "pathway_attn_lambda": 2.0,
  "lambda_marker": 0.1,
  "gamma_diversity": 0.05,
  "beta_compression": 0.01,
  "lr": 0.001,
  "weight_decay": 1e-05,
  "epochs": 150,
  "patience": 15,
  "seed": 0,
  "device": "cuda"
 },
 "heads": {
  "cell_type": {
   "accuracy": 0.8209209778283115,
   "macro_f1": 0.6139028005134392,
   "weighted_f1": 0.8256428695538164,
   "per_class": {
    "0": {
     "precision": 0.5112359550561798,
     "recall": 0.6546762589928058,
     "f1-score": 0.5741324921135647,
     "support": 139.0
    },
    "1": {
     "precision": 0.6918918918918919,
     "recall": 0.5517241379310345,
     "f1-score": 0.6139088729016786,
     "support": 232.0
    },
    "2": {
     "precision": 0.904,
     "recall": 0.755011135857461,
     "f1-score": 0.8228155339805825,
     "support": 449.0
    },
    "3": {
     "precision": 0.7582417582417582,
     "recall": 0.6831683168316832,
     "f1-score": 0.71875,
     "support": 101.0
    },
    "4": {
     "precision": 0.40797546012269936,
     "recall": 0.588495575221239,
     "f1-score": 0.48188405797101447,
     "support": 226.0
    },
    "5": {
     "precision": 0.6942762795817281,
     "recall": 0.7736890524379025,
     "f1-score": 0.7318346627991298,
     "support": 3261.0
    },
    "6": {
     "precision": 0.9439600566361129,
     "recall": 0.836602602205931,
     "f1-score": 0.8870448179271708,
     "support": 15141.0
    },
    "7": {
     "precision": 0.8167608912537413,
     "recall": 0.8186666666666667,
     "f1-score": 0.8177126685533544,
     "support": 3000.0
    },
    "8": {
     "precision": 0.6733299595141701,
     "recall": 0.9693989071038251,
     "f1-score": 0.7946841869493804,
     "support": 2745.0
    },
    "9": {
     "precision": 0.8536585365853658,
     "recall": 0.660377358490566,
     "f1-score": 0.7446808510638298,
     "support": 53.0
    },
    "10": {
     "precision": 0.7692307692307693,
     "recall": 0.625,
     "f1-score": 0.6896551724137931,
     "support": 16.0
    },
    "11": {
     "precision": 0.37254901960784315,
     "recall": 0.59375,
     "f1-score": 0.4578313253012048,
     "support": 32.0
    },
    "12": {
     "precision": 0.358974358974359,
     "recall": 0.4117647058823529,
     "f1-score": 0.3835616438356164,
     "support": 34.0
    },
    "13": {
     "precision": 0.2982456140350877,
     "recall": 0.68,
     "f1-score": 0.4146341463414634,
     "support": 100.0
    },
    "14": {
     "precision": 0.2972972972972973,
     "recall": 0.18333333333333332,
     "f1-score": 0.2268041237113402,
     "support": 60.0
    },
    "15": {
     "precision": 0.5972850678733032,
     "recall": 0.868421052631579,
     "f1-score": 0.707774798927614,
     "support": 152.0
    },
    "16": {
     "precision": 0.5863192182410424,
     "recall": 0.4444444444444444,
     "f1-score": 0.5056179775280899,
     "support": 405.0
    },
    "17": {
     "precision": 0.4412811387900356,
     "recall": 0.5188284518828452,
     "f1-score": 0.47692307692307695,
     "support": 239.0
    },
    "accuracy": 0.8209209778283115,
    "macro avg": {
     "precision": 0.6098062929407436,
     "recall": 0.6454084444396483,
     "f1-score": 0.6139028005134392,
     "support": 26385.0
    },
    "weighted avg": {
     "precision": 0.8423127785790684,
     "recall": 0.8209209778283115,
     "f1-score": 0.8256428695538164,
     "support": 26385.0
    }
   }
  }
 }
}