{
 "dataset": "tcell",
 "n_samples": 24007,
 "n_features": 1089,
 "n_classes": 7,
 "n_train": 14283,
 "n_test": 7203,
 "transformer_params": 75168,
 "total_params": 212463,
 "config": {
  "heads": [
   "cell_type"
  ],
  "cohorts": null,
  "n_hvg": null,
  "n_channels": 1,
  "batch_size": 128,
  "val_frac": 0.15,
  "test_frac": 0.15,
  "d_model": 96,
  "n_heads": 4,
  "d_ff": 192,
  "dropout": 0.1,
  "n_markers": 128,
  "marker_mode": "router",
  "pathway_pool": "mean",
  "compress_mode": "aggregate",
  "recursive_marker_refine": true,
  "peak_init": true,
  "anneal_markers": true,
  "recursion_depth": 4,
  "share_weights": true,
  "share_strategy": "cycle",
  "n_unique_blocks": null,
  "step_cache": false,
  "adaptive_depth": false,
  "marker_ffn": false,
  "recursion_mode": "expert",
  "router_capacity": null,
  "router_alpha": 1.0,
  "router_temp": 1.0,
  "router_type": "linear",
  "router_z_coeff": 0.001,
  "router_balance_coeff": 0.1,
  "gene_interaction": "none",
  "interaction_knn": 16,
  "router_prior_beta": 1.0,
  "router_prior_anneal": true,
  "pathway_attn_bias": false,
  "pathway_attn_lambda": 2.0,
  "lambda_marker": 0.1,
  "gamma_diversity": 0.05,
  "beta_compression": 0.01,
  "lr": 0.001,
  "weight_decay": 1e-05,
  "epochs": 150,
  "patience": 15,
  "seed": 0,
  "device": "cuda"
 },
 "heads": {
  "cell_type": {
   "accuracy": 0.6956823545744829,
   "macro_f1": 0.4970749700082571,
   "weighted_f1": 0.7153005458381182,
   "per_class": {
    "0": {
     "precision": 0.2926829268292683,
     "recall": 0.7346938775510204,
     "f1-score": 0.4186046511627907,
     "support": 245.0
    },
    "1": {
     "precision": 0.8014018691588785,
     "recall": 0.634011090573013,
     "f1-score": 0.7079463364293086,
     "support": 541.0
    },
    "2": {
     "precision": 0.8947113051916545,
     "recall": 0.8066491688538933,
     "f1-score": 0.8484011962272832,
     "support": 4572.0
    },
    "3": {
     "precision": 0.11764705882352941,
     "recall": 0.09316770186335403,
     "f1-score": 0.10398613518197573,
     "support": 322.0
    },
    "4": {
     "precision": 0.5104364326375711,
     "recall": 0.41131498470948014,
     "f1-score": 0.4555461473327688,
     "support": 654.0
    },
    "5": {
     "precision": 0.6979166666666666,
     "recall": 0.5815972222222222,
     "f1-score": 0.634469696969697,
     "support": 576.0
    },
    "6": {
     "precision": 0.21391752577319587,
     "recall": 0.5665529010238908,
     "f1-score": 0.3105706267539757,
     "support": 293.0
    },
    "accuracy": 0.6956823545744829,
    "macro avg": {
     "precision": 0.504101969297252,
     "recall": 0.5468552781138392,
     "f1-score": 0.4970749700082571,
     "support": 7203.0
    },
    "weighted avg": {
     "precision": 0.754167906505909,
     "recall": 0.6956823545744829,
     "f1-score": 0.7153005458381182,
     "support": 7203.0
    }
   }
  }
 }
}