{
 "family": "pnet",
 "cohort": "stad",
 "task": "response",
 "mode": "learned",
 "K": 3,
 "n_features": 3000,
 "n_classes": 2,
 "n_samples": 414,
 "n_folds": 5,
 "seed": 42,
 "val_frac": 0.1,
 "cv_macro_f1": {
  "mean": 56.195152839322624,
  "std": 4.193259440503665,
  "folds": [
   49.33139534883721,
   53.67215041128085,
   60.7565011820331,
   57.60980592441267,
   59.60591133004927
  ]
 },
 "cv_accuracy": {
  "mean": 56.52953276520717,
  "std": 4.300881888195888,
  "folds": [
   49.39759036144578,
   54.21686746987952,
   61.44578313253012,
   57.831325301204814,
   59.756097560975604
  ]
 }
}