{
 "task": "blca",
 "arm": "vanilla",
 "pos_class": 1,
 "n_folds": 10,
 "pos_f1": [
  0.4060404943019741,
  0.35490780816548173
 ],
 "pos_precision": [
  0.5058383708383709,
  0.274627588951445
 ],
 "pos_recall": [
  0.4524579124579125,
  0.4300440725035983
 ],
 "maj_f1": [
  0.4060404943019741,
  0.35490780816548173
 ],
 "macro_f1": [
  0.35444984430024873,
  0.09958020015594858
 ],
 "accuracy": [
  0.4764506172839506,
  0.1537675136523941
 ]
}