{
 "dataset": "Oesophagus",
 "method": "NearestCentroid",
 "seed": 1,
 "test_macro_f1": 67.65072177059653,
 "test_accuracy": 71.82111047943907,
 "n_features": 1089,
 "n_classes": 18,
 "n_samples": 87947
}