{
 "dataset": "Oesophagus",
 "method": "Random Forest",
 "seed": 0,
 "test_macro_f1": 69.56692841983877,
 "test_accuracy": 90.60451013833618,
 "n_features": 1089,
 "n_classes": 18,
 "n_samples": 87947
}