{
 "dataset": "Oesophagus",
 "method": "Random Forest",
 "seed": 1,
 "test_macro_f1": 71.08372025093449,
 "test_accuracy": 90.60830017055144,
 "n_features": 1089,
 "n_classes": 18,
 "n_samples": 87947
}