{
 "task": "pan_meta_pri",
 "arm": "fixed_k4",
 "pos_class": 1,
 "n_folds": 10,
 "pos_f1": [
  0.5179354321791896,
  0.059195275246827626
 ],
 "pos_precision": [
  0.545142260792213,
  0.09632130150677778
 ],
 "pos_recall": [
  0.5164003044140031,
  0.10052681925329314
 ],
 "maj_f1": [
  0.9795455955945542,
  0.004948440969532054
 ],
 "macro_f1": [
  0.7487405138868719,
  0.031158679522306394
 ],
 "accuracy": [
  0.9608100631603174,
  0.00916922262084817
 ]
}