{
 "task": "brca",
 "arm": "vanilla",
 "pos_class": 0,
 "n_folds": 10,
 "pos_f1": [
  0.17881137250595328,
  0.2101546808797387
 ],
 "pos_precision": [
  0.1308351254480287,
  0.1611570090629747
 ],
 "pos_recall": [
  0.30526315789473685,
  0.3409291524358241
 ],
 "maj_f1": [
  0.31122788781555644,
  0.28138097700128867
 ],
 "macro_f1": [
  0.1607627706100033,
  0.10958569834304488
 ],
 "accuracy": [
  0.25456497386109034,
  0.1777727875754495
 ]
}