{
 "dataset": "Muraro",
 "mode": "learned",
 "K": 4,
 "seed": 0,
 "n_markers": 128,
 "test_macro_f1": 70.45494437123921,
 "test_accuracy": 84.30141287284144,
 "val_macro_f1": 72.00368290070807,
 "n_features": 2000,
 "n_classes": 9,
 "n_samples": 2122,
 "learned_lambda": 0.2227782905101776,
 "bio_anchor_have": false
}