{
 "dataset": "Muraro",
 "mode": "learned",
 "K": 4,
 "seed": 1,
 "n_markers": 128,
 "test_macro_f1": 71.98347295066075,
 "test_accuracy": 84.61538461538461,
 "val_macro_f1": 85.61278025434414,
 "n_features": 2000,
 "n_classes": 9,
 "n_samples": 2122,
 "learned_lambda": 0.22008319199085236,
 "bio_anchor_have": false
}