{
 "dataset": "Xin",
 "mode": "learned",
 "K": 4,
 "seed": 2,
 "n_markers": 128,
 "test_macro_f1": 82.53349547704387,
 "test_accuracy": 93.97321428571429,
 "val_macro_f1": 77.55585095335023,
 "n_features": 2000,
 "n_classes": 4,
 "n_samples": 1492,
 "learned_lambda": 0.21714197099208832,
 "bio_anchor_have": false
}