{
 "dataset": "Xin",
 "mode": "learned",
 "K": 4,
 "seed": 1,
 "n_markers": 128,
 "test_macro_f1": 67.19064254659062,
 "test_accuracy": 85.71428571428571,
 "val_macro_f1": 77.777226916634,
 "n_features": 2000,
 "n_classes": 4,
 "n_samples": 1492,
 "learned_lambda": 0.21373356878757477,
 "bio_anchor_have": false
}