{
 "dataset": "Xin",
 "mode": "learned",
 "K": 4,
 "seed": 0,
 "n_markers": 128,
 "test_macro_f1": 63.448844928721094,
 "test_accuracy": 79.24107142857143,
 "val_macro_f1": 74.41176470588235,
 "n_features": 2000,
 "n_classes": 4,
 "n_samples": 1492,
 "learned_lambda": 0.2113945037126541,
 "bio_anchor_have": false
}