{
 "dataset": "Spleen",
 "method": "NearestCentroid",
 "n_folds": 5,
 "seed": 42,
 "n_features": 1089,
 "n_classes": 28,
 "n_samples": 94129,
 "cv_macro_f1": {
  "mean": 59.842046443308845,
  "std": 0.4102218399871765,
  "folds": [
   60.20824978643746,
   59.666083130048705,
   60.341211499099835,
   59.189499479634044,
   59.805188321324174
  ]
 }
}