{
 "dataset": "Tcell",
 "mode": "learned",
 "K": 1,
 "seed": 2,
 "n_markers": 128,
 "test_macro_f1": 66.37727996782455,
 "test_accuracy": 79.66125225600445,
 "val_macro_f1": 67.5302531512805,
 "n_features": 1089,
 "n_classes": 7,
 "n_samples": 24007,
 "learned_lambda": 0.2923054099082947,
 "bio_anchor_have": false
}