{
 "dataset": "Tcell",
 "mode": "learned",
 "K": 1,
 "seed": 1,
 "n_markers": 128,
 "test_macro_f1": 67.70382043167037,
 "test_accuracy": 81.70206858253506,
 "val_macro_f1": 67.64727095747575,
 "n_features": 1089,
 "n_classes": 7,
 "n_samples": 24007,
 "learned_lambda": 0.3366098403930664,
 "bio_anchor_have": false
}