{
 "family": "pnet",
 "cohort": "stad",
 "task": "response",
 "mode": "learned",
 "K": 4,
 "n_features": 3000,
 "n_classes": 2,
 "n_samples": 414,
 "n_folds": 5,
 "seed": 42,
 "val_frac": 0.1,
 "cv_macro_f1": {
  "mean": 50.57551328513527,
  "std": 9.725434451777444,
  "folds": [
   35.63895781637717,
   56.59644404601822,
   55.42168674698795,
   43.076025098497006,
   62.144452717795986
  ]
 },
 "cv_accuracy": {
  "mean": 51.71613282397884,
  "std": 8.643005333662854,
  "folds": [
   39.75903614457831,
   57.831325301204814,
   55.42168674698795,
   43.373493975903614,
   62.19512195121951
  ]
 }
}