{
 "dataset": "prototype",
 "n_samples": 90579,
 "n_features": 752,
 "n_classes": 10,
 "n_train": 53894,
 "n_test": 27174,
 "transformer_params": 75168,
 "total_params": 171477,
 "config": {
  "heads": [
   "cell_type"
  ],
  "cohorts": null,
  "n_hvg": null,
  "n_channels": 1,
  "batch_size": 128,
  "val_frac": 0.15,
  "test_frac": 0.15,
  "d_model": 96,
  "n_heads": 4,
  "d_ff": 192,
  "dropout": 0.1,
  "n_markers": 32,
  "marker_mode": "router",
  "pathway_pool": "mean",
  "compress_mode": "aggregate",
  "recursive_marker_refine": true,
  "peak_init": true,
  "anneal_markers": true,
  "recursion_depth": 4,
  "share_weights": true,
  "share_strategy": "cycle",
  "n_unique_blocks": null,
  "step_cache": false,
  "adaptive_depth": false,
  "marker_ffn": false,
  "recursion_mode": "expert",
  "router_capacity": null,
  "router_alpha": 1.0,
  "router_temp": 1.0,
  "router_type": "linear",
  "router_z_coeff": 0.001,
  "router_balance_coeff": 0.1,
  "gene_interaction": "none",
  "interaction_knn": 16,
  "router_prior_beta": 1.0,
  "router_prior_anneal": true,
  "pathway_attn_bias": false,
  "pathway_attn_lambda": 2.0,
  "lambda_marker": 0.1,
  "gamma_diversity": 0.05,
  "beta_compression": 0.01,
  "lr": 0.001,
  "weight_decay": 1e-05,
  "epochs": 80,
  "patience": 12,
  "seed": 0,
  "device": "cuda"
 },
 "heads": {
  "cell_type": {
   "accuracy": 0.8074998160005888,
   "macro_f1": 0.8047230503019653,
   "weighted_f1": 0.8083255270327064,
   "per_class": {
    "0": {
     "precision": 0.8867102396514162,
     "recall": 0.9476135040745053,
     "f1-score": 0.9161508159819921,
     "support": 859.0
    },
    "1": {
     "precision": 0.8701825557809331,
     "recall": 0.8453201970443349,
     "f1-score": 0.8575712143928036,
     "support": 1015.0
    },
    "2": {
     "precision": 0.8115419296663661,
     "recall": 0.8387698042870456,
     "f1-score": 0.8249312557286893,
     "support": 2146.0
    },
    "3": {
     "precision": 0.8440881763527054,
     "recall": 0.8307692307692308,
     "f1-score": 0.837375745526839,
     "support": 2535.0
    },
    "4": {
     "precision": 0.6176160337552743,
     "recall": 0.6888235294117647,
     "f1-score": 0.6512791991101223,
     "support": 1700.0
    },
    "5": {
     "precision": 0.6770697876029476,
     "recall": 0.7323019221753398,
     "f1-score": 0.7036036036036036,
     "support": 2133.0
    },
    "6": {
     "precision": 0.7897659658865529,
     "recall": 0.7382276603633667,
     "f1-score": 0.7631276351092372,
     "support": 2697.0
    },
    "7": {
     "precision": 0.8086707273378717,
     "recall": 0.8117245099802194,
     "f1-score": 0.8101947410930629,
     "support": 5561.0
    },
    "8": {
     "precision": 0.7854794520547945,
     "recall": 0.7562648377736745,
     "f1-score": 0.7705953500873538,
     "support": 3791.0
    },
    "9": {
     "precision": 0.9258856770267333,
     "recall": 0.8993033565547816,
     "f1-score": 0.9124009423859499,
     "support": 4737.0
    },
    "accuracy": 0.8074998160005888,
    "macro avg": {
     "precision": 0.8017010545115595,
     "recall": 0.8089118552434262,
     "f1-score": 0.8047230503019653,
     "support": 27174.0
    },
    "weighted avg": {
     "precision": 0.8100051075283247,
     "recall": 0.8074998160005888,
     "f1-score": 0.8083255270327064,
     "support": 27174.0
    }
   }
  }
 }
}