{
 "dataset": "tabula_muris",
 "n_samples": 54865,
 "n_features": 1089,
 "n_classes": 55,
 "n_train": 32645,
 "n_test": 16458,
 "transformer_params": 75168,
 "total_params": 212559,
 "config": {
  "heads": [
   "cell_type"
  ],
  "cohorts": null,
  "n_hvg": null,
  "n_channels": 1,
  "batch_size": 128,
  "val_frac": 0.15,
  "test_frac": 0.15,
  "d_model": 96,
  "n_heads": 4,
  "d_ff": 192,
  "dropout": 0.1,
  "n_markers": 32,
  "marker_mode": "router",
  "pathway_pool": "mean",
  "compress_mode": "aggregate",
  "recursive_marker_refine": true,
  "peak_init": true,
  "anneal_markers": true,
  "recursion_depth": 4,
  "share_weights": true,
  "share_strategy": "cycle",
  "n_unique_blocks": null,
  "step_cache": false,
  "adaptive_depth": false,
  "marker_ffn": false,
  "recursion_mode": "expert",
  "router_capacity": null,
  "router_alpha": 1.0,
  "router_temp": 1.0,
  "router_type": "linear",
  "router_z_coeff": 0.001,
  "router_balance_coeff": 0.1,
  "gene_interaction": "none",
  "interaction_knn": 16,
  "router_prior_beta": 1.0,
  "router_prior_anneal": true,
  "pathway_attn_bias": false,
  "pathway_attn_lambda": 2.0,
  "lambda_marker": 0.1,
  "gamma_diversity": 0.05,
  "beta_compression": 0.01,
  "lr": 0.001,
  "weight_decay": 1e-05,
  "epochs": 80,
  "patience": 12,
  "seed": 0,
  "device": "cuda"
 },
 "heads": {
  "cell_type": {
   "accuracy": 0.6682464454976303,
   "macro_f1": 0.5378068691819546,
   "weighted_f1": 0.6934237888295794,
   "per_class": {
    "0": {
     "precision": 0.9381557150745444,
     "recall": 0.6828778135048231,
     "f1-score": 0.7904163759013724,
     "support": 2488.0
    },
    "1": {
     "precision": 0.11764705882352941,
     "recall": 0.6153846153846154,
     "f1-score": 0.19753086419753085,
     "support": 13.0
    },
    "2": {
     "precision": 0.325,
     "recall": 0.65,
     "f1-score": 0.43333333333333335,
     "support": 20.0
    },
    "3": {
     "precision": 0.3333333333333333,
     "recall": 0.5454545454545454,
     "f1-score": 0.41379310344827586,
     "support": 11.0
    },
    "4": {
     "precision": 0.8582677165354331,
     "recall": 0.6591080876795162,
     "f1-score": 0.7456177853783669,
     "support": 1323.0
    },
    "5": {
     "precision": 0.6623376623376623,
     "recall": 0.49038461538461536,
     "f1-score": 0.56353591160221,
     "support": 104.0
    },
    "6": {
     "precision": 0.7723577235772358,
     "recall": 0.8050847457627118,
     "f1-score": 0.7883817427385892,
     "support": 118.0
    },
    "7": {
     "precision": 0.9481292517006803,
     "recall": 0.840241145440844,
     "f1-score": 0.8909308829404714,
     "support": 1327.0
    },
    "8": {
     "precision": 0.288135593220339,
     "recall": 0.9444444444444444,
     "f1-score": 0.44155844155844154,
     "support": 18.0
    },
    "9": {
     "precision": 0.60381861575179,
     "recall": 0.7008310249307479,
     "f1-score": 0.6487179487179487,
     "support": 361.0
    },
    "10": {
     "precision": 0.9148936170212766,
     "recall": 0.9828571428571429,
     "f1-score": 0.9476584022038568,
     "support": 350.0
    },
    "11": {
     "precision": 0.5868544600938967,
     "recall": 0.3654970760233918,
     "f1-score": 0.45045045045045046,
     "support": 342.0
    },
    "12": {
     "precision": 0.6086956521739131,
     "recall": 0.7777777777777778,
     "f1-score": 0.6829268292682927,
     "support": 18.0
    },
    "13": {
     "precision": 0.5652173913043478,
     "recall": 0.8666666666666667,
     "f1-score": 0.6842105263157895,
     "support": 15.0
    },
    "14": {
     "precision": 0.2857142857142857,
     "recall": 0.2916666666666667,
     "f1-score": 0.28865979381443296,
     "support": 48.0
    },
    "15": {
     "precision": 0.2,
     "recall": 0.6153846153846154,
     "f1-score": 0.3018867924528302,
     "support": 13.0
    },
    "16": {
     "precision": 0.25925925925925924,
     "recall": 0.875,
     "f1-score": 0.4,
     "support": 8.0
    },
    "17": {
     "precision": 0.09090909090909091,
     "recall": 0.2631578947368421,
     "f1-score": 0.13513513513513514,
     "support": 19.0
    },
    "18": {
     "precision": 0.2711864406779661,
     "recall": 0.8421052631578947,
     "f1-score": 0.41025641025641024,
     "support": 19.0
    },
    "19": {
     "precision": 0.7220026350461133,
     "recall": 0.6424384525205158,
     "f1-score": 0.6799007444168734,
     "support": 853.0
    },
    "20": {
     "precision": 0.039473684210526314,
     "recall": 0.375,
     "f1-score": 0.07142857142857142,
     "support": 8.0
    },
    "21": {
     "precision": 0.8300970873786407,
     "recall": 0.6551724137931034,
     "f1-score": 0.7323340471092077,
     "support": 261.0
    },
    "22": {
     "precision": 0.32608695652173914,
     "recall": 0.6521739130434783,
     "f1-score": 0.43478260869565216,
     "support": 46.0
    },
    "23": {
     "precision": 0.1956521739130435,
     "recall": 0.5294117647058824,
     "f1-score": 0.2857142857142857,
     "support": 68.0
    },
    "24": {
     "precision": 0.6771929824561403,
     "recall": 0.8853211009174312,
     "f1-score": 0.7673956262425448,
     "support": 218.0
    },
    "25": {
     "precision": 0.7083333333333334,
     "recall": 0.9026548672566371,
     "f1-score": 0.7937743190661478,
     "support": 113.0
    },
    "26": {
     "precision": 0.5174825174825175,
     "recall": 0.6271186440677966,
     "f1-score": 0.5670498084291188,
     "support": 118.0
    },
    "27": {
     "precision": 0.9337349397590361,
     "recall": 0.8790170132325141,
     "f1-score": 0.9055501460564752,
     "support": 529.0
    },
    "28": {
     "precision": 0.025252525252525252,
     "recall": 0.5882352941176471,
     "f1-score": 0.048426150121065374,
     "support": 34.0
    },
    "29": {
     "precision": 0.6584022038567493,
     "recall": 0.5886699507389163,
     "f1-score": 0.6215864759427828,
     "support": 406.0
    },
    "30": {
     "precision": 0.8565697091273822,
     "recall": 0.9252437703141928,
     "f1-score": 0.8895833333333333,
     "support": 923.0
    },
    "31": {
     "precision": 0.3868312757201646,
     "recall": 0.7966101694915254,
     "f1-score": 0.5207756232686981,
     "support": 118.0
    },
    "32": {
     "precision": 0.2857142857142857,
     "recall": 0.14285714285714285,
     "f1-score": 0.19047619047619047,
     "support": 14.0
    },
    "33": {
     "precision": 0.5869565217391305,
     "recall": 0.40601503759398494,
     "f1-score": 0.48,
     "support": 133.0
    },
    "34": {
     "precision": 0.6473429951690821,
     "recall": 0.950354609929078,
     "f1-score": 0.7701149425287356,
     "support": 141.0
    },
    "35": {
     "precision": 0.9913544668587896,
     "recall": 0.958217270194986,
     "f1-score": 0.9745042492917847,
     "support": 359.0
    },
    "36": {
     "precision": 0.5567010309278351,
     "recall": 0.6835443037974683,
     "f1-score": 0.6136363636363636,
     "support": 79.0
    },
    "37": {
     "precision": 0.23125,
     "recall": 0.38144329896907214,
     "f1-score": 0.28793774319066145,
     "support": 97.0
    },
    "38": {
     "precision": 0.664804469273743,
     "recall": 0.8623188405797102,
     "f1-score": 0.750788643533123,
     "support": 138.0
    },
    "39": {
     "precision": 0.6916666666666667,
     "recall": 0.5971223021582733,
     "f1-score": 0.640926640926641,
     "support": 139.0
    },
    "40": {
     "precision": 0.3112033195020747,
     "recall": 0.1893939393939394,
     "f1-score": 0.23547880690737832,
     "support": 396.0
    },
    "41": {
     "precision": 0.5,
     "recall": 0.42857142857142855,
     "f1-score": 0.46153846153846156,
     "support": 7.0
    },
    "42": {
     "precision": 0.2765957446808511,
     "recall": 0.8666666666666667,
     "f1-score": 0.41935483870967744,
     "support": 15.0
    },
    "43": {
     "precision": 0.9015873015873016,
     "recall": 0.6032285471537808,
     "f1-score": 0.7228302367014507,
     "support": 2354.0
    },