{
 "dataset": "tcell",
 "n_samples": 24007,
 "n_features": 1089,
 "n_classes": 7,
 "n_train": 14283,
 "n_test": 7203,
 "transformer_params": 75168,
 "total_params": 203247,
 "config": {
  "heads": [
   "cell_type"
  ],
  "cohorts": null,
  "n_hvg": null,
  "n_channels": 1,
  "batch_size": 128,
  "val_frac": 0.15,
  "test_frac": 0.15,
  "d_model": 96,
  "n_heads": 4,
  "d_ff": 192,
  "dropout": 0.1,
  "n_markers": 32,
  "marker_mode": "router",
  "pathway_pool": "mean",
  "compress_mode": "aggregate",
  "recursive_marker_refine": true,
  "peak_init": true,
  "anneal_markers": true,
  "recursion_depth": 4,
  "share_weights": true,
  "share_strategy": "cycle",
  "n_unique_blocks": null,
  "step_cache": false,
  "adaptive_depth": false,
  "marker_ffn": false,
  "recursion_mode": "expert",
  "router_capacity": null,
  "router_alpha": 1.0,
  "router_temp": 1.0,
  "router_type": "linear",
  "router_z_coeff": 0.001,
  "router_balance_coeff": 0.1,
  "gene_interaction": "none",
  "interaction_knn": 16,
  "router_prior_beta": 1.0,
  "router_prior_anneal": true,
  "pathway_attn_bias": false,
  "pathway_attn_lambda": 2.0,
  "lambda_marker": 0.1,
  "gamma_diversity": 0.05,
  "beta_compression": 0.01,
  "lr": 0.001,
  "weight_decay": 1e-05,
  "epochs": 80,
  "patience": 12,
  "seed": 0,
  "device": "cuda"
 },
 "heads": {
  "cell_type": {
   "accuracy": 0.5471331389698737,
   "macro_f1": 0.32728306848063954,
   "weighted_f1": 0.5868508934151466,
   "per_class": {
    "0": {
     "precision": 0.1437308868501529,
     "recall": 0.19183673469387755,
     "f1-score": 0.16433566433566432,
     "support": 245.0
    },
    "1": {
     "precision": 0.3201820940819423,
     "recall": 0.3900184842883549,
     "f1-score": 0.3516666666666667,
     "support": 541.0
    },
    "2": {
     "precision": 0.8920672368033029,
     "recall": 0.6616360454943132,
     "f1-score": 0.7597639080748462,
     "support": 4572.0
    },
    "3": {
     "precision": 0.15789473684210525,
     "recall": 0.08385093167701864,
     "f1-score": 0.10953346855983773,
     "support": 322.0
    },
    "4": {
     "precision": 0.22961854899027673,
     "recall": 0.4694189602446483,
     "f1-score": 0.30838774485183323,
     "support": 654.0
    },
    "5": {
     "precision": 0.42653061224489797,
     "recall": 0.3628472222222222,
     "f1-score": 0.3921200750469043,
     "support": 576.0
    },
    "6": {
     "precision": 0.1388888888888889,
     "recall": 0.3924914675767918,
     "f1-score": 0.20517395182872436,
     "support": 293.0
    },
    "accuracy": 0.5471331389698737,
    "macro avg": {
     "precision": 0.3298447149573667,
     "recall": 0.36458569231388954,
     "f1-score": 0.32728306848063954,
     "support": 7203.0
    },
    "weighted avg": {
     "precision": 0.6628283632155524,
     "recall": 0.5471331389698737,
     "f1-score": 0.5868508934151466,
     "support": 7203.0
    }
   }
  }
 }
}