{
 "task": "prostate",
 "arm": "token_k4",
 "pos_class": 1,
 "n_folds": 10,
 "pos_f1": [
  0.700278240254878,
  0.07572368762424808
 ],
 "pos_precision": [
  0.6503214559273338,
  0.12368106757313667
 ],
 "pos_recall": [
  0.7941203075531434,
  0.08413554106203656
 ],
 "maj_f1": [
  0.7635005416663132,
  0.25599870495357374
 ],
 "macro_f1": [
  0.7318893909605956,
  0.1637486386266263
 ],
 "accuracy": [
  0.75709896112764,
  0.14517934871473248
 ]
}