{
 "dataset": "prototype",
 "n_samples": 90579,
 "n_features": 752,
 "n_classes": 10,
 "n_train": 53894,
 "n_test": 27174,
 "transformer_params": 75168,
 "total_params": 192981,
 "config": {
  "heads": [
   "cell_type"
  ],
  "cohorts": null,
  "n_hvg": null,
  "n_channels": 1,
  "batch_size": 128,
  "val_frac": 0.15,
  "test_frac": 0.15,
  "d_model": 96,
  "n_heads": 4,
  "d_ff": 192,
  "dropout": 0.1,
  "n_markers": 256,
  "marker_mode": "router",
  "pathway_pool": "mean",
  "compress_mode": "aggregate",
  "recursive_marker_refine": true,
  "peak_init": true,
  "anneal_markers": true,
  "recursion_depth": 4,
  "share_weights": true,
  "share_strategy": "cycle",
  "n_unique_blocks": null,
  "step_cache": false,
  "adaptive_depth": false,
  "marker_ffn": false,
  "recursion_mode": "expert",
  "router_capacity": null,
  "router_alpha": 1.0,
  "router_temp": 1.0,
  "router_type": "linear",
  "router_z_coeff": 0.001,
  "router_balance_coeff": 0.1,
  "gene_interaction": "none",
  "interaction_knn": 16,
  "router_prior_beta": 1.0,
  "router_prior_anneal": true,
  "pathway_attn_bias": false,
  "pathway_attn_lambda": 2.0,
  "lambda_marker": 0.1,
  "gamma_diversity": 0.05,
  "beta_compression": 0.01,
  "lr": 0.001,
  "weight_decay": 1e-05,
  "epochs": 80,
  "patience": 12,
  "seed": 0,
  "device": "cuda"
 },
 "heads": {
  "cell_type": {
   "accuracy": 0.9807536615882829,
   "macro_f1": 0.977732024940989,
   "weighted_f1": 0.98076291417336,
   "per_class": {
    "0": {
     "precision": 0.988399071925754,
     "recall": 0.9918509895227008,
     "f1-score": 0.990122022080186,
     "support": 859.0
    },
    "1": {
     "precision": 0.9813542688910697,
     "recall": 0.9852216748768473,
     "f1-score": 0.983284169124877,
     "support": 1015.0
    },
    "2": {
     "precision": 0.9617158671586716,
     "recall": 0.9715750232991612,
     "f1-score": 0.9666203059805285,
     "support": 2146.0
    },
    "3": {
     "precision": 0.9824210946863764,
     "recall": 0.9700197238658778,
     "f1-score": 0.9761810242159588,
     "support": 2535.0
    },
    "4": {
     "precision": 0.9445417396380619,
     "recall": 0.951764705882353,
     "f1-score": 0.9481394667447993,
     "support": 1700.0
    },
    "5": {
     "precision": 0.9645356976201587,
     "recall": 0.9690576652601969,
     "f1-score": 0.9667913938260057,
     "support": 2133.0
    },
    "6": {
     "precision": 0.9832089552238806,
     "recall": 0.9770114942528736,
     "f1-score": 0.9801004277478148,
     "support": 2697.0
    },
    "7": {
     "precision": 0.9922200108557988,
     "recall": 0.9861535695018881,
     "f1-score": 0.9891774891774892,
     "support": 5561.0
    },
    "8": {
     "precision": 0.9823172340987067,
     "recall": 0.9817989976259562,
     "f1-score": 0.9820580474934036,
     "support": 3791.0
    },
    "9": {
     "precision": 0.9914046121593292,
     "recall": 0.9983111674055309,
     "f1-score": 0.9948459030188282,
     "support": 4737.0
    },
    "accuracy": 0.9807536615882829,
    "macro avg": {
     "precision": 0.9772118552257808,
     "recall": 0.9782765011493385,
     "f1-score": 0.977732024940989,
     "support": 27174.0
    },
    "weighted avg": {
     "precision": 0.9807964608428822,
     "recall": 0.9807536615882829,
     "f1-score": 0.98076291417336,
     "support": 27174.0
    }
   }
  }
 }
}