{
 "dataset": "tabula_muris",
 "n_samples": 54865,
 "n_features": 1089,
 "n_classes": 55,
 "n_train": 32645,
 "n_test": 16458,
 "transformer_params": 75168,
 "total_params": 234063,
 "config": {
  "heads": [
   "cell_type"
  ],
  "cohorts": null,
  "n_hvg": null,
  "n_channels": 1,
  "batch_size": 128,
  "val_frac": 0.15,
  "test_frac": 0.15,
  "d_model": 96,
  "n_heads": 4,
  "d_ff": 192,
  "dropout": 0.1,
  "n_markers": 256,
  "marker_mode": "router",
  "pathway_pool": "mean",
  "compress_mode": "aggregate",
  "recursive_marker_refine": true,
  "peak_init": true,
  "anneal_markers": true,
  "recursion_depth": 4,
  "share_weights": true,
  "share_strategy": "cycle",
  "n_unique_blocks": null,
  "step_cache": false,
  "adaptive_depth": false,
  "marker_ffn": false,
  "recursion_mode": "expert",
  "router_capacity": null,
  "router_alpha": 1.0,
  "router_temp": 1.0,
  "router_type": "linear",
  "router_z_coeff": 0.001,
  "router_balance_coeff": 0.1,
  "gene_interaction": "none",
  "interaction_knn": 16,
  "router_prior_beta": 1.0,
  "router_prior_anneal": true,
  "pathway_attn_bias": false,
  "pathway_attn_lambda": 2.0,
  "lambda_marker": 0.1,
  "gamma_diversity": 0.05,
  "beta_compression": 0.01,
  "lr": 0.001,
  "weight_decay": 1e-05,
  "epochs": 80,
  "patience": 12,
  "seed": 0,
  "device": "cuda"
 },
 "heads": {
  "cell_type": {
   "accuracy": 0.8581237088346093,
   "macro_f1": 0.7807192422772871,
   "weighted_f1": 0.8592183303520455,
   "per_class": {
    "0": {
     "precision": 0.9484060402684564,
     "recall": 0.9087620578778135,
     "f1-score": 0.9281609195402298,
     "support": 2488.0
    },
    "1": {
     "precision": 0.1951219512195122,
     "recall": 0.6153846153846154,
     "f1-score": 0.2962962962962963,
     "support": 13.0
    },
    "2": {
     "precision": 0.7222222222222222,
     "recall": 0.65,
     "f1-score": 0.6842105263157895,
     "support": 20.0
    },
    "3": {
     "precision": 0.6923076923076923,
     "recall": 0.8181818181818182,
     "f1-score": 0.75,
     "support": 11.0
    },
    "4": {
     "precision": 0.9333902647309992,
     "recall": 0.8261526832955405,
     "f1-score": 0.8765036086607859,
     "support": 1323.0
    },
    "5": {
     "precision": 0.9702970297029703,
     "recall": 0.9423076923076923,
     "f1-score": 0.9560975609756097,
     "support": 104.0
    },
    "6": {
     "precision": 0.905511811023622,
     "recall": 0.9745762711864406,
     "f1-score": 0.9387755102040817,
     "support": 118.0
    },
    "7": {
     "precision": 0.976,
     "recall": 0.9193669932177845,
     "f1-score": 0.946837407838572,
     "support": 1327.0
    },
    "8": {
     "precision": 0.8333333333333334,
     "recall": 0.8333333333333334,
     "f1-score": 0.8333333333333334,
     "support": 18.0
    },
    "9": {
     "precision": 0.9251336898395722,
     "recall": 0.9584487534626038,
     "f1-score": 0.9414965986394558,
     "support": 361.0
    },
    "10": {
     "precision": 0.9943019943019943,
     "recall": 0.9971428571428571,
     "f1-score": 0.9957203994293866,
     "support": 350.0
    },
    "11": {
     "precision": 0.6866840731070496,
     "recall": 0.7690058479532164,
     "f1-score": 0.7255172413793104,
     "support": 342.0
    },
    "12": {
     "precision": 0.9473684210526315,
     "recall": 1.0,
     "f1-score": 0.972972972972973,
     "support": 18.0
    },
    "13": {
     "precision": 0.9333333333333333,
     "recall": 0.9333333333333333,
     "f1-score": 0.9333333333333333,
     "support": 15.0
    },
    "14": {
     "precision": 0.5087719298245614,
     "recall": 0.6041666666666666,
     "f1-score": 0.5523809523809524,
     "support": 48.0
    },
    "15": {
     "precision": 0.3548387096774194,
     "recall": 0.8461538461538461,
     "f1-score": 0.5,
     "support": 13.0
    },
    "16": {
     "precision": 0.6666666666666666,
     "recall": 0.75,
     "f1-score": 0.7058823529411765,
     "support": 8.0
    },
    "17": {
     "precision": 0.8571428571428571,
     "recall": 0.9473684210526315,
     "f1-score": 0.9,
     "support": 19.0
    },
    "18": {
     "precision": 0.782608695652174,
     "recall": 0.9473684210526315,
     "f1-score": 0.8571428571428571,
     "support": 19.0
    },
    "19": {
     "precision": 0.9275730622617535,
     "recall": 0.8558030480656507,
     "f1-score": 0.8902439024390244,
     "support": 853.0
    },
    "20": {
     "precision": 1.0,
     "recall": 0.875,
     "f1-score": 0.9333333333333333,
     "support": 8.0
    },
    "21": {
     "precision": 0.8996282527881041,
     "recall": 0.9272030651340997,
     "f1-score": 0.9132075471698113,
     "support": 261.0
    },
    "22": {
     "precision": 0.8269230769230769,
     "recall": 0.9347826086956522,
     "f1-score": 0.8775510204081632,
     "support": 46.0
    },
    "23": {
     "precision": 0.7571428571428571,
     "recall": 0.7794117647058824,
     "f1-score": 0.7681159420289855,
     "support": 68.0
    },
    "24": {
     "precision": 0.9452054794520548,
     "recall": 0.9495412844036697,
     "f1-score": 0.9473684210526315,
     "support": 218.0
    },
    "25": {
     "precision": 0.9285714285714286,
     "recall": 0.9203539823008849,
     "f1-score": 0.9244444444444444,
     "support": 113.0
    },
    "26": {
     "precision": 0.8130081300813008,
     "recall": 0.847457627118644,
     "f1-score": 0.8298755186721992,
     "support": 118.0
    },
    "27": {
     "precision": 0.9962121212121212,
     "recall": 0.994328922495274,
     "f1-score": 0.9952696310312205,
     "support": 529.0
    },
    "28": {
     "precision": 0.1050228310502283,
     "recall": 0.6764705882352942,
     "f1-score": 0.18181818181818182,
     "support": 34.0
    },
    "29": {
     "precision": 0.782608695652174,
     "recall": 0.9310344827586207,
     "f1-score": 0.8503937007874016,
     "support": 406.0
    },
    "30": {
     "precision": 0.9049079754601227,
     "recall": 0.9588299024918743,
     "f1-score": 0.9310889005786428,
     "support": 923.0
    },
    "31": {
     "precision": 0.8660714285714286,
     "recall": 0.8220338983050848,
     "f1-score": 0.8434782608695652,
     "support": 118.0
    },
    "32": {
     "precision": 0.25,
     "recall": 0.14285714285714285,
     "f1-score": 0.18181818181818182,
     "support": 14.0
    },
    "33": {
     "precision": 0.8790322580645161,
     "recall": 0.8195488721804511,
     "f1-score": 0.8482490272373541,
     "support": 133.0
    },
    "34": {
     "precision": 0.8903225806451613,
     "recall": 0.9787234042553191,
     "f1-score": 0.9324324324324325,
     "support": 141.0
    },
    "35": {
     "precision": 0.9834254143646409,
     "recall": 0.9916434540389972,
     "f1-score": 0.9875173370319001,
     "support": 359.0
    },
    "36": {
     "precision": 0.9166666666666666,
     "recall": 0.9746835443037974,
     "f1-score": 0.9447852760736196,
     "support": 79.0
    },
    "37": {
     "precision": 0.5,
     "recall": 0.4948453608247423,
     "f1-score": 0.49740932642487046,
     "support": 97.0
    },
    "38": {
     "precision": 0.9183673469387755,
     "recall": 0.9782608695652174,
     "f1-score": 0.9473684210526315,
     "support": 138.0
    },
    "39": {
     "precision": 0.7078651685393258,
     "recall": 0.9064748201438849,
     "f1-score": 0.7949526813880127,
     "support": 139.0
    },
    "40": {
     "precision": 0.483739837398374,
     "recall": 0.3005050505050505,
     "f1-score": 0.3707165109034268,
     "support": 396.0
    },
    "41": {
     "precision": 0.5,
     "recall": 1.0,
     "f1-score": 0.6666666666666666,
     "support": 7.0
    },
    "42": {
     "precision": 0.5833333333333334,
     "recall": 0.9333333333333333,
     "f1-score": 0.717948717948718,
     "support": 15.0
    },
    "43": {
     "precision": 0.9796272214997833,
     "recall": 0.9600679694137638,
     "f1-score": 0.9697489809053851,
     "support": 2354.0
    },
    "44": {
     "precision": 0.3561946902654867,
     "recall": 0.9442815249266863,