{
 "dataset": "baron",
 "n_samples": 8569,
 "n_features": 1936,
 "n_classes": 14,
 "n_train": 5098,
 "n_test": 2571,
 "transformer_params": 74880,
 "total_params": 294845,
 "config": {
  "heads": [
   "cell_type"
  ],
  "cohorts": null,
  "n_hvg": null,
  "n_channels": 1,
  "batch_size": 128,
  "val_frac": 0.15,
  "test_frac": 0.15,
  "d_model": 96,
  "n_heads": 4,
  "d_ff": 192,
  "dropout": 0.1,
  "n_markers": 128,
  "marker_mode": "router",
  "pathway_pool": "mean",
  "compress_mode": "aggregate",
  "recursive_marker_refine": true,
  "peak_init": true,
  "anneal_markers": true,
  "recursion_depth": 1,
  "share_weights": true,
  "share_strategy": "cycle",
  "n_unique_blocks": null,
  "step_cache": false,
  "adaptive_depth": false,
  "marker_ffn": false,
  "recursion_mode": "expert",
  "router_capacity": null,
  "router_alpha": 1.0,
  "router_temp": 1.0,
  "router_type": "linear",
  "router_z_coeff": 0.001,
  "router_balance_coeff": 0.1,
  "gene_interaction": "none",
  "interaction_knn": 16,
  "router_prior_beta": 1.0,
  "router_prior_anneal": true,
  "pathway_attn_bias": false,
  "pathway_attn_lambda": 2.0,
  "lambda_marker": 0.1,
  "gamma_diversity": 0.05,
  "beta_compression": 0.01,
  "lr": 0.001,
  "weight_decay": 1e-05,
  "epochs": 150,
  "patience": 15,
  "seed": 0,
  "device": "cuda"
 },
 "heads": {
  "cell_type": {
   "accuracy": 0.8199144301828083,
   "macro_f1": 0.5427369206856573,
   "weighted_f1": 0.8347852578592719,
   "per_class": {
    "0": {
     "precision": 0.8729641693811075,
     "recall": 0.9337979094076655,
     "f1-score": 0.9023569023569024,
     "support": 287.0
    },
    "1": {
     "precision": 0.7023809523809523,
     "recall": 0.6941176470588235,
     "f1-score": 0.6982248520710059,
     "support": 85.0
    },
    "2": {
     "precision": 0.939297124600639,
     "recall": 0.8424068767908309,
     "f1-score": 0.8882175226586103,
     "support": 698.0
    },
    "3": {
     "precision": 0.9307909604519774,
     "recall": 0.8693931398416886,
     "f1-score": 0.8990450204638472,
     "support": 758.0
    },
    "4": {
     "precision": 0.6432160804020101,
     "recall": 0.7111111111111111,
     "f1-score": 0.6754617414248021,
     "support": 180.0
    },
    "5": {
     "precision": 0.950530035335689,
     "recall": 0.8328173374613003,
     "f1-score": 0.8877887788778878,
     "support": 323.0
    },
    "6": {
     "precision": 0.7818181818181819,
     "recall": 0.5657894736842105,
     "f1-score": 0.6564885496183206,
     "support": 76.0
    },
    "7": {
     "precision": 0.0,
     "recall": 0.0,
     "f1-score": 0.0,
     "support": 5.0
    },
    "8": {
     "precision": 0.2972972972972973,
     "recall": 0.5714285714285714,
     "f1-score": 0.39111111111111113,
     "support": 77.0
    },
    "9": {
     "precision": 0.35135135135135137,
     "recall": 0.7647058823529411,
     "f1-score": 0.48148148148148145,
     "support": 17.0
    },
    "10": {
     "precision": 0.2727272727272727,
     "recall": 0.8571428571428571,
     "f1-score": 0.41379310344827586,
     "support": 7.0
    },
    "11": {
     "precision": 0.4603174603174603,
     "recall": 0.5576923076923077,
     "f1-score": 0.5043478260869565,
     "support": 52.0
    },
    "12": {
     "precision": 0.125,
     "recall": 0.5,
     "f1-score": 0.2,
     "support": 4.0
    },
    "13": {
     "precision": 0.0,
     "recall": 0.0,
     "f1-score": 0.0,
     "support": 2.0
    },
    "accuracy": 0.8199144301828083,
    "macro avg": {
     "precision": 0.52340649186171,
     "recall": 0.6214573652837363,
     "f1-score": 0.5427369206856573,
     "support": 2571.0
    },
    "weighted avg": {
     "precision": 0.859136826127203,
     "recall": 0.8199144301828083,
     "f1-score": 0.8347852578592719,
     "support": 2571.0
    }
   }
  }
 }
}