{
 "dataset": "oesophagus",
 "n_samples": 87947,
 "n_features": 1089,
 "n_classes": 18,
 "n_train": 52327,
 "n_test": 26385,
 "transformer_params": 74880,
 "total_params": 214309,
 "config": {
  "heads": [
   "cell_type"
  ],
  "cohorts": null,
  "n_hvg": null,
  "n_channels": 1,
  "batch_size": 128,
  "val_frac": 0.15,
  "test_frac": 0.15,
  "d_model": 96,
  "n_heads": 4,
  "d_ff": 192,
  "dropout": 0.1,
  "n_markers": 128,
  "marker_mode": "router",
  "pathway_pool": "mean",
  "compress_mode": "aggregate",
  "recursive_marker_refine": true,
  "peak_init": true,
  "anneal_markers": true,
  "recursion_depth": 1,
  "share_weights": true,
  "share_strategy": "cycle",
  "n_unique_blocks": null,
  "step_cache": false,
  "adaptive_depth": false,
  "marker_ffn": false,
  "recursion_mode": "expert",
  "router_capacity": null,
  "router_alpha": 1.0,
  "router_temp": 1.0,
  "router_type": "linear",
  "router_z_coeff": 0.001,
  "router_balance_coeff": 0.1,
  "gene_interaction": "none",
  "interaction_knn": 16,
  "router_prior_beta": 1.0,
  "router_prior_anneal": true,
  "pathway_attn_bias": false,
  "pathway_attn_lambda": 2.0,
  "lambda_marker": 0.1,
  "gamma_diversity": 0.05,
  "beta_compression": 0.01,
  "lr": 0.001,
  "weight_decay": 1e-05,
  "epochs": 150,
  "patience": 15,
  "seed": 0,
  "device": "cuda"
 },
 "heads": {
  "cell_type": {
   "accuracy": 0.809399279893879,
   "macro_f1": 0.6197428749704111,
   "weighted_f1": 0.8171201333857475,
   "per_class": {
    "0": {
     "precision": 0.472636815920398,
     "recall": 0.6834532374100719,
     "f1-score": 0.5588235294117647,
     "support": 139.0
    },
    "1": {
     "precision": 0.6188340807174888,
     "recall": 0.5948275862068966,
     "f1-score": 0.6065934065934065,
     "support": 232.0
    },
    "2": {
     "precision": 0.8604651162790697,
     "recall": 0.8240534521158129,
     "f1-score": 0.8418657565415245,
     "support": 449.0
    },
    "3": {
     "precision": 0.6756756756756757,
     "recall": 0.7425742574257426,
     "f1-score": 0.7075471698113207,
     "support": 101.0
    },
    "4": {
     "precision": 0.43271767810026385,
     "recall": 0.7256637168141593,
     "f1-score": 0.5421487603305785,
     "support": 226.0
    },
    "5": {
     "precision": 0.6034896401308615,
     "recall": 0.8485127261576204,
     "f1-score": 0.7053275554422636,
     "support": 3261.0
    },
    "6": {
     "precision": 0.9689331299670868,
     "recall": 0.7971732382273298,
     "f1-score": 0.8747010652945866,
     "support": 15141.0
    },
    "7": {
     "precision": 0.7627692307692308,
     "recall": 0.8263333333333334,
     "f1-score": 0.79328,
     "support": 3000.0
    },
    "8": {
     "precision": 0.7499287140005703,
     "recall": 0.9581056466302368,
     "f1-score": 0.8413307741522713,
     "support": 2745.0
    },
    "9": {
     "precision": 0.8085106382978723,
     "recall": 0.7169811320754716,
     "f1-score": 0.76,
     "support": 53.0
    },
    "10": {
     "precision": 0.75,
     "recall": 0.75,
     "f1-score": 0.75,
     "support": 16.0
    },
    "11": {
     "precision": 0.34375,
     "recall": 0.6875,
     "f1-score": 0.4583333333333333,
     "support": 32.0
    },
    "12": {
     "precision": 0.37142857142857144,
     "recall": 0.38235294117647056,
     "f1-score": 0.37681159420289856,
     "support": 34.0
    },
    "13": {
     "precision": 0.48091603053435117,
     "recall": 0.63,
     "f1-score": 0.5454545454545454,
     "support": 100.0
    },
    "14": {
     "precision": 0.1875,
     "recall": 0.2,
     "f1-score": 0.1935483870967742,
     "support": 60.0
    },
    "15": {
     "precision": 0.7655172413793103,
     "recall": 0.7302631578947368,
     "f1-score": 0.7474747474747475,
     "support": 152.0
    },
    "16": {
     "precision": 0.41685144124168516,
     "recall": 0.4641975308641975,
     "f1-score": 0.4392523364485981,
     "support": 405.0
    },
    "17": {
     "precision": 0.3771626297577855,
     "recall": 0.4560669456066946,
     "f1-score": 0.4128787878787879,
     "support": 239.0
    },
    "accuracy": 0.809399279893879,
    "macro avg": {
     "precision": 0.5915048130111233,
     "recall": 0.6676699389965987,
     "f1-score": 0.6197428749704111,
     "support": 26385.0
    },
    "weighted avg": {
     "precision": 0.8436709156943983,
     "recall": 0.809399279893879,
     "f1-score": 0.8171201333857475,
     "support": 26385.0
    }
   }
  }
 }
}