{
 "dataset": "tcell",
 "n_samples": 24007,
 "n_features": 1089,
 "n_classes": 7,
 "n_train": 14283,
 "n_test": 7203,
 "transformer_params": 74880,
 "total_params": 212175,
 "config": {
  "heads": [
   "cell_type"
  ],
  "cohorts": null,
  "n_hvg": null,
  "n_channels": 1,
  "batch_size": 128,
  "val_frac": 0.15,
  "test_frac": 0.15,
  "d_model": 96,
  "n_heads": 4,
  "d_ff": 192,
  "dropout": 0.1,
  "n_markers": 128,
  "marker_mode": "router",
  "pathway_pool": "mean",
  "compress_mode": "aggregate",
  "recursive_marker_refine": true,
  "peak_init": true,
  "anneal_markers": true,
  "recursion_depth": 1,
  "share_weights": true,
  "share_strategy": "cycle",
  "n_unique_blocks": null,
  "step_cache": false,
  "adaptive_depth": false,
  "marker_ffn": false,
  "recursion_mode": "expert",
  "router_capacity": null,
  "router_alpha": 1.0,
  "router_temp": 1.0,
  "router_type": "linear",
  "router_z_coeff": 0.001,
  "router_balance_coeff": 0.1,
  "gene_interaction": "none",
  "interaction_knn": 16,
  "router_prior_beta": 1.0,
  "router_prior_anneal": true,
  "pathway_attn_bias": false,
  "pathway_attn_lambda": 2.0,
  "lambda_marker": 0.1,
  "gamma_diversity": 0.05,
  "beta_compression": 0.01,
  "lr": 0.001,
  "weight_decay": 1e-05,
  "epochs": 150,
  "patience": 15,
  "seed": 0,
  "device": "cuda"
 },
 "heads": {
  "cell_type": {
   "accuracy": 0.6565320005553241,
   "macro_f1": 0.5153911680583992,
   "weighted_f1": 0.694692918157837,
   "per_class": {
    "0": {
     "precision": 0.4666666666666667,
     "recall": 0.5428571428571428,
     "f1-score": 0.5018867924528302,
     "support": 245.0
    },
    "1": {
     "precision": 0.7105751391465677,
     "recall": 0.7079482439926063,
     "f1-score": 0.7092592592592593,
     "support": 541.0
    },
    "2": {
     "precision": 0.913552704963748,
     "recall": 0.7165354330708661,
     "f1-score": 0.8031380240254965,
     "support": 4572.0
    },
    "3": {
     "precision": 0.09749670619235837,
     "recall": 0.22981366459627328,
     "f1-score": 0.13691026827012026,
     "support": 322.0
    },
    "4": {
     "precision": 0.44129032258064516,
     "recall": 0.5229357798165137,
     "f1-score": 0.47865640307907625,
     "support": 654.0
    },
    "5": {
     "precision": 0.6957403651115619,
     "recall": 0.5954861111111112,
     "f1-score": 0.6417212347988774,
     "support": 576.0
    },
    "6": {
     "precision": 0.23237597911227154,
     "recall": 0.6075085324232082,
     "f1-score": 0.336166194523135,
     "support": 293.0
    },
    "accuracy": 0.6565320005553241,
    "macro avg": {
     "precision": 0.5082425548248314,
     "recall": 0.5604407011239603,
     "f1-score": 0.5153911680583992,
     "support": 7203.0
    },
    "weighted avg": {
     "precision": 0.7586211124880909,
     "recall": 0.6565320005553241,
     "f1-score": 0.694692918157837,
     "support": 7203.0
    }
   }
  }
 }
}