{
 "dataset": "baron",
 "config": "depth1",
 "seed": 2,
 "n_classes": 14,
 "n_test": 2571,
 "nll": 0.4712124970039883,
 "ece": 0.023283642564235187,
 "brier": 0.22811797228412392,
 "conf": 0.8507805702208808,
 "auroc": 0.8397251390800806
}