{
 "dataset": "blca",
 "config": "depth1",
 "seed": 2,
 "n_classes": 2,
 "n_test": 81,
 "nll": 7.420732510872808,
 "ece": 0.33423664089299354,
 "brier": 0.6514017484921791,
 "conf": 0.9831495215365993,
 "auroc": 0.5006993006993007
}