{
 "dataset": "common_class",
 "config": "depth1",
 "seed": 2,
 "n_classes": 19,
 "n_test": 8250,
 "nll": 0.7150586933425873,
 "ece": 0.026381039403902844,
 "brier": 0.31249325991625376,
 "conf": 0.7578451362533831,
 "auroc": 0.8553102000037491
}