{
 "dataset": "lung",
 "config": "depth1",
 "seed": 2,
 "n_classes": 25,
 "n_test": 17106,
 "nll": 0.6725984450555875,
 "ece": 0.025398994655403698,
 "brier": 0.3188844169100043,
 "conf": 0.7938428155369658,
 "auroc": 0.8305096217216377
}