{
 "dataset": "oesophagus",
 "config": "depth1",
 "seed": 2,
 "n_classes": 18,
 "n_test": 26385,
 "nll": 0.6086148066273853,
 "ece": 0.03966107948873935,
 "brier": 0.31002515633021543,
 "conf": 0.8163144810426526,
 "auroc": 0.8219085815595107
}