{
 "dataset": "pancreas",
 "config": "depth1",
 "seed": 2,
 "n_classes": 15,
 "n_test": 2127,
 "nll": 0.3090735181263194,
 "ece": 0.04122502443331861,
 "brier": 0.11966808796090135,
 "conf": 0.9114011447975254,
 "auroc": 0.7864130079172937
}