{
 "dataset": "panmeta_subtype",
 "config": "depth1",
 "seed": 2,
 "n_classes": 32,
 "n_test": 1718,
 "nll": 1.1198957071914049,
 "ece": 0.04850442721568398,
 "brier": 0.45033482792460905,
 "conf": 0.621561719825768,
 "auroc": 0.8289438708785659
}