{
 "dataset": "prostate",
 "config": "depth1",
 "seed": 2,
 "n_classes": 2,
 "n_test": 203,
 "nll": 4.87675353389531,
 "ece": 0.300730063907229,
 "brier": 0.6552942628248828,
 "conf": 0.8728279288198725,
 "auroc": 0.3377862595419847
}