{
 "dataset": "prototype",
 "config": "depth1",
 "seed": 2,
 "n_classes": 10,
 "n_test": 27174,
 "nll": 0.19914486140921436,
 "ece": 0.022832372580396318,
 "brier": 0.0964525354054181,
 "conf": 0.9586901778354194,
 "auroc": 0.9200312600441367
}