{
 "dataset": "spleen",
 "config": "depth1",
 "seed": 2,
 "n_classes": 28,
 "n_test": 28239,
 "nll": 1.1185828823621862,
 "ece": 0.011707042580983628,
 "brier": 0.5127060481471446,
 "conf": 0.6121648599340378,
 "auroc": 0.7640839833938733
}