{
 "dataset": "stad",
 "config": "depth1",
 "seed": 2,
 "n_classes": 2,
 "n_test": 83,
 "nll": 6.382596559257367,
 "ece": 0.4456659266462844,
 "brier": 0.8750692167615727,
 "conf": 0.8535976878141782,
 "auroc": 0.5443262411347518
}