{
 "dataset": "tabula_muris",
 "config": "depth1",
 "seed": 2,
 "n_classes": 55,
 "n_test": 16458,
 "nll": 0.8657558065221773,
 "ece": 0.06443922086440998,
 "brier": 0.263405535185004,
 "conf": 0.8955851681241014,
 "auroc": 0.815237467749003
}