{
 "dataset": "tcell",
 "config": "depth1",
 "seed": 2,
 "n_classes": 7,
 "n_test": 7203,
 "nll": 0.8798422915523734,
 "ece": 0.0821023564813845,
 "brier": 0.4534453692829263,
 "conf": 0.6170032978148597,
 "auroc": 0.7202955961062718
}