{
 "family": "pnet",
 "cohort": "stad",
 "task": "response",
 "mode": "learned",
 "K": 2,
 "n_features": 3000,
 "n_classes": 2,
 "n_samples": 414,
 "n_folds": 5,
 "seed": 42,
 "val_frac": 0.1,
 "cv_macro_f1": {
  "mean": 50.446785414893455,
  "std": 7.0244819815762405,
  "folds": [
   48.72485347695232,
   56.08465608465608,
   43.465864089973074,
   43.076025098497006,
   60.88252832438879
  ]
 },
 "cv_accuracy": {
  "mean": 53.399941228327954,
  "std": 7.0699512305418715,
  "folds": [
   53.01204819277109,
   61.44578313253012,
   48.19277108433735,
   43.373493975903614,
   60.97560975609756
  ]
 },
 "cv_pos_f1": {
  "mean": 62.959600945732994,
  "std": 6.581537996452865,
  "folds": [
   63.55140186915887,
   71.42857142857143,
   61.53846153846154,
   51.61290322580645,
   66.66666666666666
  ]
 }
}