{
 "dataset": "baron",
 "n_samples": 8569,
 "n_features": 1936,
 "n_classes": 14,
 "n_train": 5098,
 "n_test": 2571,
 "transformer_params": 1188096,
 "total_params": 1664861,
 "config": {
  "heads": [
   "cell_type"
  ],
  "cohorts": null,
  "n_hvg": null,
  "n_channels": 1,
  "batch_size": 128,
  "val_frac": 0.15,
  "test_frac": 0.15,
  "d_model": 192,
  "n_heads": 4,
  "d_ff": 384,
  "dropout": 0.1,
  "n_markers": 128,
  "marker_mode": "router",
  "pathway_pool": "mean",
  "compress_mode": "aggregate",
  "recursive_marker_refine": true,
  "peak_init": true,
  "anneal_markers": true,
  "recursion_depth": 4,
  "share_weights": false,
  "share_strategy": "cycle",
  "n_unique_blocks": null,
  "step_cache": false,
  "adaptive_depth": false,
  "marker_ffn": false,
  "recursion_mode": "fixed",
  "router_capacity": null,
  "router_alpha": 1.0,
  "router_temp": 1.0,
  "router_type": "linear",
  "router_z_coeff": 0.001,
  "router_balance_coeff": 0.1,
  "gene_interaction": "none",
  "interaction_knn": 16,
  "router_prior_beta": 1.0,
  "router_prior_anneal": true,
  "pathway_attn_bias": false,
  "pathway_attn_lambda": 2.0,
  "lambda_marker": 0.1,
  "gamma_diversity": 0.05,
  "beta_compression": 0.01,
  "lr": 0.001,
  "weight_decay": 1e-05,
  "epochs": 80,
  "patience": 12,
  "seed": 0,
  "device": "cuda"
 },
 "heads": {
  "cell_type": {
   "accuracy": 0.8837028393621159,
   "macro_f1": 0.6657911659098301,
   "weighted_f1": 0.8855575783880174,
   "per_class": {
    "0": {
     "precision": 0.8885350318471338,
     "recall": 0.9721254355400697,
     "f1-score": 0.9284525790349417,
     "support": 287.0
    },
    "1": {
     "precision": 0.75,
     "recall": 0.7764705882352941,
     "f1-score": 0.7630057803468208,
     "support": 85.0
    },
    "2": {
     "precision": 0.9446808510638298,
     "recall": 0.9541547277936963,
     "f1-score": 0.9493941553813258,
     "support": 698.0
    },
    "3": {
     "precision": 0.9314685314685315,
     "recall": 0.8786279683377308,
     "f1-score": 0.9042769857433809,
     "support": 758.0
    },
    "4": {
     "precision": 0.745,
     "recall": 0.8277777777777777,
     "f1-score": 0.7842105263157895,
     "support": 180.0
    },
    "5": {
     "precision": 0.9486301369863014,
     "recall": 0.8575851393188855,
     "f1-score": 0.9008130081300812,
     "support": 323.0
    },
    "6": {
     "precision": 0.88,
     "recall": 0.868421052631579,
     "f1-score": 0.8741721854304636,
     "support": 76.0
    },
    "7": {
     "precision": 0.16666666666666666,
     "recall": 0.2,
     "f1-score": 0.18181818181818182,
     "support": 5.0
    },
    "8": {
     "precision": 0.6533333333333333,
     "recall": 0.6363636363636364,
     "f1-score": 0.6447368421052632,
     "support": 77.0
    },
    "9": {
     "precision": 0.8235294117647058,
     "recall": 0.8235294117647058,
     "f1-score": 0.8235294117647058,
     "support": 17.0
    },
    "10": {
     "precision": 0.2222222222222222,
     "recall": 0.2857142857142857,
     "f1-score": 0.25,
     "support": 7.0
    },
    "11": {
     "precision": 0.5,
     "recall": 0.6538461538461539,
     "f1-score": 0.5666666666666667,
     "support": 52.0
    },
    "12": {
     "precision": 0.75,
     "recall": 0.75,
     "f1-score": 0.75,
     "support": 4.0
    },
    "13": {
     "precision": 0.0,
     "recall": 0.0,
     "f1-score": 0.0,
     "support": 2.0
    },
    "accuracy": 0.8837028393621159,
    "macro avg": {
     "precision": 0.657433298953766,
     "recall": 0.6774725840945582,
     "f1-score": 0.6657911659098301,
     "support": 2571.0
    },
    "weighted avg": {
     "precision": 0.8896472286417576,
     "recall": 0.8837028393621159,
     "f1-score": 0.8855575783880174,
     "support": 2571.0
    }
   }
  }
 }
}