{
 "dataset": "common_class",
 "n_samples": 27499,
 "n_features": 1089,
 "n_classes": 19,
 "n_train": 16361,
 "n_test": 8250,
 "transformer_params": 1188096,
 "total_params": 1504167,
 "config": {
  "heads": [
   "cell_type"
  ],
  "cohorts": null,
  "n_hvg": null,
  "n_channels": 1,
  "batch_size": 128,
  "val_frac": 0.15,
  "test_frac": 0.15,
  "d_model": 192,
  "n_heads": 4,
  "d_ff": 384,
  "dropout": 0.1,
  "n_markers": 128,
  "marker_mode": "router",
  "pathway_pool": "mean",
  "compress_mode": "aggregate",
  "recursive_marker_refine": true,
  "peak_init": true,
  "anneal_markers": true,
  "recursion_depth": 4,
  "share_weights": false,
  "share_strategy": "cycle",
  "n_unique_blocks": null,
  "step_cache": false,
  "adaptive_depth": false,
  "marker_ffn": false,
  "recursion_mode": "fixed",
  "router_capacity": null,
  "router_alpha": 1.0,
  "router_temp": 1.0,
  "router_type": "linear",
  "router_z_coeff": 0.001,
  "router_balance_coeff": 0.1,
  "gene_interaction": "none",
  "interaction_knn": 16,
  "router_prior_beta": 1.0,
  "router_prior_anneal": true,
  "pathway_attn_bias": false,
  "pathway_attn_lambda": 2.0,
  "lambda_marker": 0.1,
  "gamma_diversity": 0.05,
  "beta_compression": 0.01,
  "lr": 0.001,
  "weight_decay": 1e-05,
  "epochs": 80,
  "patience": 12,
  "seed": 0,
  "device": "cuda"
 },
 "heads": {
  "cell_type": {
   "accuracy": 0.7806060606060606,
   "macro_f1": 0.6250638985344708,
   "weighted_f1": 0.7845191230816451,
   "per_class": {
    "0": {
     "precision": 0.5203252032520326,
     "recall": 0.8421052631578947,
     "f1-score": 0.6432160804020101,
     "support": 76.0
    },
    "1": {
     "precision": 0.5710455764075067,
     "recall": 0.6513761467889908,
     "f1-score": 0.6085714285714285,
     "support": 327.0
    },
    "2": {
     "precision": 0.6752767527675276,
     "recall": 0.7689075630252101,
     "f1-score": 0.7190569744597249,
     "support": 238.0
    },
    "3": {
     "precision": 0.8348623853211009,
     "recall": 0.5449101796407185,
     "f1-score": 0.6594202898550725,
     "support": 167.0
    },
    "4": {
     "precision": 0.644808743169399,
     "recall": 0.7375,
     "f1-score": 0.6880466472303207,
     "support": 160.0
    },
    "5": {
     "precision": 0.720754716981132,
     "recall": 0.7795918367346939,
     "f1-score": 0.7490196078431373,
     "support": 245.0
    },
    "6": {
     "precision": 0.3473053892215569,
     "recall": 0.48739495798319327,
     "f1-score": 0.40559440559440557,
     "support": 119.0
    },
    "7": {
     "precision": 0.7931034482758621,
     "recall": 0.4798807749627422,
     "f1-score": 0.5979572887650882,
     "support": 671.0
    },
    "8": {
     "precision": 0.6476190476190476,
     "recall": 0.4722222222222222,
     "f1-score": 0.5461847389558233,
     "support": 144.0
    },
    "9": {
     "precision": 0.6105263157894737,
     "recall": 0.5631067961165048,
     "f1-score": 0.5858585858585859,
     "support": 412.0
    },
    "10": {
     "precision": 0.4264705882352941,
     "recall": 0.5240963855421686,
     "f1-score": 0.4702702702702703,
     "support": 166.0
    },
    "11": {
     "precision": 0.7255244755244755,
     "recall": 0.812133072407045,
     "f1-score": 0.7663896583564174,
     "support": 511.0
    },
    "12": {
     "precision": 0.5875796178343949,
     "recall": 0.6988636363636364,
     "f1-score": 0.6384083044982699,
     "support": 528.0
    },
    "13": {
     "precision": 0.2100456621004566,
     "recall": 0.48936170212765956,
     "f1-score": 0.2939297124600639,
     "support": 94.0
    },
    "14": {
     "precision": 0.7142857142857143,
     "recall": 0.35714285714285715,
     "f1-score": 0.47619047619047616,
     "support": 14.0
    },
    "15": {
     "precision": 0.4879518072289157,
     "recall": 0.40298507462686567,
     "f1-score": 0.44141689373297005,
     "support": 201.0
    },
    "16": {
     "precision": 0.9896551724137931,
     "recall": 0.9739819004524887,
     "f1-score": 0.9817559863169898,
     "support": 884.0
    },
    "17": {
     "precision": 0.9558449809402796,
     "recall": 0.921310471524801,
     "f1-score": 0.9382600561272217,
     "support": 3266.0
    },
    "18": {
     "precision": 0.5,
     "recall": 1.0,
     "f1-score": 0.6666666666666666,
     "support": 27.0
    },
    "accuracy": 0.7806060606060606,
    "macro avg": {
     "precision": 0.6296308209141032,
     "recall": 0.6582563600431417,
     "f1-score": 0.6250638985344708,
     "support": 8250.0
    },
    "weighted avg": {
     "precision": 0.8017225694050774,
     "recall": 0.7806060606060606,
     "f1-score": 0.7845191230816451,
     "support": 8250.0
    }
   }
  }
 }
}