{
 "dataset": "prototype",
 "n_samples": 90579,
 "n_features": 752,
 "n_classes": 10,
 "n_train": 53894,
 "n_test": 27174,
 "transformer_params": 1188096,
 "total_params": 1435989,
 "config": {
  "heads": [
   "cell_type"
  ],
  "cohorts": null,
  "n_hvg": null,
  "n_channels": 1,
  "batch_size": 128,
  "val_frac": 0.15,
  "test_frac": 0.15,
  "d_model": 192,
  "n_heads": 4,
  "d_ff": 384,
  "dropout": 0.1,
  "n_markers": 128,
  "marker_mode": "router",
  "pathway_pool": "mean",
  "compress_mode": "aggregate",
  "recursive_marker_refine": true,
  "peak_init": true,
  "anneal_markers": true,
  "recursion_depth": 4,
  "share_weights": false,
  "share_strategy": "cycle",
  "n_unique_blocks": null,
  "step_cache": false,
  "adaptive_depth": false,
  "marker_ffn": false,
  "recursion_mode": "fixed",
  "router_capacity": null,
  "router_alpha": 1.0,
  "router_temp": 1.0,
  "router_type": "linear",
  "router_z_coeff": 0.001,
  "router_balance_coeff": 0.1,
  "gene_interaction": "none",
  "interaction_knn": 16,
  "router_prior_beta": 1.0,
  "router_prior_anneal": true,
  "pathway_attn_bias": false,
  "pathway_attn_lambda": 2.0,
  "lambda_marker": 0.1,
  "gamma_diversity": 0.05,
  "beta_compression": 0.01,
  "lr": 0.001,
  "weight_decay": 1e-05,
  "epochs": 80,
  "patience": 12,
  "seed": 0,
  "device": "cuda"
 },
 "heads": {
  "cell_type": {
   "accuracy": 0.9608449252962391,
   "macro_f1": 0.956282981760137,
   "weighted_f1": 0.960785073052077,
   "per_class": {
    "0": {
     "precision": 0.9486033519553073,
     "recall": 0.9883585564610011,
     "f1-score": 0.9680729760547321,
     "support": 859.0
    },
    "1": {
     "precision": 0.9755600814663951,
     "recall": 0.9438423645320198,
     "f1-score": 0.9594391587381071,
     "support": 1015.0
    },
    "2": {
     "precision": 0.9701779701779701,
     "recall": 0.9398881640260951,
     "f1-score": 0.954792899408284,
     "support": 2146.0
    },
    "3": {
     "precision": 0.95703125,
     "recall": 0.9664694280078896,
     "f1-score": 0.9617271835132483,
     "support": 2535.0
    },
    "4": {
     "precision": 0.9174841315637623,
     "recall": 0.9352941176470588,
     "f1-score": 0.9263035246140402,
     "support": 1700.0
    },
    "5": {
     "precision": 0.9296037296037296,
     "recall": 0.9348335677449602,
     "f1-score": 0.9322113136979897,
     "support": 2133.0
    },
    "6": {
     "precision": 0.9653952025167125,
     "recall": 0.9102706711160549,
     "f1-score": 0.9370229007633588,
     "support": 2697.0
    },
    "7": {
     "precision": 0.953819139596137,
     "recall": 0.976802733321345,
     "f1-score": 0.9651741293532339,
     "support": 5561.0
    },
    "8": {
     "precision": 0.9652196652719666,
     "recall": 0.9736217356897916,
     "f1-score": 0.9694024950755089,
     "support": 3791.0
    },
    "9": {
     "precision": 0.9906740144128868,
     "recall": 0.986700443318556,
     "f1-score": 0.9886832363828663,
     "support": 4737.0
    },
    "accuracy": 0.9608449252962391,
    "macro avg": {
     "precision": 0.9573568536564867,
     "recall": 0.9556081781864773,
     "f1-score": 0.956282981760137,
     "support": 27174.0
    },
    "weighted avg": {
     "precision": 0.9610479626655861,
     "recall": 0.9608449252962391,
     "f1-score": 0.960785073052077,
     "support": 27174.0
    }
   }
  }
 }
}