{
 "dataset": "tabula_muris",
 "n_samples": 54865,
 "n_features": 1089,
 "n_classes": 55,
 "n_train": 32645,
 "n_test": 16458,
 "transformer_params": 1188096,
 "total_params": 1518063,
 "config": {
  "heads": [
   "cell_type"
  ],
  "cohorts": null,
  "n_hvg": null,
  "n_channels": 1,
  "batch_size": 128,
  "val_frac": 0.15,
  "test_frac": 0.15,
  "d_model": 192,
  "n_heads": 4,
  "d_ff": 384,
  "dropout": 0.1,
  "n_markers": 128,
  "marker_mode": "router",
  "pathway_pool": "mean",
  "compress_mode": "aggregate",
  "recursive_marker_refine": true,
  "peak_init": true,
  "anneal_markers": true,
  "recursion_depth": 4,
  "share_weights": false,
  "share_strategy": "cycle",
  "n_unique_blocks": null,
  "step_cache": false,
  "adaptive_depth": false,
  "marker_ffn": false,
  "recursion_mode": "fixed",
  "router_capacity": null,
  "router_alpha": 1.0,
  "router_temp": 1.0,
  "router_type": "linear",
  "router_z_coeff": 0.001,
  "router_balance_coeff": 0.1,
  "gene_interaction": "none",
  "interaction_knn": 16,
  "router_prior_beta": 1.0,
  "router_prior_anneal": true,
  "pathway_attn_bias": false,
  "pathway_attn_lambda": 2.0,
  "lambda_marker": 0.1,
  "gamma_diversity": 0.05,
  "beta_compression": 0.01,
  "lr": 0.001,
  "weight_decay": 1e-05,
  "epochs": 80,
  "patience": 12,
  "seed": 0,
  "device": "cuda"
 },
 "heads": {
  "cell_type": {
   "accuracy": 0.8842508202697776,
   "macro_f1": 0.8029420666134969,
   "weighted_f1": 0.880216048138177,
   "per_class": {
    "0": {
     "precision": 0.9579198094481938,
     "recall": 0.969855305466238,
     "f1-score": 0.9638506091471939,
     "support": 2488.0
    },
    "1": {
     "precision": 0.47058823529411764,
     "recall": 0.6153846153846154,
     "f1-score": 0.5333333333333333,
     "support": 13.0
    },
    "2": {
     "precision": 0.64,
     "recall": 0.8,
     "f1-score": 0.7111111111111111,
     "support": 20.0
    },
    "3": {
     "precision": 0.9090909090909091,
     "recall": 0.9090909090909091,
     "f1-score": 0.9090909090909091,
     "support": 11.0
    },
    "4": {
     "precision": 0.9305772230889235,
     "recall": 0.9017384731670446,
     "f1-score": 0.9159309021113243,
     "support": 1323.0
    },
    "5": {
     "precision": 0.9900990099009901,
     "recall": 0.9615384615384616,
     "f1-score": 0.975609756097561,
     "support": 104.0
    },
    "6": {
     "precision": 0.9669421487603306,
     "recall": 0.9915254237288136,
     "f1-score": 0.9790794979079498,
     "support": 118.0
    },
    "7": {
     "precision": 0.9739663093415007,
     "recall": 0.9585531273549359,
     "f1-score": 0.9661982529434106,
     "support": 1327.0
    },
    "8": {
     "precision": 0.8947368421052632,
     "recall": 0.9444444444444444,
     "f1-score": 0.918918918918919,
     "support": 18.0
    },
    "9": {
     "precision": 0.9498680738786279,
     "recall": 0.997229916897507,
     "f1-score": 0.972972972972973,
     "support": 361.0
    },
    "10": {
     "precision": 0.9942857142857143,
     "recall": 0.9942857142857143,
     "f1-score": 0.9942857142857143,
     "support": 350.0
    },
    "11": {
     "precision": 0.755,
     "recall": 0.8830409356725146,
     "f1-score": 0.8140161725067385,
     "support": 342.0
    },
    "12": {
     "precision": 0.8571428571428571,
     "recall": 1.0,
     "f1-score": 0.9230769230769231,
     "support": 18.0
    },
    "13": {
     "precision": 1.0,
     "recall": 1.0,
     "f1-score": 1.0,
     "support": 15.0
    },
    "14": {
     "precision": 0.5555555555555556,
     "recall": 0.3125,
     "f1-score": 0.4,
     "support": 48.0
    },
    "15": {
     "precision": 0.46153846153846156,
     "recall": 0.46153846153846156,
     "f1-score": 0.46153846153846156,
     "support": 13.0
    },
    "16": {
     "precision": 1.0,
     "recall": 0.875,
     "f1-score": 0.9333333333333333,
     "support": 8.0
    },
    "17": {
     "precision": 0.6086956521739131,
     "recall": 0.7368421052631579,
     "f1-score": 0.6666666666666666,
     "support": 19.0
    },
    "18": {
     "precision": 0.8888888888888888,
     "recall": 0.8421052631578947,
     "f1-score": 0.8648648648648649,
     "support": 19.0
    },
    "19": {
     "precision": 0.9016786570743405,
     "recall": 0.8815943728018757,
     "f1-score": 0.8915234143449912,
     "support": 853.0
    },
    "20": {
     "precision": 0.75,
     "recall": 0.375,
     "f1-score": 0.5,
     "support": 8.0
    },
    "21": {
     "precision": 0.8884892086330936,
     "recall": 0.946360153256705,
     "f1-score": 0.9165120593692022,
     "support": 261.0
    },
    "22": {
     "precision": 0.851063829787234,
     "recall": 0.8695652173913043,
     "f1-score": 0.8602150537634409,
     "support": 46.0
    },
    "23": {
     "precision": 0.8833333333333333,
     "recall": 0.7794117647058824,
     "f1-score": 0.828125,
     "support": 68.0
    },
    "24": {
     "precision": 0.9596412556053812,
     "recall": 0.981651376146789,
     "f1-score": 0.9705215419501134,
     "support": 218.0
    },
    "25": {
     "precision": 0.9528301886792453,
     "recall": 0.8938053097345132,
     "f1-score": 0.9223744292237442,
     "support": 113.0
    },
    "26": {
     "precision": 0.8521739130434782,
     "recall": 0.8305084745762712,
     "f1-score": 0.8412017167381974,
     "support": 118.0
    },
    "27": {
     "precision": 0.9943074003795066,
     "recall": 0.9905482041587902,
     "f1-score": 0.9924242424242424,
     "support": 529.0
    },
    "28": {
     "precision": 0.39215686274509803,
     "recall": 0.5882352941176471,
     "f1-score": 0.47058823529411764,
     "support": 34.0
    },
    "29": {
     "precision": 0.8648648648648649,
     "recall": 0.9458128078817734,
     "f1-score": 0.9035294117647059,
     "support": 406.0
    },
    "30": {
     "precision": 0.9443850267379679,
     "recall": 0.9566630552546046,
     "f1-score": 0.9504843918191603,
     "support": 923.0
    },
    "31": {
     "precision": 0.9504950495049505,
     "recall": 0.8135593220338984,
     "f1-score": 0.8767123287671232,
     "support": 118.0
    },
    "32": {
     "precision": 0.5714285714285714,
     "recall": 0.5714285714285714,
     "f1-score": 0.5714285714285714,
     "support": 14.0
    },
    "33": {
     "precision": 0.9568965517241379,
     "recall": 0.8345864661654135,
     "f1-score": 0.891566265060241,
     "support": 133.0
    },
    "34": {
     "precision": 0.8940397350993378,
     "recall": 0.9574468085106383,
     "f1-score": 0.9246575342465754,
     "support": 141.0
    },
    "35": {
     "precision": 0.9972222222222222,
     "recall": 1.0,
     "f1-score": 0.9986091794158554,
     "support": 359.0
    },
    "36": {
     "precision": 0.8315789473684211,
     "recall": 1.0,
     "f1-score": 0.9080459770114943,
     "support": 79.0
    },
    "37": {
     "precision": 0.6933333333333334,
     "recall": 0.5360824742268041,
     "f1-score": 0.6046511627906976,
     "support": 97.0
    },
    "38": {
     "precision": 0.9574468085106383,
     "recall": 0.9782608695652174,
     "f1-score": 0.967741935483871,
     "support": 138.0
    },
    "39": {
     "precision": 0.8916666666666667,
     "recall": 0.7697841726618705,
     "f1-score": 0.8262548262548263,
     "support": 139.0
    },
    "40": {
     "precision": 0.6014492753623188,
     "recall": 0.41919191919191917,
     "f1-score": 0.49404761904761907,
     "support": 396.0
    },
    "41": {
     "precision": 0.7,
     "recall": 1.0,
     "f1-score": 0.8235294117647058,
     "support": 7.0
    },
    "42": {
     "precision": 0.8461538461538461,
     "recall": 0.7333333333333333,
     "f1-score": 0.7857142857142857,
     "support": 15.0
    },
    "43": {
     "precision": 0.967459324155194,
     "recall": 0.9851316907391674,
     "f1-score": 0.9762155335718796,
     "support": 2354.0
    },
    "44": {
     "precision": 0.3643410852713178,
     "recall": 0.9648093841642229,
     "f1-score": 0.5289389067524116,
     "support": 341.0
    },