{
 "dataset": "tcell",
 "n_samples": 24007,
 "n_features": 1089,
 "n_classes": 7,
 "n_train": 14283,
 "n_test": 7203,
 "transformer_params": 1188096,
 "total_params": 1499535,
 "config": {
  "heads": [
   "cell_type"
  ],
  "cohorts": null,
  "n_hvg": null,
  "n_channels": 1,
  "batch_size": 128,
  "val_frac": 0.15,
  "test_frac": 0.15,
  "d_model": 192,
  "n_heads": 4,
  "d_ff": 384,
  "dropout": 0.1,
  "n_markers": 128,
  "marker_mode": "router",
  "pathway_pool": "mean",
  "compress_mode": "aggregate",
  "recursive_marker_refine": true,
  "peak_init": true,
  "anneal_markers": true,
  "recursion_depth": 4,
  "share_weights": false,
  "share_strategy": "cycle",
  "n_unique_blocks": null,
  "step_cache": false,
  "adaptive_depth": false,
  "marker_ffn": false,
  "recursion_mode": "fixed",
  "router_capacity": null,
  "router_alpha": 1.0,
  "router_temp": 1.0,
  "router_type": "linear",
  "router_z_coeff": 0.001,
  "router_balance_coeff": 0.1,
  "gene_interaction": "none",
  "interaction_knn": 16,
  "router_prior_beta": 1.0,
  "router_prior_anneal": true,
  "pathway_attn_bias": false,
  "pathway_attn_lambda": 2.0,
  "lambda_marker": 0.1,
  "gamma_diversity": 0.05,
  "beta_compression": 0.01,
  "lr": 0.001,
  "weight_decay": 1e-05,
  "epochs": 80,
  "patience": 12,
  "seed": 0,
  "device": "cuda"
 },
 "heads": {
  "cell_type": {
   "accuracy": 0.6287657920310982,
   "macro_f1": 0.4531198193834815,
   "weighted_f1": 0.6573700915602277,
   "per_class": {
    "0": {
     "precision": 0.38686131386861317,
     "recall": 0.4326530612244898,
     "f1-score": 0.40847784200385356,
     "support": 245.0
    },
    "1": {
     "precision": 0.4482338611449452,
     "recall": 0.6802218114602587,
     "f1-score": 0.540381791483113,
     "support": 541.0
    },
    "2": {
     "precision": 0.9048697621744054,
     "recall": 0.6990376202974629,
     "f1-score": 0.788746298124383,
     "support": 4572.0
    },
    "3": {
     "precision": 0.13815789473684212,
     "recall": 0.1956521739130435,
     "f1-score": 0.16195372750642673,
     "support": 322.0
    },
    "4": {
     "precision": 0.31277056277056275,
     "recall": 0.4418960244648318,
     "f1-score": 0.36628643852978454,
     "support": 654.0
    },
    "5": {
     "precision": 0.5875370919881305,
     "recall": 0.6875,
     "f1-score": 0.6336,
     "support": 576.0
    },
    "6": {
     "precision": 0.21264367816091953,
     "recall": 0.378839590443686,
     "f1-score": 0.2723926380368098,
     "support": 293.0
    },
    "accuracy": 0.6287657920310982,
    "macro avg": {
     "precision": 0.4272963092634883,
     "recall": 0.5022571831148247,
     "f1-score": 0.4531198193834815,
     "support": 7203.0
    },
    "weighted avg": {
     "precision": 0.7113848183093339,
     "recall": 0.6287657920310982,
     "f1-score": 0.6573700915602277,
     "support": 7203.0
    }
   }
  }
 }
}