{
 "family": "pnet",
 "cohort": "prostate",
 "task": "response",
 "mode": "learned",
 "K": 3,
 "n_features": 3000,
 "n_classes": 2,
 "n_samples": 1011,
 "n_folds": 5,
 "seed": 42,
 "val_frac": 0.1,
 "cv_macro_f1": {
  "mean": 60.81076585282184,
  "std": 4.100667732287844,
  "folds": [
   65.20128290201284,
   57.91666666666666,
   66.33695301580475,
   58.08294721282583,
   56.51597946679914
  ]
 },
 "cv_accuracy": {
  "mean": 65.77281373457542,
  "std": 4.196388705824317,
  "folds": [
   69.45812807881774,
   58.415841584158414,
   69.3069306930693,
   63.86138613861386,
   67.82178217821783
  ]
 },
 "cv_pos_f1": {
  "mean": 52.91628678737843,
  "std": 6.354165007673101,
  "folds": [
   53.44827586206896,
   59.067357512953365,
   58.108108108108105,
   41.221374045801525,
   52.736318407960205
  ]
 }
}