{
 "family": "pnet",
 "cohort": "prostate",
 "task": "response",
 "mode": "learned",
 "K": 2,
 "n_features": 3000,
 "n_classes": 2,
 "n_samples": 1011,
 "n_folds": 5,
 "seed": 42,
 "val_frac": 0.1,
 "cv_macro_f1": {
  "mean": 62.18699055563327,
  "std": 4.181064434218394,
  "folds": [
   63.48920863309353,
   58.034811903425044,
   69.3409665823459,
   58.03142449032593,
   62.03854116897596
  ]
 },
 "cv_accuracy": {
  "mean": 68.54606642930302,
  "std": 2.912198297626316,
  "folds": [
   68.4729064039409,
   63.366336633663366,
   71.78217821782178,
   68.31683168316832,
   70.79207920792079
  ]
 },
 "cv_pos_f1": {
  "mean": 50.441071601823744,
  "std": 7.169126622981097,
  "folds": [
   50.40650406504065,
   44.09448818897638,
   62.77372262773723,
   42.62295081967213,
   52.307692307692314
  ]
 }
}