{
 "dataset": "Xin",
 "mode": "learned",
 "K": 4,
 "seed": 0,
 "n_markers": 128,
 "test_macro_f1": 79.00969061012117,
 "test_accuracy": 91.96428571428571,
 "val_macro_f1": 80.25541307090455,
 "n_features": 2000,
 "n_classes": 4,
 "n_samples": 1492,
 "learned_lambda": 0.21291199326515198,
 "bio_anchor_have": false
}