{
 "dataset": "blca",
 "config": "independent",
 "seed": 1,
 "n_classes": 2,
 "n_test": 81,
 "nll": 0.6872065301613949,
 "ece": 0.16927458936064266,
 "brier": 0.4940600215282262,
 "conf": 0.5097377563183697,
 "auroc": 0.37622377622377623
}