{
 "dataset": "common_class",
 "config": "independent",
 "seed": 1,
 "n_classes": 19,
 "n_test": 8250,
 "nll": 0.6813500087111093,
 "ece": 0.0717447892917417,
 "brier": 0.25328547745452623,
 "conf": 0.9082296377765904,
 "auroc": 0.8571320386415995
}