{
 "dataset": "lung",
 "config": "independent",
 "seed": 1,
 "n_classes": 25,
 "n_test": 17106,
 "nll": 0.6963043127912579,
 "ece": 0.07088284218941443,
 "brier": 0.28884119282702037,
 "conf": 0.8763987190308552,
 "auroc": 0.8167639743916837
}