{
 "dataset": "oesophagus",
 "config": "independent",
 "seed": 1,
 "n_classes": 18,
 "n_test": 26385,
 "nll": 0.607295095967286,
 "ece": 0.019968195934775747,
 "brier": 0.3010300789919646,
 "conf": 0.8067876507191014,
 "auroc": 0.8187751297373811
}