{
 "dataset": "pancreas",
 "config": "independent",
 "seed": 1,
 "n_classes": 15,
 "n_test": 2127,
 "nll": 0.5233008494607222,
 "ece": 0.039700069112344485,
 "brier": 0.12837092085728566,
 "conf": 0.9306007836482034,
 "auroc": 0.6027574150227467
}