{
 "dataset": "panmeta_subtype",
 "config": "independent",
 "seed": 1,
 "n_classes": 32,
 "n_test": 1718,
 "nll": 1.1855144674891023,
 "ece": 0.020211890652708824,
 "brier": 0.5088643030268318,
 "conf": 0.628848400396167,
 "auroc": 0.7646799628942486
}