{
 "dataset": "prostate",
 "config": "independent",
 "seed": 1,
 "n_classes": 2,
 "n_test": 203,
 "nll": 0.6107878663340254,
 "ece": 0.07976348301711975,
 "brier": 0.4139730149599128,
 "conf": 0.758625921472441,
 "auroc": 0.5665501165501164
}