{
 "dataset": "prototype",
 "config": "independent",
 "seed": 1,
 "n_classes": 10,
 "n_test": 27174,
 "nll": 0.15846013340125492,
 "ece": 0.021939420690239783,
 "brier": 0.07078166739232433,
 "conf": 0.9771539640037011,
 "auroc": 0.9354894158593432
}