{
 "dataset": "segerstolpe",
 "config": "independent",
 "seed": 1,
 "n_classes": 10,
 "n_test": 637,
 "nll": 2.236658993051536,
 "ece": 0.09426971302414947,
 "brier": 0.8875846403290603,
 "conf": 0.1192310719052069,
 "auroc": 0.6379593753669132
}