{
 "dataset": "spleen",
 "config": "independent",
 "seed": 1,
 "n_classes": 28,
 "n_test": 28239,
 "nll": 1.380279721057971,
 "ece": 0.0286453593251273,
 "brier": 0.595771064659558,
 "conf": 0.5632166927832047,
 "auroc": 0.7414541910090872
}