{
 "dataset": "stad",
 "config": "independent",
 "seed": 1,
 "n_classes": 2,
 "n_test": 83,
 "nll": 0.6927021532072261,
 "ece": 0.03480595270690907,
 "brier": 0.4995527585726647,
 "conf": 0.5109194218829468,
 "auroc": 0.5093240093240093
}