{
 "dataset": "tabula_muris",
 "config": "independent",
 "seed": 1,
 "n_classes": 55,
 "n_test": 16458,
 "nll": 1.0221249561044083,
 "ece": 0.09323504100033228,
 "brier": 0.25773915240068784,
 "conf": 0.9343766922747117,
 "auroc": 0.8329586625657368
}