{
 "dataset": "tcell",
 "config": "independent",
 "seed": 1,
 "n_classes": 7,
 "n_test": 7203,
 "nll": 1.0658278194491875,
 "ece": 0.01152269127078686,
 "brier": 0.5169936009502161,
 "conf": 0.6212754164343134,
 "auroc": 0.7447424360686193
}