{
 "family": "pnet",
 "cohort": "stad",
 "task": "response",
 "mode": "random",
 "K": 4,
 "n_features": 3000,
 "n_classes": 2,
 "n_samples": 414,
 "n_folds": 5,
 "seed": 42,
 "val_frac": 0.1,
 "cv_macro_f1": {
  "mean": 49.36664563553013,
  "std": 3.0117807614138505,
  "folds": [
   52.765212315774114,
   51.35186235583286,
   45.95091000166973,
   51.233842538190366,
   45.531400966183575
  ]
 },
 "cv_accuracy": {
  "mean": 53.36467822509551,
  "std": 5.257913625494668,
  "folds": [
   53.01204819277109,
   62.65060240963856,
   53.01204819277109,
   51.80722891566265,
   46.34146341463415
  ]
 }
}