{
 "dataset": "segerstolpe",
 "K": 100,
 "seed": 1,
 "val_macro_f1": 5.886075949367089,
 "test_macro_f1": 5.891472868217055,
 "test_accuracy": 41.75824175824176
}