{
 "dataset": "segerstolpe",
 "K": 10,
 "seed": 1,
 "val_macro_f1": 6.855206329747135,
 "test_macro_f1": 6.04469642204694,
 "test_accuracy": 19.937205651491364
}