{
 "dataset": "segerstolpe",
 "K": 12,
 "seed": 1,
 "val_macro_f1": 8.318446443838294,
 "test_macro_f1": 7.917521020394721,
 "test_accuracy": 29.199372056514918
}