{
 "dataset": "segerstolpe",
 "K": 16,
 "seed": 0,
 "val_macro_f1": 4.881783732157288,
 "test_macro_f1": 4.657258932623338,
 "test_accuracy": 11.773940345368917
}