{
 "dataset": "segerstolpe",
 "K": 24,
 "seed": 0,
 "val_macro_f1": 5.606779661016949,
 "test_macro_f1": 4.387225036875521,
 "test_accuracy": 16.797488226059652
}