{
 "dataset": "segerstolpe",
 "K": 40,
 "seed": 1,
 "val_macro_f1": 8.764616166751397,
 "test_macro_f1": 6.602320366578921,
 "test_accuracy": 36.106750392464676
}