{
 "dataset": "segerstolpe",
 "K": 4,
 "seed": 1,
 "val_macro_f1": 12.29075799411092,
 "test_macro_f1": 7.541999186982154,
 "test_accuracy": 12.401883830455258
}