{
 "dataset": "segerstolpe",
 "K": 8,
 "seed": 0,
 "val_macro_f1": 9.320516881492491,
 "test_macro_f1": 10.141744279609153,
 "test_accuracy": 21.821036106750395
}