{
 "dataset": "Oesophagus",
 "mode": "learned",
 "K": 1,
 "seed": 0,
 "n_markers": 128,
 "test_macro_f1": 69.96071193033112,
 "test_accuracy": 88.46314193670646,
 "val_macro_f1": 71.83700421005467,
 "n_features": 1089,
 "n_classes": 18,
 "n_samples": 87947,
 "learned_lambda": 0.5003635287284851,
 "bio_anchor_have": false
}