{
 "task": "prostate",
 "arm": "biomor",
 "pos_class": 1,
 "n_folds": 10,
 "pos_f1": [
  0.46987606554401296,
  0.23880258402624074
 ],
 "pos_precision": [
  0.5585309748451353,
  0.16796180560090745
 ],
 "pos_recall": [
  0.4495929443690637,
  0.2866374189556274
 ],
 "maj_f1": [
  0.8045456770865311,
  0.0535042462477693
 ],
 "macro_f1": [
  0.6372108713152721,
  0.1403736419248589
 ],
 "accuracy": [
  0.7199702482563526,
  0.0851632734266733
 ]
}