{
 "dataset": "prostate",
 "method": "NearestCentroid",
 "seed": 1,
 "test_macro_f1": 61.710435165942435,
 "test_accuracy": 73.68421052631578,
 "n_features": 3000,
 "n_classes": 2,
 "n_samples": 1011
}