{
 "dataset": "prostate",
 "method": "Random Forest",
 "seed": 2,
 "test_macro_f1": 55.42521994134898,
 "test_accuracy": 71.05263157894737,
 "n_features": 3000,
 "n_classes": 2,
 "n_samples": 1011
}