{
 "dataset": "prostate",
 "method": "Random Forest",
 "seed": 0,
 "test_macro_f1": 54.41215675819782,
 "test_accuracy": 70.39473684210526,
 "n_features": 3000,
 "n_classes": 2,
 "n_samples": 1011
}