{
 "task": "panmeta_response",
 "arm": "fixed_k3",
 "pos_class": 1,
 "n_folds": 10,
 "pos_f1": [
  0.903153527505182,
  0.0208669916218174
 ],
 "pos_precision": [
  0.8913408748841585,
  0.03854965482537839
 ],
 "pos_recall": [
  0.9183028919330288,
  0.04399926051985739
 ],
 "maj_f1": [
  0.9956805649969322,
  0.0009215298009918703
 ],
 "macro_f1": [
  0.949417046251057,
  0.01088320470121465
 ],
 "accuracy": [
  0.9917306426253116,
  0.001762844879833409
 ]
}