{
 "dataset": "Muraro",
 "mode": "route_random",
 "K": 4,
 "seed": 4,
 "test_macro_f1": 81.32602004785818,
 "test_accuracy": 92.93563579277865,
 "n_features": 2000,
 "n_classes": 9,
 "n_samples": 2122
}