{
 "dataset": "Muraro",
 "mode": "route_random",
 "K": 4,
 "seed": 0,
 "test_macro_f1": 58.955967128626654,
 "test_accuracy": 69.23076923076923,
 "n_features": 2000,
 "n_classes": 9,
 "n_samples": 2122
}