{
 "dataset": "Muraro",
 "mode": "route_random",
 "K": 4,
 "seed": 3,
 "test_macro_f1": 87.85266878692899,
 "test_accuracy": 88.69701726844585,
 "n_features": 2000,
 "n_classes": 9,
 "n_samples": 2122
}