{
 "dataset": "Tcell",
 "mode": "learned",
 "K": 2,
 "seed": 2,
 "n_markers": 128,
 "test_macro_f1": 68.75223594727636,
 "test_accuracy": 81.84089962515618,
 "val_macro_f1": 68.09611786811529,
 "n_features": 1089,
 "n_classes": 7,
 "n_samples": 24007,
 "learned_lambda": 0.2577217221260071,
 "bio_anchor_have": false
}