{
 "dataset": "Tcell",
 "mode": "learned",
 "K": 2,
 "seed": 0,
 "n_markers": 128,
 "test_macro_f1": 67.40117345605816,
 "test_accuracy": 81.52158822712758,
 "val_macro_f1": 67.9974422804163,
 "n_features": 1089,
 "n_classes": 7,
 "n_samples": 24007,
 "learned_lambda": 0.302931010723114,
 "bio_anchor_have": false
}