{
 "dataset": "Muraro",
 "mode": "learned",
 "K": 4,
 "seed": 0,
 "n_markers": 128,
 "test_macro_f1": 74.91338569089922,
 "test_accuracy": 89.1679748822606,
 "val_macro_f1": 84.83896201079568,
 "n_features": 2000,
 "n_classes": 9,
 "n_samples": 2122,
 "learned_lambda": 0.2338242381811142,
 "bio_anchor_have": false
}