{
 "dataset": "Muraro",
 "mode": "learned",
 "K": 4,
 "seed": 2,
 "n_markers": 128,
 "test_macro_f1": 79.5297132143432,
 "test_accuracy": 92.4646781789639,
 "val_macro_f1": 92.6746892610887,
 "n_features": 2000,
 "n_classes": 9,
 "n_samples": 2122,
 "learned_lambda": 0.23725607991218567,
 "bio_anchor_have": false
}