{
 "dataset": "Muraro",
 "mode": "learned",
 "K": 4,
 "seed": 1,
 "n_markers": 128,
 "test_macro_f1": 83.63335688118003,
 "test_accuracy": 93.4065934065934,
 "val_macro_f1": 90.5918513121934,
 "n_features": 2000,
 "n_classes": 9,
 "n_samples": 2122,
 "learned_lambda": 0.23569819331169128,
 "bio_anchor_have": false
}