{
 "dataset": "Oesophagus",
 "mode": "learned",
 "K": 4,
 "seed": 0,
 "n_markers": 128,
 "test_macro_f1": 70.92414277540935,
 "test_accuracy": 88.31912071252606,
 "val_macro_f1": 71.02982253896938,
 "n_features": 1089,
 "n_classes": 18,
 "n_samples": 87947,
 "learned_lambda": 0.6177260875701904,
 "bio_anchor_have": false
}