{
 "dataset": "Oesophagus",
 "mode": "learned",
 "K": 4,
 "seed": 1,
 "n_markers": 128,
 "test_macro_f1": 71.85296175419187,
 "test_accuracy": 87.64828501042258,
 "val_macro_f1": 71.04088404019264,
 "n_features": 1089,
 "n_classes": 18,
 "n_samples": 87947,
 "learned_lambda": 0.6787547469139099,
 "bio_anchor_have": false
}