{
 "task": "blca",
 "arm": "biomor",
 "pos_class": 1,
 "n_folds": 10,
 "pos_f1": [
  0.5945757163224223,
  0.288890874738571
 ],
 "pos_precision": [
  0.6278990661087798,
  0.21440710184414205
 ],
 "pos_recall": [
  0.6715488215488216,
  0.38694317721082194
 ],
 "maj_f1": [
  0.5945757163224223,
  0.288890874738571
 ],
 "macro_f1": [
  0.4127811329297466,
  0.06900408829530383
 ],
 "accuracy": [
  0.5664197530864198,
  0.1345609495316185
 ]
}