{
 "dataset": "Baron",
 "mode": "route_random",
 "K": 4,
 "seed": 4,
 "test_macro_f1": 70.4883437828108,
 "test_accuracy": 90.74290159471023,
 "n_features": 2000,
 "n_classes": 13,
 "n_samples": 8569
}