{
 "dataset": "Baron",
 "mode": "route_coexpr",
 "K": 4,
 "seed": 1,
 "test_macro_f1": 61.2623204402444,
 "test_accuracy": 84.75301439128744,
 "n_features": 2000,
 "n_classes": 13,
 "n_samples": 8569
}