{
 "dataset": "Baron",
 "mode": "route_random",
 "K": 4,
 "seed": 3,
 "test_macro_f1": 66.78534214089848,
 "test_accuracy": 84.44185141968106,
 "n_features": 2000,
 "n_classes": 13,
 "n_samples": 8569
}