{
 "dataset": "Baron",
 "mode": "route_random",
 "K": 4,
 "seed": 0,
 "test_macro_f1": 61.92861619162044,
 "test_accuracy": 83.70283936211591,
 "n_features": 2000,
 "n_classes": 13,
 "n_samples": 8569
}