{
 "dataset": "Baron",
 "mode": "smooth_random",
 "K": 4,
 "seed": 2,
 "test_macro_f1": 67.83355875068425,
 "test_accuracy": 88.91481913652275,
 "n_features": 2000,
 "n_classes": 13,
 "n_samples": 8569
}