{
 "dataset": "Baron",
 "mode": "smooth_random",
 "K": 4,
 "seed": 1,
 "test_macro_f1": 50.03353223753157,
 "test_accuracy": 73.20108907040063,
 "n_features": 2000,
 "n_classes": 13,
 "n_samples": 8569
}