{
 "dataset": "Baron",
 "mode": "smooth_random",
 "K": 4,
 "seed": 3,
 "test_macro_f1": 65.60410118398899,
 "test_accuracy": 87.00894593543367,
 "n_features": 2000,
 "n_classes": 13,
 "n_samples": 8569
}