{
 "dataset": "Baron",
 "mode": "smooth_random",
 "K": 4,
 "seed": 0,
 "test_macro_f1": 68.17680690592309,
 "test_accuracy": 85.2975495915986,
 "n_features": 2000,
 "n_classes": 13,
 "n_samples": 8569
}