{
 "dataset": "Spleen",
 "mode": "learned",
 "K": 2,
 "seed": 0,
 "n_markers": 128,
 "test_macro_f1": 59.66075991520049,
 "test_accuracy": 68.3522787634123,
 "val_macro_f1": 59.770842580459615,
 "n_features": 1089,
 "n_classes": 28,
 "n_samples": 94129,
 "learned_lambda": 0.5758137702941895,
 "bio_anchor_have": false
}