{
 "dataset": "baron",
 "n_samples": 8569,
 "n_features": 1936,
 "n_classes": 14,
 "n_train": 5098,
 "n_test": 2571,
 "transformer_params": 1185408,
 "total_params": 2286365,
 "config": {
  "heads": [
   "cell_type"
  ],
  "cohorts": null,
  "n_hvg": null,
  "n_channels": 1,
  "batch_size": 128,
  "val_frac": 0.15,
  "test_frac": 0.15,
  "d_model": 384,
  "n_heads": 4,
  "d_ff": 768,
  "dropout": 0.1,
  "n_markers": 128,
  "marker_mode": "router",
  "pathway_pool": "mean",
  "compress_mode": "aggregate",
  "recursive_marker_refine": true,
  "peak_init": true,
  "anneal_markers": true,
  "recursion_depth": 4,
  "share_weights": true,
  "share_strategy": "cycle",
  "n_unique_blocks": null,
  "step_cache": false,
  "adaptive_depth": false,
  "marker_ffn": false,
  "recursion_mode": "expert",
  "router_capacity": null,
  "router_alpha": 1.0,
  "router_temp": 1.0,
  "router_type": "linear",
  "router_z_coeff": 0.001,
  "router_balance_coeff": 0.1,
  "gene_interaction": "none",
  "interaction_knn": 16,
  "router_prior_beta": 1.0,
  "router_prior_anneal": true,
  "pathway_attn_bias": false,
  "pathway_attn_lambda": 2.0,
  "lambda_marker": 0.1,
  "gamma_diversity": 0.05,
  "beta_compression": 0.01,
  "lr": 0.001,
  "weight_decay": 1e-05,
  "epochs": 80,
  "patience": 12,
  "seed": 0,
  "device": "cuda"
 },
 "heads": {
  "cell_type": {
   "accuracy": 0.8039673278879813,
   "macro_f1": 0.570271215716881,
   "weighted_f1": 0.8146491926746072,
   "per_class": {
    "0": {
     "precision": 0.9084745762711864,
     "recall": 0.9337979094076655,
     "f1-score": 0.9209621993127147,
     "support": 287.0
    },
    "1": {
     "precision": 0.8571428571428571,
     "recall": 0.7764705882352941,
     "f1-score": 0.8148148148148148,
     "support": 85.0
    },
    "2": {
     "precision": 0.8842592592592593,
     "recall": 0.8209169054441261,
     "f1-score": 0.8514115898959881,
     "support": 698.0
    },
    "3": {
     "precision": 0.9165302782324058,
     "recall": 0.7387862796833773,
     "f1-score": 0.8181154127100073,
     "support": 758.0
    },
    "4": {
     "precision": 0.4772727272727273,
     "recall": 0.8166666666666667,
     "f1-score": 0.6024590163934426,
     "support": 180.0
    },
    "5": {
     "precision": 0.919093851132686,
     "recall": 0.8792569659442725,
     "f1-score": 0.8987341772151899,
     "support": 323.0
    },
    "6": {
     "precision": 0.8656716417910447,
     "recall": 0.7631578947368421,
     "f1-score": 0.8111888111888111,
     "support": 76.0
    },
    "7": {
     "precision": 0.0,
     "recall": 0.0,
     "f1-score": 0.0,
     "support": 5.0
    },
    "8": {
     "precision": 0.41911764705882354,
     "recall": 0.7402597402597403,
     "f1-score": 0.5352112676056338,
     "support": 77.0
    },
    "9": {
     "precision": 0.6,
     "recall": 0.7058823529411765,
     "f1-score": 0.6486486486486487,
     "support": 17.0
    },
    "10": {
     "precision": 0.14285714285714285,
     "recall": 0.14285714285714285,
     "f1-score": 0.14285714285714285,
     "support": 7.0
    },
    "11": {
     "precision": 0.5,
     "recall": 0.7692307692307693,
     "f1-score": 0.6060606060606061,
     "support": 52.0
    },
    "12": {
     "precision": 0.5,
     "recall": 0.25,
     "f1-score": 0.3333333333333333,
     "support": 4.0
    },
    "13": {
     "precision": 0.0,
     "recall": 0.0,
     "f1-score": 0.0,
     "support": 2.0
    },
    "accuracy": 0.8039673278879813,
    "macro avg": {
     "precision": 0.570744284358438,
     "recall": 0.5955202296719339,
     "f1-score": 0.570271215716881,
     "support": 2571.0
    },
    "weighted avg": {
     "precision": 0.8423071834051719,
     "recall": 0.8039673278879813,
     "f1-score": 0.8146491926746072,
     "support": 2571.0
    }
   }
  }
 }
}