{
 "dataset": "common_class",
 "n_samples": 27499,
 "n_features": 1089,
 "n_classes": 19,
 "n_train": 16361,
 "n_test": 8250,
 "transformer_params": 1185408,
 "total_params": 1964967,
 "config": {
  "heads": [
   "cell_type"
  ],
  "cohorts": null,
  "n_hvg": null,
  "n_channels": 1,
  "batch_size": 128,
  "val_frac": 0.15,
  "test_frac": 0.15,
  "d_model": 384,
  "n_heads": 4,
  "d_ff": 768,
  "dropout": 0.1,
  "n_markers": 128,
  "marker_mode": "router",
  "pathway_pool": "mean",
  "compress_mode": "aggregate",
  "recursive_marker_refine": true,
  "peak_init": true,
  "anneal_markers": true,
  "recursion_depth": 4,
  "share_weights": true,
  "share_strategy": "cycle",
  "n_unique_blocks": null,
  "step_cache": false,
  "adaptive_depth": false,
  "marker_ffn": false,
  "recursion_mode": "expert",
  "router_capacity": null,
  "router_alpha": 1.0,
  "router_temp": 1.0,
  "router_type": "linear",
  "router_z_coeff": 0.001,
  "router_balance_coeff": 0.1,
  "gene_interaction": "none",
  "interaction_knn": 16,
  "router_prior_beta": 1.0,
  "router_prior_anneal": true,
  "pathway_attn_bias": false,
  "pathway_attn_lambda": 2.0,
  "lambda_marker": 0.1,
  "gamma_diversity": 0.05,
  "beta_compression": 0.01,
  "lr": 0.001,
  "weight_decay": 1e-05,
  "epochs": 80,
  "patience": 12,
  "seed": 0,
  "device": "cuda"
 },
 "heads": {
  "cell_type": {
   "accuracy": 0.6975757575757576,
   "macro_f1": 0.4800581763704256,
   "weighted_f1": 0.7084982485411668,
   "per_class": {
    "0": {
     "precision": 0.391025641025641,
     "recall": 0.8026315789473685,
     "f1-score": 0.5258620689655172,
     "support": 76.0
    },
    "1": {
     "precision": 0.38513513513513514,
     "recall": 0.5229357798165137,
     "f1-score": 0.44357976653696496,
     "support": 327.0
    },
    "2": {
     "precision": 0.57,
     "recall": 0.4789915966386555,
     "f1-score": 0.5205479452054794,
     "support": 238.0
    },
    "3": {
     "precision": 0.40268456375838924,
     "recall": 0.3592814371257485,
     "f1-score": 0.379746835443038,
     "support": 167.0
    },
    "4": {
     "precision": 0.25,
     "recall": 0.2875,
     "f1-score": 0.26744186046511625,
     "support": 160.0
    },
    "5": {
     "precision": 0.45544554455445546,
     "recall": 0.37551020408163266,
     "f1-score": 0.4116331096196868,
     "support": 245.0
    },
    "6": {
     "precision": 0.37593984962406013,
     "recall": 0.42016806722689076,
     "f1-score": 0.3968253968253968,
     "support": 119.0
    },
    "7": {
     "precision": 0.7125603864734299,
     "recall": 0.4396423248882265,
     "f1-score": 0.543778801843318,
     "support": 671.0
    },
    "8": {
     "precision": 0.20760233918128654,
     "recall": 0.4930555555555556,
     "f1-score": 0.29218106995884774,
     "support": 144.0
    },
    "9": {
     "precision": 0.5240963855421686,
     "recall": 0.4223300970873786,
     "f1-score": 0.46774193548387094,
     "support": 412.0
    },
    "10": {
     "precision": 0.3793103448275862,
     "recall": 0.39759036144578314,
     "f1-score": 0.38823529411764707,
     "support": 166.0
    },
    "11": {
     "precision": 0.5091514143094842,
     "recall": 0.598825831702544,
     "f1-score": 0.5503597122302158,
     "support": 511.0
    },
    "12": {
     "precision": 0.5405405405405406,
     "recall": 0.5303030303030303,
     "f1-score": 0.5353728489483748,
     "support": 528.0
    },
    "13": {
     "precision": 0.22641509433962265,
     "recall": 0.3829787234042553,
     "f1-score": 0.2845849802371542,
     "support": 94.0
    },
    "14": {
     "precision": 0.16666666666666666,
     "recall": 0.14285714285714285,
     "f1-score": 0.15384615384615385,
     "support": 14.0
    },
    "15": {
     "precision": 0.33098591549295775,
     "recall": 0.46766169154228854,
     "f1-score": 0.38762886597938145,
     "support": 201.0
    },
    "16": {
     "precision": 0.9898074745186863,
     "recall": 0.9886877828054299,
     "f1-score": 0.989247311827957,
     "support": 884.0
    },
    "17": {
     "precision": 0.9731965585704832,
     "recall": 0.9004898958971219,
     "f1-score": 0.9354325699745547,
     "support": 3266.0
    },
    "18": {
     "precision": 0.5365853658536586,
     "recall": 0.8148148148148148,
     "f1-score": 0.6470588235294118,
     "support": 27.0
    },
    "accuracy": 0.6975757575757576,
    "macro avg": {
     "precision": 0.46984995896917114,
     "recall": 0.5171713640073885,
     "f1-score": 0.4800581763704256,
     "support": 8250.0
    },
    "weighted avg": {
     "precision": 0.7327837959761312,
     "recall": 0.6975757575757576,
     "f1-score": 0.7084982485411668,
     "support": 8250.0
    }
   }
  }
 }
}