{
 "dataset": "prototype",
 "n_samples": 90579,
 "n_features": 752,
 "n_classes": 10,
 "n_train": 53894,
 "n_test": 27174,
 "transformer_params": 1185408,
 "total_params": 1828629,
 "config": {
  "heads": [
   "cell_type"
  ],
  "cohorts": null,
  "n_hvg": null,
  "n_channels": 1,
  "batch_size": 128,
  "val_frac": 0.15,
  "test_frac": 0.15,
  "d_model": 384,
  "n_heads": 4,
  "d_ff": 768,
  "dropout": 0.1,
  "n_markers": 128,
  "marker_mode": "router",
  "pathway_pool": "mean",
  "compress_mode": "aggregate",
  "recursive_marker_refine": true,
  "peak_init": true,
  "anneal_markers": true,
  "recursion_depth": 4,
  "share_weights": true,
  "share_strategy": "cycle",
  "n_unique_blocks": null,
  "step_cache": false,
  "adaptive_depth": false,
  "marker_ffn": false,
  "recursion_mode": "expert",
  "router_capacity": null,
  "router_alpha": 1.0,
  "router_temp": 1.0,
  "router_type": "linear",
  "router_z_coeff": 0.001,
  "router_balance_coeff": 0.1,
  "gene_interaction": "none",
  "interaction_knn": 16,
  "router_prior_beta": 1.0,
  "router_prior_anneal": true,
  "pathway_attn_bias": false,
  "pathway_attn_lambda": 2.0,
  "lambda_marker": 0.1,
  "gamma_diversity": 0.05,
  "beta_compression": 0.01,
  "lr": 0.001,
  "weight_decay": 1e-05,
  "epochs": 80,
  "patience": 12,
  "seed": 0,
  "device": "cuda"
 },
 "heads": {
  "cell_type": {
   "accuracy": 0.9432177817030986,
   "macro_f1": 0.9396085126659965,
   "weighted_f1": 0.943123410500578,
   "per_class": {
    "0": {
     "precision": 0.9588571428571429,
     "recall": 0.9767171129220024,
     "f1-score": 0.9677047289504037,
     "support": 859.0
    },
    "1": {
     "precision": 0.9766497461928934,
     "recall": 0.9477832512315271,
     "f1-score": 0.962,
     "support": 1015.0
    },
    "2": {
     "precision": 0.932313398238294,
     "recall": 0.9370922646784716,
     "f1-score": 0.9346967232163607,
     "support": 2146.0
    },
    "3": {
     "precision": 0.9361702127659575,
     "recall": 0.9546351084812623,
     "f1-score": 0.9453125,
     "support": 2535.0
    },
    "4": {
     "precision": 0.8857644991212654,
     "recall": 0.8894117647058823,
     "f1-score": 0.8875843850895215,
     "support": 1700.0
    },
    "5": {
     "precision": 0.9193942354665364,
     "recall": 0.8823253633380216,
     "f1-score": 0.9004784688995215,
     "support": 2133.0
    },
    "6": {
     "precision": 0.9236390208257216,
     "recall": 0.9373377827215424,
     "f1-score": 0.930437983069562,
     "support": 2697.0
    },
    "7": {
     "precision": 0.9273636991028296,
     "recall": 0.9665527782772882,
     "f1-score": 0.9465527868275072,
     "support": 5561.0
    },
    "8": {
     "precision": 0.9681510710259301,
     "recall": 0.9060933790556581,
     "f1-score": 0.9360948358086932,
     "support": 3791.0
    },
    "9": {
     "precision": 0.9852227147983956,
     "recall": 0.9852227147983956,
     "f1-score": 0.9852227147983956,
     "support": 4737.0
    },
    "accuracy": 0.9432177817030986,
    "macro avg": {
     "precision": 0.9413525740394967,
     "recall": 0.938317152021005,
     "f1-score": 0.9396085126659965,
     "support": 27174.0
    },
    "weighted avg": {
     "precision": 0.9435911552577662,
     "recall": 0.9432177817030986,
     "f1-score": 0.943123410500578,
     "support": 27174.0
    }
   }
  }
 }
}