{
 "dataset": "spleen",
 "n_samples": 94129,
 "n_features": 1089,
 "n_classes": 28,
 "n_train": 56006,
 "n_test": 28239,
 "transformer_params": 1185408,
 "total_params": 1971897,
 "config": {
  "heads": [
   "cell_type"
  ],
  "cohorts": null,
  "n_hvg": null,
  "n_channels": 1,
  "batch_size": 128,
  "val_frac": 0.15,
  "test_frac": 0.15,
  "d_model": 384,
  "n_heads": 4,
  "d_ff": 768,
  "dropout": 0.1,
  "n_markers": 128,
  "marker_mode": "router",
  "pathway_pool": "mean",
  "compress_mode": "aggregate",
  "recursive_marker_refine": true,
  "peak_init": true,
  "anneal_markers": true,
  "recursion_depth": 4,
  "share_weights": true,
  "share_strategy": "cycle",
  "n_unique_blocks": null,
  "step_cache": false,
  "adaptive_depth": false,
  "marker_ffn": false,
  "recursion_mode": "expert",
  "router_capacity": null,
  "router_alpha": 1.0,
  "router_temp": 1.0,
  "router_type": "linear",
  "router_z_coeff": 0.001,
  "router_balance_coeff": 0.1,
  "gene_interaction": "none",
  "interaction_knn": 16,
  "router_prior_beta": 1.0,
  "router_prior_anneal": true,
  "pathway_attn_bias": false,
  "pathway_attn_lambda": 2.0,
  "lambda_marker": 0.1,
  "gamma_diversity": 0.05,
  "beta_compression": 0.01,
  "lr": 0.001,
  "weight_decay": 1e-05,
  "epochs": 80,
  "patience": 12,
  "seed": 0,
  "device": "cuda"
 },
 "heads": {
  "cell_type": {
   "accuracy": 0.49796380891674635,
   "macro_f1": 0.433153783648521,
   "weighted_f1": 0.512644440653327,
   "per_class": {
    "0": {
     "precision": 0.42436974789915966,
     "recall": 0.7709923664122137,
     "f1-score": 0.5474254742547425,
     "support": 131.0
    },
    "1": {
     "precision": 0.19696969696969696,
     "recall": 0.47129909365558914,
     "f1-score": 0.2778272484416741,
     "support": 662.0
    },
    "2": {
     "precision": 0.5845330380214101,
     "recall": 0.6481784690953746,
     "f1-score": 0.6147127329192547,
     "support": 4886.0
    },
    "3": {
     "precision": 0.769298245614035,
     "recall": 0.47371263953907095,
     "f1-score": 0.5863605972810341,
     "support": 5554.0
    },
    "4": {
     "precision": 0.38461538461538464,
     "recall": 0.7142857142857143,
     "f1-score": 0.5,
     "support": 49.0
    },
    "5": {
     "precision": 0.6666666666666666,
     "recall": 0.3888888888888889,
     "f1-score": 0.49122807017543857,
     "support": 72.0
    },
    "6": {
     "precision": 0.7329192546583851,
     "recall": 0.8290398126463701,
     "f1-score": 0.778021978021978,
     "support": 427.0
    },
    "7": {
     "precision": 0.5,
     "recall": 0.7272727272727273,
     "f1-score": 0.5925925925925926,
     "support": 11.0
    },
    "8": {
     "precision": 0.2568306010928962,
     "recall": 0.6103896103896104,
     "f1-score": 0.36153846153846153,
     "support": 77.0
    },
    "9": {
     "precision": 0.08823529411764706,
     "recall": 0.22941176470588234,
     "f1-score": 0.12745098039215685,
     "support": 170.0
    },
    "10": {
     "precision": 0.3902439024390244,
     "recall": 0.36012861736334406,
     "f1-score": 0.3745819397993311,
     "support": 311.0
    },
    "11": {
     "precision": 0.9349220898258478,
     "recall": 0.8770421324161651,
     "f1-score": 0.9050576752440106,
     "support": 1163.0
    },
    "12": {
     "precision": 0.5894549763033176,
     "recall": 0.5182291666666666,
     "f1-score": 0.5515521064301552,
     "support": 1920.0
    },
    "13": {
     "precision": 0.5314650934119961,
     "recall": 0.48323647742512293,
     "f1-score": 0.5062046359166471,
     "support": 2237.0
    },
    "14": {
     "precision": 0.25692695214105793,
     "recall": 0.5666666666666667,
     "f1-score": 0.3535528596187175,
     "support": 180.0
    },
    "15": {
     "precision": 0.4154929577464789,
     "recall": 0.43703703703703706,
     "f1-score": 0.4259927797833935,
     "support": 540.0
    },
    "16": {
     "precision": 0.5914972273567468,
     "recall": 0.4289544235924933,
     "f1-score": 0.4972804972804973,
     "support": 746.0
    },
    "17": {
     "precision": 0.5831873905429071,
     "recall": 0.6330798479087453,
     "f1-score": 0.6071103008204193,
     "support": 526.0
    },
    "18": {
     "precision": 0.0546875,
     "recall": 0.5833333333333334,
     "f1-score": 0.1,
     "support": 24.0
    },
    "19": {
     "precision": 0.7195121951219512,
     "recall": 0.26624548736462095,
     "f1-score": 0.38866930171277997,
     "support": 3324.0
    },
    "20": {
     "precision": 0.3450413223140496,
     "recall": 0.40682095006090135,
     "f1-score": 0.37339295695919505,
     "support": 821.0
    },
    "21": {
     "precision": 0.23180914512922465,
     "recall": 0.6028955532574974,
     "f1-score": 0.33486502010338887,
     "support": 967.0
    },
    "22": {
     "precision": 0.20588235294117646,
     "recall": 0.1617161716171617,
     "f1-score": 0.18114602587800369,
     "support": 303.0
    },
    "23": {
     "precision": 0.16459977452085683,
     "recall": 0.46794871794871795,
     "f1-score": 0.24353628023352794,
     "support": 312.0
    },
    "24": {
     "precision": 0.4132762312633833,
     "recall": 0.5209176788124157,
     "f1-score": 0.4608955223880597,
     "support": 741.0
    },
    "25": {
     "precision": 0.49770431588613406,
     "recall": 0.3606121091151031,
     "f1-score": 0.4182098765432099,
     "support": 1503.0
    },
    "26": {
     "precision": 0.2,
     "recall": 0.28600823045267487,
     "f1-score": 0.23539373412362405,
     "support": 486.0
    },
    "27": {
     "precision": 0.1891891891891892,
     "recall": 0.65625,
     "f1-score": 0.2937062937062937,
     "support": 96.0
    },
    "accuracy": 0.49796380891674635,
    "macro avg": {
     "precision": 0.4256903766353079,
     "recall": 0.517164060283218,
     "f1-score": 0.433153783648521,
     "support": 28239.0
    },
    "weighted avg": {
     "precision": 0.5831127154922751,
     "recall": 0.49796380891674635,
     "f1-score": 0.512644440653327,
     "support": 28239.0
    }
   }
  }
 }
}