{
 "dataset": "tcell",
 "n_samples": 24007,
 "n_features": 1089,
 "n_classes": 7,
 "n_train": 14283,
 "n_test": 7203,
 "transformer_params": 1185408,
 "total_params": 1955727,
 "config": {
  "heads": [
   "cell_type"
  ],
  "cohorts": null,
  "n_hvg": null,
  "n_channels": 1,
  "batch_size": 128,
  "val_frac": 0.15,
  "test_frac": 0.15,
  "d_model": 384,
  "n_heads": 4,
  "d_ff": 768,
  "dropout": 0.1,
  "n_markers": 128,
  "marker_mode": "router",
  "pathway_pool": "mean",
  "compress_mode": "aggregate",
  "recursive_marker_refine": true,
  "peak_init": true,
  "anneal_markers": true,
  "recursion_depth": 4,
  "share_weights": true,
  "share_strategy": "cycle",
  "n_unique_blocks": null,
  "step_cache": false,
  "adaptive_depth": false,
  "marker_ffn": false,
  "recursion_mode": "expert",
  "router_capacity": null,
  "router_alpha": 1.0,
  "router_temp": 1.0,
  "router_type": "linear",
  "router_z_coeff": 0.001,
  "router_balance_coeff": 0.1,
  "gene_interaction": "none",
  "interaction_knn": 16,
  "router_prior_beta": 1.0,
  "router_prior_anneal": true,
  "pathway_attn_bias": false,
  "pathway_attn_lambda": 2.0,
  "lambda_marker": 0.1,
  "gamma_diversity": 0.05,
  "beta_compression": 0.01,
  "lr": 0.001,
  "weight_decay": 1e-05,
  "epochs": 80,
  "patience": 12,
  "seed": 0,
  "device": "cuda"
 },
 "heads": {
  "cell_type": {
   "accuracy": 0.5426905456059975,
   "macro_f1": 0.47229614082289867,
   "weighted_f1": 0.607228648400708,
   "per_class": {
    "0": {
     "precision": 0.33430232558139533,
     "recall": 0.46938775510204084,
     "f1-score": 0.3904923599320883,
     "support": 245.0
    },
    "1": {
     "precision": 0.581081081081081,
     "recall": 0.55637707948244,
     "f1-score": 0.5684608120868744,
     "support": 541.0
    },
    "2": {
     "precision": 0.8977841315225161,
     "recall": 0.5494313210848644,
     "f1-score": 0.6816824966078697,
     "support": 4572.0
    },
    "3": {
     "precision": 0.08410704533042053,
     "recall": 0.4782608695652174,
     "f1-score": 0.14305620065025546,
     "support": 322.0
    },
    "4": {
     "precision": 0.4059278350515464,
     "recall": 0.481651376146789,
     "f1-score": 0.4405594405594406,
     "support": 654.0
    },
    "5": {
     "precision": 0.8051948051948052,
     "recall": 0.6458333333333334,
     "f1-score": 0.7167630057803468,
     "support": 576.0
    },
    "6": {
     "precision": 0.29535864978902954,
     "recall": 0.4778156996587031,
     "f1-score": 0.3650586701434159,
     "support": 293.0
    },
    "accuracy": 0.5426905456059975,
    "macro avg": {
     "precision": 0.4862508390786849,
     "recall": 0.5226796334819126,
     "f1-score": 0.47229614082289867,
     "support": 7203.0
    },
    "weighted avg": {
     "precision": 0.7418894278569693,
     "recall": 0.5426905456059975,
     "f1-score": 0.607228648400708,
     "support": 7203.0
    }
   }
  }
 }
}