{
 "family": "pnet",
 "cohort": "stad",
 "task": "response",
 "mode": "learned",
 "K": 2,
 "n_features": 3000,
 "n_classes": 2,
 "n_samples": 414,
 "n_folds": 5,
 "seed": 42,
 "val_frac": 0.1,
 "cv_macro_f1": {
  "mean": 49.96361316643528,
  "std": 7.608396936008503,
  "folds": [
   46.980255516840884,
   50.139194139194146,
   44.50581395348837,
   43.69063772048847,
   64.5021645021645
  ]
 },
 "cv_accuracy": {
  "mean": 50.51719071407581,
  "std": 7.340746530141568,
  "folds": [
   46.98795180722892,
   50.602409638554214,
   44.57831325301205,
   45.78313253012048,
   64.63414634146342
  ]
 }
}