{
 "task": "prostate",
 "arm": "vanilla",
 "pos_class": 1,
 "n_folds": 10,
 "pos_f1": [
  0.6460475304154726,
  0.08951887714016044
 ],
 "pos_precision": [
  0.5674070389756152,
  0.15222827323725163
 ],
 "pos_recall": [
  0.8225915875169607,
  0.1193955431428106
 ],
 "maj_f1": [
  0.6393110298621872,
  0.3266338496714584
 ],
 "macro_f1": [
  0.6426792801388299,
  0.20503732714774256
 ],
 "accuracy": [
  0.6720114129639565,
  0.1819896456252133
 ]
}