{
 "dataset": "Spleen",
 "mode": "learned",
 "K": 4,
 "seed": 2,
 "n_markers": 128,
 "test_macro_f1": 58.62396279409453,
 "test_accuracy": 68.41956159920677,
 "val_macro_f1": 60.27191083587826,
 "n_features": 1089,
 "n_classes": 28,
 "n_samples": 94129,
 "learned_lambda": 0.6397544145584106,
 "bio_anchor_have": false
}