{
 "dataset": "Spleen",
 "mode": "learned",
 "K": 4,
 "seed": 0,
 "n_markers": 128,
 "test_macro_f1": 59.04608782036554,
 "test_accuracy": 69.73334749814087,
 "val_macro_f1": 59.3939970399146,
 "n_features": 1089,
 "n_classes": 28,
 "n_samples": 94129,
 "learned_lambda": 0.6759024858474731,
 "bio_anchor_have": false
}