{
 "dataset": "Tcell",
 "method": "Linear (ANOVA->PCA->LogReg)",
 "n_folds": 5,
 "seed": 42,
 "n_features": 1089,
 "n_classes": 7,
 "n_samples": 24007,
 "cv_macro_f1": {
  "mean": 77.96327565393877,
  "std": 0.8004891544956071,
  "folds": [
   77.58581165333378,
   79.0576660836854,
   78.37640199539182,
   76.6721081178708,
   78.12439041941207
  ]
 }
}