{
 "dataset": "Baron",
 "method": "Linear (ANOVA->PCA->LogReg)",
 "n_folds": 5,
 "seed": 42,
 "n_features": 2000,
 "n_classes": 13,
 "n_samples": 8569,
 "cv_macro_f1": {
  "mean": 90.5119523369089,
  "std": 1.780148442664789,
  "folds": [
   92.03654934543913,
   89.68151476421956,
   91.24817317063858,
   87.42340963505212,
   92.17011476919517
  ]
 }
}