{
 "dataset": "Baron",
 "method": "NearestCentroid",
 "n_folds": 5,
 "seed": 42,
 "n_features": 2000,
 "n_classes": 13,
 "n_samples": 8569,
 "cv_macro_f1": {
  "mean": 78.35669066351879,
  "std": 1.9471615449225772,
  "folds": [
   79.58729471554828,
   75.49610033211495,
   80.45228073255709,
   76.58117430203927,
   79.66660323533435
  ]
 }
}