{
 "dataset": "Baron",
 "method": "Random Forest",
 "n_folds": 5,
 "seed": 42,
 "n_features": 2000,
 "n_classes": 13,
 "n_samples": 8569,
 "cv_macro_f1": {
  "mean": 90.23486187911415,
  "std": 4.7852249231683315,
  "folds": [
   95.6086902364937,
   82.37553353305148,
   87.3622144937879,
   92.12722090388968,
   93.70065022834798
  ]
 }
}