{
 "dataset": "common_class",
 "n_samples": 27499,
 "n_features": 1089,
 "n_classes": 19,
 "n_train": 16361,
 "n_test": 8250,
 "transformer_params": 74784,
 "total_params": 214407,
 "config": {
  "heads": [
   "cell_type"
  ],
  "cohorts": null,
  "n_hvg": null,
  "n_channels": 1,
  "batch_size": 128,
  "val_frac": 0.15,
  "test_frac": 0.15,
  "d_model": 96,
  "n_heads": 4,
  "d_ff": 192,
  "dropout": 0.1,
  "n_markers": 128,
  "marker_mode": "router",
  "pathway_pool": "mean",
  "compress_mode": "aggregate",
  "recursive_marker_refine": true,
  "peak_init": true,
  "anneal_markers": true,
  "recursion_depth": 4,
  "share_weights": true,
  "share_strategy": "cycle",
  "n_unique_blocks": null,
  "step_cache": false,
  "adaptive_depth": false,
  "marker_ffn": false,
  "recursion_mode": "fixed",
  "router_capacity": null,
  "router_alpha": 1.0,
  "router_temp": 1.0,
  "router_type": "linear",
  "router_z_coeff": 0.001,
  "router_balance_coeff": 0.1,
  "gene_interaction": "none",
  "interaction_knn": 16,
  "router_prior_beta": 1.0,
  "router_prior_anneal": true,
  "pathway_attn_bias": false,
  "pathway_attn_lambda": 2.0,
  "lambda_marker": 0.1,
  "gamma_diversity": 0.05,
  "beta_compression": 0.01,
  "lr": 0.001,
  "weight_decay": 1e-05,
  "epochs": 80,
  "patience": 12,
  "seed": 0,
  "device": "cuda"
 },
 "heads": {
  "cell_type": {
   "accuracy": 0.8332121212121212,
   "macro_f1": 0.7028378046993138,
   "weighted_f1": 0.8386341926063995,
   "per_class": {
    "0": {
     "precision": 0.5,
     "recall": 0.7105263157894737,
     "f1-score": 0.5869565217391305,
     "support": 76.0
    },
    "1": {
     "precision": 0.6265822784810127,
     "recall": 0.6055045871559633,
     "f1-score": 0.6158631415241057,
     "support": 327.0
    },
    "2": {
     "precision": 0.5082508250825083,
     "recall": 0.6470588235294118,
     "f1-score": 0.5693160813308688,
     "support": 238.0
    },
    "3": {
     "precision": 0.6789473684210526,
     "recall": 0.7724550898203593,
     "f1-score": 0.7226890756302521,
     "support": 167.0
    },
    "4": {
     "precision": 0.6973684210526315,
     "recall": 0.6625,
     "f1-score": 0.6794871794871795,
     "support": 160.0
    },
    "5": {
     "precision": 0.6336996336996337,
     "recall": 0.7061224489795919,
     "f1-score": 0.667953667953668,
     "support": 245.0
    },
    "6": {
     "precision": 0.5303030303030303,
     "recall": 0.5882352941176471,
     "f1-score": 0.5577689243027888,
     "support": 119.0
    },
    "7": {
     "precision": 0.9090909090909091,
     "recall": 0.7153502235469449,
     "f1-score": 0.8006672226855713,
     "support": 671.0
    },
    "8": {
     "precision": 0.5547945205479452,
     "recall": 0.5625,
     "f1-score": 0.5586206896551724,
     "support": 144.0
    },
    "9": {
     "precision": 0.6910377358490566,
     "recall": 0.7111650485436893,
     "f1-score": 0.7009569377990431,
     "support": 412.0
    },
    "10": {
     "precision": 0.4723404255319149,
     "recall": 0.6686746987951807,
     "f1-score": 0.5536159600997507,
     "support": 166.0
    },
    "11": {
     "precision": 0.8281573498964804,
     "recall": 0.7827788649706457,
     "f1-score": 0.8048289738430584,
     "support": 511.0
    },
    "12": {
     "precision": 0.8802395209580839,
     "recall": 0.8352272727272727,
     "f1-score": 0.8571428571428571,
     "support": 528.0
    },
    "13": {
     "precision": 0.4016393442622951,
     "recall": 0.5212765957446809,
     "f1-score": 0.4537037037037037,
     "support": 94.0
    },
    "14": {
     "precision": 1.0,
     "recall": 0.9285714285714286,
     "f1-score": 0.9629629629629629,
     "support": 14.0
    },
    "15": {
     "precision": 0.46215139442231074,
     "recall": 0.5771144278606966,
     "f1-score": 0.5132743362831859,
     "support": 201.0
    },
    "16": {
     "precision": 0.9963985594237695,
     "recall": 0.9389140271493213,
     "f1-score": 0.966802562609202,
     "support": 884.0
    },
    "17": {
     "precision": 0.9813374805598756,
     "recall": 0.9660134721371708,
     "f1-score": 0.973615182842154,
     "support": 3266.0
    },
    "18": {
     "precision": 0.84,
     "recall": 0.7777777777777778,
     "f1-score": 0.8076923076923077,
     "support": 27.0
    },
    "accuracy": 0.8332121212121212,
    "macro avg": {
     "precision": 0.6943336209253953,
     "recall": 0.719882441958803,
     "f1-score": 0.7028378046993138,
     "support": 8250.0
    },
    "weighted avg": {
     "precision": 0.8486465622422819,
     "recall": 0.8332121212121212,
     "f1-score": 0.8386341926063995,
     "support": 8250.0
    }
   }
  }
 }
}