{
 "dataset": "lung",
 "n_samples": 57020,
 "n_features": 1089,
 "n_classes": 25,
 "n_train": 33926,
 "n_test": 17106,
 "transformer_params": 74784,
 "total_params": 215571,
 "config": {
  "heads": [
   "cell_type"
  ],
  "cohorts": null,
  "n_hvg": null,
  "n_channels": 1,
  "batch_size": 128,
  "val_frac": 0.15,
  "test_frac": 0.15,
  "d_model": 96,
  "n_heads": 4,
  "d_ff": 192,
  "dropout": 0.1,
  "n_markers": 128,
  "marker_mode": "router",
  "pathway_pool": "mean",
  "compress_mode": "aggregate",
  "recursive_marker_refine": true,
  "peak_init": true,
  "anneal_markers": true,
  "recursion_depth": 4,
  "share_weights": true,
  "share_strategy": "cycle",
  "n_unique_blocks": null,
  "step_cache": false,
  "adaptive_depth": false,
  "marker_ffn": false,
  "recursion_mode": "fixed",
  "router_capacity": null,
  "router_alpha": 1.0,
  "router_temp": 1.0,
  "router_type": "linear",
  "router_z_coeff": 0.001,
  "router_balance_coeff": 0.1,
  "gene_interaction": "none",
  "interaction_knn": 16,
  "router_prior_beta": 1.0,
  "router_prior_anneal": true,
  "pathway_attn_bias": false,
  "pathway_attn_lambda": 2.0,
  "lambda_marker": 0.1,
  "gamma_diversity": 0.05,
  "beta_compression": 0.01,
  "lr": 0.001,
  "weight_decay": 1e-05,
  "epochs": 80,
  "patience": 12,
  "seed": 0,
  "device": "cuda"
 },
 "heads": {
  "cell_type": {
   "accuracy": 0.7876183795159594,
   "macro_f1": 0.717171248250289,
   "weighted_f1": 0.7928529390371345,
   "per_class": {
    "0": {
     "precision": 0.5777777777777777,
     "recall": 0.7947598253275109,
     "f1-score": 0.6691176470588235,
     "support": 229.0
    },
    "1": {
     "precision": 0.9840425531914894,
     "recall": 0.9230220955096222,
     "f1-score": 0.9525560867966164,
     "support": 1403.0
    },
    "2": {
     "precision": 0.8792756539235412,
     "recall": 0.9397849462365592,
     "f1-score": 0.9085239085239085,
     "support": 465.0
    },
    "3": {
     "precision": 0.8996188055908514,
     "recall": 0.8762376237623762,
     "f1-score": 0.8877742946708463,
     "support": 808.0
    },
    "4": {
     "precision": 0.6918918918918919,
     "recall": 0.9142857142857143,
     "f1-score": 0.7876923076923077,
     "support": 140.0
    },
    "5": {
     "precision": 0.6447368421052632,
     "recall": 1.0,
     "f1-score": 0.784,
     "support": 49.0
    },
    "6": {
     "precision": 0.6236363636363637,
     "recall": 0.7116182572614108,
     "f1-score": 0.6647286821705426,
     "support": 482.0
    },
    "7": {
     "precision": 0.6078431372549019,
     "recall": 0.4246575342465753,
     "f1-score": 0.5,
     "support": 73.0
    },
    "8": {
     "precision": 0.7804878048780488,
     "recall": 0.8648648648648649,
     "f1-score": 0.8205128205128205,
     "support": 37.0
    },
    "9": {
     "precision": 0.5625,
     "recall": 0.6428571428571429,
     "f1-score": 0.6,
     "support": 14.0
    },
    "10": {
     "precision": 0.9378486055776892,
     "recall": 0.8485940879596251,
     "f1-score": 0.8909916729750189,
     "support": 1387.0
    },
    "11": {
     "precision": 0.689922480620155,
     "recall": 0.8811881188118812,
     "f1-score": 0.7739130434782608,
     "support": 101.0
    },
    "12": {
     "precision": 0.5142857142857142,
     "recall": 0.6428571428571429,
     "f1-score": 0.5714285714285714,
     "support": 28.0
    },
    "13": {
     "precision": 0.5594059405940595,
     "recall": 0.8042704626334519,
     "f1-score": 0.6598540145985401,
     "support": 281.0
    },
    "14": {
     "precision": 0.9374449339207048,
     "recall": 0.7858197932053176,
     "f1-score": 0.8549618320610687,
     "support": 1354.0
    },
    "15": {
     "precision": 0.9049382716049382,
     "recall": 0.8396334478808706,
     "f1-score": 0.8710635769459298,
     "support": 873.0
    },
    "16": {
     "precision": 0.8840985442329228,
     "recall": 0.8675824175824176,
     "f1-score": 0.8757626178591237,
     "support": 1820.0
    },
    "17": {
     "precision": 0.5575916230366492,
     "recall": 0.8452380952380952,
     "f1-score": 0.6719242902208202,
     "support": 252.0
    },
    "18": {
     "precision": 0.8690221270521057,
     "recall": 0.7792,
     "f1-score": 0.8216635734773072,
     "support": 3125.0
    },
    "19": {
     "precision": 0.5862068965517241,
     "recall": 0.4358974358974359,
     "f1-score": 0.5,
     "support": 39.0
    },
    "20": {
     "precision": 0.7,
     "recall": 0.813953488372093,
     "f1-score": 0.7526881720430108,
     "support": 86.0
    },
    "21": {
     "precision": 0.6739312657166806,
     "recall": 0.7434119278779473,
     "f1-score": 0.7069685645196746,
     "support": 2163.0
    },
    "22": {
     "precision": 0.5541022592152199,
     "recall": 0.5396641574985525,
     "f1-score": 0.5467879143443826,
     "support": 1727.0
    },
    "23": {
     "precision": 0.5,
     "recall": 0.46153846153846156,
     "f1-score": 0.48,
     "support": 26.0
    },
    "24": {
     "precision": 0.2747603833865815,
     "recall": 0.5972222222222222,
     "f1-score": 0.37636761487964987,
     "support": 144.0
    },
    "accuracy": 0.7876183795159594,
    "macro avg": {
     "precision": 0.695814795041811,
     "recall": 0.7591263705570915,
     "f1-score": 0.717171248250289,
     "support": 17106.0
    },
    "weighted avg": {
     "precision": 0.8053184946794734,
     "recall": 0.7876183795159594,
     "f1-score": 0.7928529390371345,
     "support": 17106.0
    }
   }
  }
 }
}