{
 "dataset": "prototype",
 "n_samples": 90579,
 "n_features": 752,
 "n_classes": 10,
 "n_train": 53894,
 "n_test": 27174,
 "transformer_params": 74784,
 "total_params": 180309,
 "config": {
  "heads": [
   "cell_type"
  ],
  "cohorts": null,
  "n_hvg": null,
  "n_channels": 1,
  "batch_size": 128,
  "val_frac": 0.15,
  "test_frac": 0.15,
  "d_model": 96,
  "n_heads": 4,
  "d_ff": 192,
  "dropout": 0.1,
  "n_markers": 128,
  "marker_mode": "router",
  "pathway_pool": "mean",
  "compress_mode": "aggregate",
  "recursive_marker_refine": true,
  "peak_init": true,
  "anneal_markers": true,
  "recursion_depth": 4,
  "share_weights": true,
  "share_strategy": "cycle",
  "n_unique_blocks": null,
  "step_cache": false,
  "adaptive_depth": false,
  "marker_ffn": false,
  "recursion_mode": "fixed",
  "router_capacity": null,
  "router_alpha": 1.0,
  "router_temp": 1.0,
  "router_type": "linear",
  "router_z_coeff": 0.001,
  "router_balance_coeff": 0.1,
  "gene_interaction": "none",
  "interaction_knn": 16,
  "router_prior_beta": 1.0,
  "router_prior_anneal": true,
  "pathway_attn_bias": false,
  "pathway_attn_lambda": 2.0,
  "lambda_marker": 0.1,
  "gamma_diversity": 0.05,
  "beta_compression": 0.01,
  "lr": 0.001,
  "weight_decay": 1e-05,
  "epochs": 80,
  "patience": 12,
  "seed": 0,
  "device": "cuda"
 },
 "heads": {
  "cell_type": {
   "accuracy": 0.9420769853536469,
   "macro_f1": 0.9376607048826988,
   "weighted_f1": 0.9423337806458676,
   "per_class": {
    "0": {
     "precision": 0.967741935483871,
     "recall": 0.9778812572759022,
     "f1-score": 0.9727851766068326,
     "support": 859.0
    },
    "1": {
     "precision": 0.9685916919959473,
     "recall": 0.941871921182266,
     "f1-score": 0.955044955044955,
     "support": 1015.0
    },
    "2": {
     "precision": 0.931350114416476,
     "recall": 0.9482758620689655,
     "f1-score": 0.9397367813438005,
     "support": 2146.0
    },
    "3": {
     "precision": 0.9600484261501211,
     "recall": 0.9384615384615385,
     "f1-score": 0.9491322561340515,
     "support": 2535.0
    },
    "4": {
     "precision": 0.8804347826086957,
     "recall": 0.9052941176470588,
     "f1-score": 0.892691415313225,
     "support": 1700.0
    },
    "5": {
     "precision": 0.8597122302158273,
     "recall": 0.896390060947023,
     "f1-score": 0.8776681202662382,
     "support": 2133.0
    },
    "6": {
     "precision": 0.9102040816326531,
     "recall": 0.9095291064145347,
     "f1-score": 0.9098664688427299,
     "support": 2697.0
    },
    "7": {
     "precision": 0.965018315018315,
     "recall": 0.9474914583707966,
     "f1-score": 0.9561745758098176,
     "support": 5561.0
    },
    "8": {
     "precision": 0.931025641025641,
     "recall": 0.9577947771036666,
     "f1-score": 0.944220517487973,
     "support": 3791.0
    },
    "9": {
     "precision": 0.9907107366601858,
     "recall": 0.9681232847793962,
     "f1-score": 0.979286781977365,
     "support": 4737.0
    },
    "accuracy": 0.9420769853536469,
    "macro avg": {
     "precision": 0.9364837955207733,
     "recall": 0.9391113384251148,
     "f1-score": 0.9376607048826988,
     "support": 27174.0
    },
    "weighted avg": {
     "precision": 0.9428541449892401,
     "recall": 0.9420769853536469,
     "f1-score": 0.9423337806458676,
     "support": 27174.0
    }
   }
  }
 }
}