{
 "dataset": "tabula_muris",
 "n_samples": 54865,
 "n_features": 1089,
 "n_classes": 55,
 "n_train": 32645,
 "n_test": 16458,
 "transformer_params": 74784,
 "total_params": 221391,
 "config": {
  "heads": [
   "cell_type"
  ],
  "cohorts": null,
  "n_hvg": null,
  "n_channels": 1,
  "batch_size": 128,
  "val_frac": 0.15,
  "test_frac": 0.15,
  "d_model": 96,
  "n_heads": 4,
  "d_ff": 192,
  "dropout": 0.1,
  "n_markers": 128,
  "marker_mode": "router",
  "pathway_pool": "mean",
  "compress_mode": "aggregate",
  "recursive_marker_refine": true,
  "peak_init": true,
  "anneal_markers": true,
  "recursion_depth": 4,
  "share_weights": true,
  "share_strategy": "cycle",
  "n_unique_blocks": null,
  "step_cache": false,
  "adaptive_depth": false,
  "marker_ffn": false,
  "recursion_mode": "fixed",
  "router_capacity": null,
  "router_alpha": 1.0,
  "router_temp": 1.0,
  "router_type": "linear",
  "router_z_coeff": 0.001,
  "router_balance_coeff": 0.1,
  "gene_interaction": "none",
  "interaction_knn": 16,
  "router_prior_beta": 1.0,
  "router_prior_anneal": true,
  "pathway_attn_bias": false,
  "pathway_attn_lambda": 2.0,
  "lambda_marker": 0.1,
  "gamma_diversity": 0.05,
  "beta_compression": 0.01,
  "lr": 0.001,
  "weight_decay": 1e-05,
  "epochs": 80,
  "patience": 12,
  "seed": 0,
  "device": "cuda"
 },
 "heads": {
  "cell_type": {
   "accuracy": 0.8616478308421437,
   "macro_f1": 0.7924660588815563,
   "weighted_f1": 0.8592857858245698,
   "per_class": {
    "0": {
     "precision": 0.9431774255894859,
     "recall": 0.9807073954983923,
     "f1-score": 0.961576354679803,
     "support": 2488.0
    },
    "1": {
     "precision": 0.6153846153846154,
     "recall": 0.6153846153846154,
     "f1-score": 0.6153846153846154,
     "support": 13.0
    },
    "2": {
     "precision": 0.6190476190476191,
     "recall": 0.65,
     "f1-score": 0.6341463414634146,
     "support": 20.0
    },
    "3": {
     "precision": 0.5714285714285714,
     "recall": 0.7272727272727273,
     "f1-score": 0.64,
     "support": 11.0
    },
    "4": {
     "precision": 0.9320137693631669,
     "recall": 0.81859410430839,
     "f1-score": 0.8716297786720322,
     "support": 1323.0
    },
    "5": {
     "precision": 0.9509803921568627,
     "recall": 0.9326923076923077,
     "f1-score": 0.941747572815534,
     "support": 104.0
    },
    "6": {
     "precision": 0.9655172413793104,
     "recall": 0.9491525423728814,
     "f1-score": 0.9572649572649573,
     "support": 118.0
    },
    "7": {
     "precision": 0.974025974025974,
     "recall": 0.9042954031650339,
     "f1-score": 0.9378663540445487,
     "support": 1327.0
    },
    "8": {
     "precision": 0.9444444444444444,
     "recall": 0.9444444444444444,
     "f1-score": 0.9444444444444444,
     "support": 18.0
    },
    "9": {
     "precision": 0.9322493224932249,
     "recall": 0.9529085872576177,
     "f1-score": 0.9424657534246575,
     "support": 361.0
    },
    "10": {
     "precision": 0.9774647887323944,
     "recall": 0.9914285714285714,
     "f1-score": 0.9843971631205674,
     "support": 350.0
    },
    "11": {
     "precision": 0.5830188679245283,
     "recall": 0.9035087719298246,
     "f1-score": 0.7087155963302753,
     "support": 342.0
    },
    "12": {
     "precision": 0.9,
     "recall": 1.0,
     "f1-score": 0.9473684210526315,
     "support": 18.0
    },
    "13": {
     "precision": 0.9375,
     "recall": 1.0,
     "f1-score": 0.967741935483871,
     "support": 15.0
    },
    "14": {
     "precision": 0.6037735849056604,
     "recall": 0.6666666666666666,
     "f1-score": 0.6336633663366337,
     "support": 48.0
    },
    "15": {
     "precision": 0.39285714285714285,
     "recall": 0.8461538461538461,
     "f1-score": 0.5365853658536586,
     "support": 13.0
    },
    "16": {
     "precision": 1.0,
     "recall": 1.0,
     "f1-score": 1.0,
     "support": 8.0
    },
    "17": {
     "precision": 0.8260869565217391,
     "recall": 1.0,
     "f1-score": 0.9047619047619048,
     "support": 19.0
    },
    "18": {
     "precision": 0.7391304347826086,
     "recall": 0.8947368421052632,
     "f1-score": 0.8095238095238095,
     "support": 19.0
    },
    "19": {
     "precision": 0.9329529243937232,
     "recall": 0.7667057444314185,
     "f1-score": 0.8416988416988417,
     "support": 853.0
    },
    "20": {
     "precision": 1.0,
     "recall": 0.625,
     "f1-score": 0.7692307692307693,
     "support": 8.0
    },
    "21": {
     "precision": 0.7714285714285715,
     "recall": 0.9310344827586207,
     "f1-score": 0.84375,
     "support": 261.0
    },
    "22": {
     "precision": 0.7924528301886793,
     "recall": 0.9130434782608695,
     "f1-score": 0.8484848484848485,
     "support": 46.0
    },
    "23": {
     "precision": 0.6739130434782609,
     "recall": 0.9117647058823529,
     "f1-score": 0.775,
     "support": 68.0
    },
    "24": {
     "precision": 0.9301310043668122,
     "recall": 0.9770642201834863,
     "f1-score": 0.9530201342281879,
     "support": 218.0
    },
    "25": {
     "precision": 0.9166666666666666,
     "recall": 0.8761061946902655,
     "f1-score": 0.8959276018099548,
     "support": 113.0
    },
    "26": {
     "precision": 0.9181818181818182,
     "recall": 0.8559322033898306,
     "f1-score": 0.8859649122807017,
     "support": 118.0
    },
    "27": {
     "precision": 0.9943502824858758,
     "recall": 0.998109640831758,
     "f1-score": 0.9962264150943396,
     "support": 529.0
    },
    "28": {
     "precision": 0.8076923076923077,
     "recall": 0.6176470588235294,
     "f1-score": 0.7,
     "support": 34.0
    },
    "29": {
     "precision": 0.9261904761904762,
     "recall": 0.958128078817734,
     "f1-score": 0.9418886198547215,
     "support": 406.0
    },
    "30": {
     "precision": 0.8818272095332671,
     "recall": 0.962080173347779,
     "f1-score": 0.9202072538860103,
     "support": 923.0
    },
    "31": {
     "precision": 0.8083333333333333,
     "recall": 0.8220338983050848,
     "f1-score": 0.8151260504201681,
     "support": 118.0
    },
    "32": {
     "precision": 0.1875,
     "recall": 0.21428571428571427,
     "f1-score": 0.2,
     "support": 14.0
    },
    "33": {
     "precision": 0.828125,
     "recall": 0.7969924812030075,
     "f1-score": 0.8122605363984674,
     "support": 133.0
    },
    "34": {
     "precision": 0.8620689655172413,
     "recall": 0.8865248226950354,
     "f1-score": 0.8741258741258742,
     "support": 141.0
    },
    "35": {
     "precision": 0.9916434540389972,
     "recall": 0.9916434540389972,
     "f1-score": 0.9916434540389972,
     "support": 359.0
    },
    "36": {
     "precision": 0.8461538461538461,
     "recall": 0.9746835443037974,
     "f1-score": 0.9058823529411765,
     "support": 79.0
    },
    "37": {
     "precision": 0.5242718446601942,
     "recall": 0.5567010309278351,
     "f1-score": 0.54,
     "support": 97.0
    },
    "38": {
     "precision": 0.9343065693430657,
     "recall": 0.927536231884058,
     "f1-score": 0.9309090909090909,
     "support": 138.0
    },
    "39": {
     "precision": 0.8428571428571429,
     "recall": 0.8489208633093526,
     "f1-score": 0.8458781362007168,
     "support": 139.0
    },
    "40": {
     "precision": 0.5223880597014925,
     "recall": 0.35353535353535354,
     "f1-score": 0.42168674698795183,
     "support": 396.0
    },
    "41": {
     "precision": 0.5,
     "recall": 1.0,
     "f1-score": 0.6666666666666666,
     "support": 7.0
    },
    "42": {
     "precision": 0.631578947368421,
     "recall": 0.8,
     "f1-score": 0.7058823529411765,
     "support": 15.0
    },
    "43": {
     "precision": 0.971551724137931,
     "recall": 0.9575191163976211,
     "f1-score": 0.9644843816859221,
     "support": 2354.0
    },
    "44": {
     "precision": 0.3553530751708428,
     "recall": 0.9149560117302052,
     "f1-score": 0.5118949958982772,
     "support": 341.0
    },
    "45": {
     "precision": 0.7684210526315789,