{
 "dataset": "tcell",
 "n_samples": 24007,
 "n_features": 1089,
 "n_classes": 7,
 "n_train": 14283,
 "n_test": 7203,
 "transformer_params": 74784,
 "total_params": 212079,
 "config": {
  "heads": [
   "cell_type"
  ],
  "cohorts": null,
  "n_hvg": null,
  "n_channels": 1,
  "batch_size": 128,
  "val_frac": 0.15,
  "test_frac": 0.15,
  "d_model": 96,
  "n_heads": 4,
  "d_ff": 192,
  "dropout": 0.1,
  "n_markers": 128,
  "marker_mode": "router",
  "pathway_pool": "mean",
  "compress_mode": "aggregate",
  "recursive_marker_refine": true,
  "peak_init": true,
  "anneal_markers": true,
  "recursion_depth": 4,
  "share_weights": true,
  "share_strategy": "cycle",
  "n_unique_blocks": null,
  "step_cache": false,
  "adaptive_depth": false,
  "marker_ffn": false,
  "recursion_mode": "fixed",
  "router_capacity": null,
  "router_alpha": 1.0,
  "router_temp": 1.0,
  "router_type": "linear",
  "router_z_coeff": 0.001,
  "router_balance_coeff": 0.1,
  "gene_interaction": "none",
  "interaction_knn": 16,
  "router_prior_beta": 1.0,
  "router_prior_anneal": true,
  "pathway_attn_bias": false,
  "pathway_attn_lambda": 2.0,
  "lambda_marker": 0.1,
  "gamma_diversity": 0.05,
  "beta_compression": 0.01,
  "lr": 0.001,
  "weight_decay": 1e-05,
  "epochs": 80,
  "patience": 12,
  "seed": 0,
  "device": "cuda"
 },
 "heads": {
  "cell_type": {
   "accuracy": 0.6547271970012495,
   "macro_f1": 0.4746619527074191,
   "weighted_f1": 0.6861142192120534,
   "per_class": {
    "0": {
     "precision": 0.44313725490196076,
     "recall": 0.46122448979591835,
     "f1-score": 0.452,
     "support": 245.0
    },
    "1": {
     "precision": 0.5693950177935944,
     "recall": 0.5914972273567468,
     "f1-score": 0.5802357207615594,
     "support": 541.0
    },
    "2": {
     "precision": 0.8912208855899667,
     "recall": 0.7615923009623797,
     "f1-score": 0.8213232692534497,
     "support": 4572.0
    },
    "3": {
     "precision": 0.10236220472440945,
     "recall": 0.20186335403726707,
     "f1-score": 0.13584117032392895,
     "support": 322.0
    },
    "4": {
     "precision": 0.46818923327895595,
     "recall": 0.43883792048929665,
     "f1-score": 0.4530386740331492,
     "support": 654.0
    },
    "5": {
     "precision": 0.7296587926509186,
     "recall": 0.4826388888888889,
     "f1-score": 0.58098223615465,
     "support": 576.0
    },
    "6": {
     "precision": 0.2011764705882353,
     "recall": 0.5836177474402731,
     "f1-score": 0.2992125984251969,
     "support": 293.0
    },
    "accuracy": 0.6547271970012495,
    "macro avg": {
     "precision": 0.4864485513611487,
     "recall": 0.5030388469958244,
     "f1-score": 0.4746619527074191,
     "support": 7203.0
    },
    "weighted avg": {
     "precision": 0.7371453255490241,
     "recall": 0.6547271970012495,
     "f1-score": 0.6861142192120534,
     "support": 7203.0
    }
   }
  }
 }
}