{
 "dataset": "baron",
 "n_samples": 8569,
 "n_features": 1936,
 "n_classes": 14,
 "n_train": 5098,
 "n_test": 2571,
 "transformer_params": 75168,
 "total_params": 288989,
 "config": {
  "heads": [
   "cell_type"
  ],
  "cohorts": null,
  "n_hvg": null,
  "n_channels": 1,
  "batch_size": 128,
  "val_frac": 0.15,
  "test_frac": 0.15,
  "d_model": 96,
  "n_heads": 4,
  "d_ff": 192,
  "dropout": 0.1,
  "n_markers": 64,
  "marker_mode": "router",
  "pathway_pool": "mean",
  "compress_mode": "aggregate",
  "recursive_marker_refine": true,
  "peak_init": true,
  "anneal_markers": true,
  "recursion_depth": 4,
  "share_weights": true,
  "share_strategy": "cycle",
  "n_unique_blocks": null,
  "step_cache": false,
  "adaptive_depth": false,
  "marker_ffn": false,
  "recursion_mode": "expert",
  "router_capacity": null,
  "router_alpha": 1.0,
  "router_temp": 1.0,
  "router_type": "linear",
  "router_z_coeff": 0.001,
  "router_balance_coeff": 0.1,
  "gene_interaction": "none",
  "interaction_knn": 16,
  "router_prior_beta": 1.0,
  "router_prior_anneal": true,
  "pathway_attn_bias": false,
  "pathway_attn_lambda": 2.0,
  "lambda_marker": 0.1,
  "gamma_diversity": 0.05,
  "beta_compression": 0.01,
  "lr": 0.001,
  "weight_decay": 1e-05,
  "epochs": 80,
  "patience": 12,
  "seed": 2,
  "device": "cuda"
 },
 "heads": {
  "cell_type": {
   "accuracy": 0.8191365227537923,
   "macro_f1": 0.5507425686960367,
   "weighted_f1": 0.8221266584000879,
   "per_class": {
    "0": {
     "precision": 0.8623853211009175,
     "recall": 0.9825783972125436,
     "f1-score": 0.9185667752442996,
     "support": 287.0
    },
    "1": {
     "precision": 0.7613636363636364,
     "recall": 0.788235294117647,
     "f1-score": 0.7745664739884393,
     "support": 85.0
    },
    "2": {
     "precision": 0.8931623931623932,
     "recall": 0.8982808022922636,
     "f1-score": 0.8957142857142857,
     "support": 698.0
    },
    "3": {
     "precision": 0.9085794655414908,
     "recall": 0.8522427440633246,
     "f1-score": 0.8795098706603132,
     "support": 758.0
    },
    "4": {
     "precision": 0.719047619047619,
     "recall": 0.8388888888888889,
     "f1-score": 0.7743589743589744,
     "support": 180.0
    },
    "5": {
     "precision": 0.9090909090909091,
     "recall": 0.5882352941176471,
     "f1-score": 0.7142857142857143,
     "support": 323.0
    },
    "6": {
     "precision": 0.4049586776859504,
     "recall": 0.6447368421052632,
     "f1-score": 0.49746192893401014,
     "support": 76.0
    },
    "7": {
     "precision": 0.25,
     "recall": 0.6,
     "f1-score": 0.35294117647058826,
     "support": 5.0
    },
    "8": {
     "precision": 0.5569620253164557,
     "recall": 0.5714285714285714,
     "f1-score": 0.5641025641025641,
     "support": 77.0
    },
    "9": {
     "precision": 0.5625,
     "recall": 0.5294117647058824,
     "f1-score": 0.5454545454545454,
     "support": 17.0
    },
    "10": {
     "precision": 0.0,
     "recall": 0.0,
     "f1-score": 0.0,
     "support": 7.0
    },
    "11": {
     "precision": 0.4675324675324675,
     "recall": 0.6923076923076923,
     "f1-score": 0.5581395348837209,
     "support": 52.0
    },
    "12": {
     "precision": 0.15384615384615385,
     "recall": 0.5,
     "f1-score": 0.23529411764705882,
     "support": 4.0
    },
    "13": {
     "precision": 0.0,
     "recall": 0.0,
     "f1-score": 0.0,
     "support": 2.0
    },
    "accuracy": 0.8191365227537923,
    "macro avg": {
     "precision": 0.5321020477634282,
     "recall": 0.6061675922314088,
     "f1-score": 0.5507425686960367,
     "support": 2571.0
    },
    "weighted avg": {
     "precision": 0.8389025768184288,
     "recall": 0.8191365227537923,
     "f1-score": 0.8221266584000879,
     "support": 2571.0
    }
   }
  }
 }
}