{
 "dataset": "common_class",
 "n_samples": 27499,
 "n_features": 1089,
 "n_classes": 19,
 "n_train": 16361,
 "n_test": 8250,
 "transformer_params": 75168,
 "total_params": 208647,
 "config": {
  "heads": [
   "cell_type"
  ],
  "cohorts": null,
  "n_hvg": null,
  "n_channels": 1,
  "batch_size": 128,
  "val_frac": 0.15,
  "test_frac": 0.15,
  "d_model": 96,
  "n_heads": 4,
  "d_ff": 192,
  "dropout": 0.1,
  "n_markers": 64,
  "marker_mode": "router",
  "pathway_pool": "mean",
  "compress_mode": "aggregate",
  "recursive_marker_refine": true,
  "peak_init": true,
  "anneal_markers": true,
  "recursion_depth": 4,
  "share_weights": true,
  "share_strategy": "cycle",
  "n_unique_blocks": null,
  "step_cache": false,
  "adaptive_depth": false,
  "marker_ffn": false,
  "recursion_mode": "expert",
  "router_capacity": null,
  "router_alpha": 1.0,
  "router_temp": 1.0,
  "router_type": "linear",
  "router_z_coeff": 0.001,
  "router_balance_coeff": 0.1,
  "gene_interaction": "none",
  "interaction_knn": 16,
  "router_prior_beta": 1.0,
  "router_prior_anneal": true,
  "pathway_attn_bias": false,
  "pathway_attn_lambda": 2.0,
  "lambda_marker": 0.1,
  "gamma_diversity": 0.05,
  "beta_compression": 0.01,
  "lr": 0.001,
  "weight_decay": 1e-05,
  "epochs": 80,
  "patience": 12,
  "seed": 2,
  "device": "cuda"
 },
 "heads": {
  "cell_type": {
   "accuracy": 0.6090909090909091,
   "macro_f1": 0.41856255139996207,
   "weighted_f1": 0.6287241964842827,
   "per_class": {
    "0": {
     "precision": 0.2760416666666667,
     "recall": 0.6973684210526315,
     "f1-score": 0.39552238805970147,
     "support": 76.0
    },
    "1": {
     "precision": 0.40236686390532544,
     "recall": 0.41590214067278286,
     "f1-score": 0.40902255639097745,
     "support": 327.0
    },
    "2": {
     "precision": 0.35365853658536583,
     "recall": 0.48739495798319327,
     "f1-score": 0.4098939929328622,
     "support": 238.0
    },
    "3": {
     "precision": 0.3930131004366812,
     "recall": 0.5389221556886228,
     "f1-score": 0.45454545454545453,
     "support": 167.0
    },
    "4": {
     "precision": 0.3317972350230415,
     "recall": 0.45,
     "f1-score": 0.3819628647214854,
     "support": 160.0
    },
    "5": {
     "precision": 0.41304347826086957,
     "recall": 0.15510204081632653,
     "f1-score": 0.22551928783382788,
     "support": 245.0
    },
    "6": {
     "precision": 0.3333333333333333,
     "recall": 0.3277310924369748,
     "f1-score": 0.3305084745762712,
     "support": 119.0
    },
    "7": {
     "precision": 0.5932203389830508,
     "recall": 0.46944858420268254,
     "f1-score": 0.5241264559068219,
     "support": 671.0
    },
    "8": {
     "precision": 0.21676300578034682,
     "recall": 0.5208333333333334,
     "f1-score": 0.30612244897959184,
     "support": 144.0
    },
    "9": {
     "precision": 0.35563380281690143,
     "recall": 0.49029126213592233,
     "f1-score": 0.4122448979591837,
     "support": 412.0
    },
    "10": {
     "precision": 0.41847826086956524,
     "recall": 0.463855421686747,
     "f1-score": 0.44,
     "support": 166.0
    },
    "11": {
     "precision": 0.6621621621621622,
     "recall": 0.2876712328767123,
     "f1-score": 0.40109140518417463,
     "support": 511.0
    },
    "12": {
     "precision": 0.4851657940663176,
     "recall": 0.5265151515151515,
     "f1-score": 0.5049954586739328,
     "support": 528.0
    },
    "13": {
     "precision": 0.07399103139013453,
     "recall": 0.35106382978723405,
     "f1-score": 0.12222222222222222,
     "support": 94.0
    },
    "14": {
     "precision": 0.16666666666666666,
     "recall": 0.35714285714285715,
     "f1-score": 0.22727272727272727,
     "support": 14.0
    },
    "15": {
     "precision": 0.2468354430379747,
     "recall": 0.19402985074626866,
     "f1-score": 0.21727019498607242,
     "support": 201.0
    },
    "16": {
     "precision": 0.9491725768321513,
     "recall": 0.9083710407239819,
     "f1-score": 0.9283236994219654,
     "support": 884.0
    },
    "17": {
     "precision": 0.8994211287988423,
     "recall": 0.7611757501530925,
     "f1-score": 0.8245439469320066,
     "support": 3266.0
    },
    "18": {
     "precision": 0.30434782608695654,
     "recall": 0.7777777777777778,
     "f1-score": 0.4375,
     "support": 27.0
    },
    "accuracy": 0.6090909090909091,
    "macro avg": {
     "precision": 0.4144795921948607,
     "recall": 0.48318931056485753,
     "f1-score": 0.41856255139996207,
     "support": 8250.0
    },
    "weighted avg": {
     "precision": 0.6763382230049253,
     "recall": 0.6090909090909091,
     "f1-score": 0.6287241964842827,
     "support": 8250.0
    }
   }
  }
 }
}