{
 "dataset": "lung",
 "n_samples": 57020,
 "n_features": 1089,
 "n_classes": 25,
 "n_train": 33926,
 "n_test": 17106,
 "transformer_params": 75168,
 "total_params": 209811,
 "config": {
  "heads": [
   "cell_type"
  ],
  "cohorts": null,
  "n_hvg": null,
  "n_channels": 1,
  "batch_size": 128,
  "val_frac": 0.15,
  "test_frac": 0.15,
  "d_model": 96,
  "n_heads": 4,
  "d_ff": 192,
  "dropout": 0.1,
  "n_markers": 64,
  "marker_mode": "router",
  "pathway_pool": "mean",
  "compress_mode": "aggregate",
  "recursive_marker_refine": true,
  "peak_init": true,
  "anneal_markers": true,
  "recursion_depth": 4,
  "share_weights": true,
  "share_strategy": "cycle",
  "n_unique_blocks": null,
  "step_cache": false,
  "adaptive_depth": false,
  "marker_ffn": false,
  "recursion_mode": "expert",
  "router_capacity": null,
  "router_alpha": 1.0,
  "router_temp": 1.0,
  "router_type": "linear",
  "router_z_coeff": 0.001,
  "router_balance_coeff": 0.1,
  "gene_interaction": "none",
  "interaction_knn": 16,
  "router_prior_beta": 1.0,
  "router_prior_anneal": true,
  "pathway_attn_bias": false,
  "pathway_attn_lambda": 2.0,
  "lambda_marker": 0.1,
  "gamma_diversity": 0.05,
  "beta_compression": 0.01,
  "lr": 0.001,
  "weight_decay": 1e-05,
  "epochs": 80,
  "patience": 12,
  "seed": 2,
  "device": "cuda"
 },
 "heads": {
  "cell_type": {
   "accuracy": 0.7072956857243072,
   "macro_f1": 0.5898556462932811,
   "weighted_f1": 0.719863993111836,
   "per_class": {
    "0": {
     "precision": 0.25,
     "recall": 0.3056768558951965,
     "f1-score": 0.275049115913556,
     "support": 229.0
    },
    "1": {
     "precision": 0.9362464183381088,
     "recall": 0.9315751960085531,
     "f1-score": 0.9339049660593068,
     "support": 1403.0
    },
    "2": {
     "precision": 0.8805970149253731,
     "recall": 0.8881720430107527,
     "f1-score": 0.8843683083511777,
     "support": 465.0
    },
    "3": {
     "precision": 0.7893129770992366,
     "recall": 0.6398514851485149,
     "f1-score": 0.706766917293233,
     "support": 808.0
    },
    "4": {
     "precision": 0.6369426751592356,
     "recall": 0.7142857142857143,
     "f1-score": 0.6734006734006734,
     "support": 140.0
    },
    "5": {
     "precision": 0.3,
     "recall": 0.8571428571428571,
     "f1-score": 0.4444444444444444,
     "support": 49.0
    },
    "6": {
     "precision": 0.603448275862069,
     "recall": 0.7261410788381742,
     "f1-score": 0.6591337099811676,
     "support": 482.0
    },
    "7": {
     "precision": 0.4166666666666667,
     "recall": 0.4794520547945205,
     "f1-score": 0.445859872611465,
     "support": 73.0
    },
    "8": {
     "precision": 0.5614035087719298,
     "recall": 0.8648648648648649,
     "f1-score": 0.6808510638297872,
     "support": 37.0
    },
    "9": {
     "precision": 0.24,
     "recall": 0.42857142857142855,
     "f1-score": 0.3076923076923077,
     "support": 14.0
    },
    "10": {
     "precision": 0.8438177874186551,
     "recall": 0.8413842826243692,
     "f1-score": 0.8425992779783393,
     "support": 1387.0
    },
    "11": {
     "precision": 0.7981651376146789,
     "recall": 0.8613861386138614,
     "f1-score": 0.8285714285714286,
     "support": 101.0
    },
    "12": {
     "precision": 0.41025641025641024,
     "recall": 0.5714285714285714,
     "f1-score": 0.47761194029850745,
     "support": 28.0
    },
    "13": {
     "precision": 0.5103626943005182,
     "recall": 0.701067615658363,
     "f1-score": 0.5907046476761619,
     "support": 281.0
    },
    "14": {
     "precision": 0.9088345864661654,
     "recall": 0.7141802067946824,
     "f1-score": 0.7998345740281224,
     "support": 1354.0
    },
    "15": {
     "precision": 0.6320422535211268,
     "recall": 0.8224513172966781,
     "f1-score": 0.7147834743653559,
     "support": 873.0
    },
    "16": {
     "precision": 0.8888888888888888,
     "recall": 0.8307692307692308,
     "f1-score": 0.8588469184890656,
     "support": 1820.0
    },
    "17": {
     "precision": 0.5504587155963303,
     "recall": 0.7142857142857143,
     "f1-score": 0.6217616580310881,
     "support": 252.0
    },
    "18": {
     "precision": 0.8585322723253758,
     "recall": 0.62144,
     "f1-score": 0.720994987933915,
     "support": 3125.0
    },
    "19": {
     "precision": 0.2,
     "recall": 0.48717948717948717,
     "f1-score": 0.2835820895522388,
     "support": 39.0
    },
    "20": {
     "precision": 0.23443223443223443,
     "recall": 0.7441860465116279,
     "f1-score": 0.3565459610027855,
     "support": 86.0
    },
    "21": {
     "precision": 0.6650485436893204,
     "recall": 0.6967175219602404,
     "f1-score": 0.6805147888913976,
     "support": 2163.0
    },
    "22": {
     "precision": 0.48284466625077976,
     "recall": 0.4481760277938622,
     "f1-score": 0.4648648648648649,
     "support": 1727.0
    },
    "23": {
     "precision": 0.24444444444444444,
     "recall": 0.4230769230769231,
     "f1-score": 0.30985915492957744,
     "support": 26.0
    },
    "24": {
     "precision": 0.11498257839721254,
     "recall": 0.4583333333333333,
     "f1-score": 0.18384401114206128,
     "support": 144.0
    },
    "accuracy": 0.7072956857243072,
    "macro avg": {
     "precision": 0.5583091500169904,
     "recall": 0.6708718398355008,
     "f1-score": 0.5898556462932811,
     "support": 17106.0
    },
    "weighted avg": {
     "precision": 0.7493397935884062,
     "recall": 0.7072956857243072,
     "f1-score": 0.719863993111836,
     "support": 17106.0
    }
   }
  }
 }
}