{
 "dataset": "prototype",
 "n_samples": 90579,
 "n_features": 752,
 "n_classes": 10,
 "n_train": 53894,
 "n_test": 27174,
 "transformer_params": 75168,
 "total_params": 174549,
 "config": {
  "heads": [
   "cell_type"
  ],
  "cohorts": null,
  "n_hvg": null,
  "n_channels": 1,
  "batch_size": 128,
  "val_frac": 0.15,
  "test_frac": 0.15,
  "d_model": 96,
  "n_heads": 4,
  "d_ff": 192,
  "dropout": 0.1,
  "n_markers": 64,
  "marker_mode": "router",
  "pathway_pool": "mean",
  "compress_mode": "aggregate",
  "recursive_marker_refine": true,
  "peak_init": true,
  "anneal_markers": true,
  "recursion_depth": 4,
  "share_weights": true,
  "share_strategy": "cycle",
  "n_unique_blocks": null,
  "step_cache": false,
  "adaptive_depth": false,
  "marker_ffn": false,
  "recursion_mode": "expert",
  "router_capacity": null,
  "router_alpha": 1.0,
  "router_temp": 1.0,
  "router_type": "linear",
  "router_z_coeff": 0.001,
  "router_balance_coeff": 0.1,
  "gene_interaction": "none",
  "interaction_knn": 16,
  "router_prior_beta": 1.0,
  "router_prior_anneal": true,
  "pathway_attn_bias": false,
  "pathway_attn_lambda": 2.0,
  "lambda_marker": 0.1,
  "gamma_diversity": 0.05,
  "beta_compression": 0.01,
  "lr": 0.001,
  "weight_decay": 1e-05,
  "epochs": 80,
  "patience": 12,
  "seed": 2,
  "device": "cuda"
 },
 "heads": {
  "cell_type": {
   "accuracy": 0.9147714727312872,
   "macro_f1": 0.9108586730791842,
   "weighted_f1": 0.9149539386507605,
   "per_class": {
    "0": {
     "precision": 0.9634002361275088,
     "recall": 0.9499417927823051,
     "f1-score": 0.9566236811254396,
     "support": 859.0
    },
    "1": {
     "precision": 0.9198473282442748,
     "recall": 0.9497536945812808,
     "f1-score": 0.9345613184682501,
     "support": 1015.0
    },
    "2": {
     "precision": 0.9214015151515151,
     "recall": 0.9068033550792172,
     "f1-score": 0.914044152184124,
     "support": 2146.0
    },
    "3": {
     "precision": 0.9137115839243499,
     "recall": 0.914792899408284,
     "f1-score": 0.9142519219396806,
     "support": 2535.0
    },
    "4": {
     "precision": 0.8085106382978723,
     "recall": 0.8717647058823529,
     "f1-score": 0.838947070478347,
     "support": 1700.0
    },
    "5": {
     "precision": 0.8820686321894635,
     "recall": 0.8556024378809189,
     "f1-score": 0.8686339838172299,
     "support": 2133.0
    },
    "6": {
     "precision": 0.8809523809523809,
     "recall": 0.8917315535780497,
     "f1-score": 0.8863091947669062,
     "support": 2697.0
    },
    "7": {
     "precision": 0.9275388838060384,
     "recall": 0.9115267038302464,
     "f1-score": 0.9194630872483222,
     "support": 5561.0
    },
    "8": {
     "precision": 0.9001833900969347,
     "recall": 0.9063571616987602,
     "f1-score": 0.9032597266035752,
     "support": 3791.0
    },
    "9": {
     "precision": 0.9747613997879109,
     "recall": 0.9702343255224826,
     "f1-score": 0.9724925941599661,
     "support": 4737.0
    },
    "accuracy": 0.9147714727312872,
    "macro avg": {
     "precision": 0.909237598857825,
     "recall": 0.9128508630243898,
     "f1-score": 0.9108586730791842,
     "support": 27174.0
    },
    "weighted avg": {
     "precision": 0.9153869552608419,
     "recall": 0.9147714727312872,
     "f1-score": 0.9149539386507605,
     "support": 27174.0
    }
   }
  }
 }
}