{
 "dataset": "spleen",
 "n_samples": 94129,
 "n_features": 1089,
 "n_classes": 28,
 "n_train": 56006,
 "n_test": 28239,
 "transformer_params": 75168,
 "total_params": 210393,
 "config": {
  "heads": [
   "cell_type"
  ],
  "cohorts": null,
  "n_hvg": null,
  "n_channels": 1,
  "batch_size": 128,
  "val_frac": 0.15,
  "test_frac": 0.15,
  "d_model": 96,
  "n_heads": 4,
  "d_ff": 192,
  "dropout": 0.1,
  "n_markers": 64,
  "marker_mode": "router",
  "pathway_pool": "mean",
  "compress_mode": "aggregate",
  "recursive_marker_refine": true,
  "peak_init": true,
  "anneal_markers": true,
  "recursion_depth": 4,
  "share_weights": true,
  "share_strategy": "cycle",
  "n_unique_blocks": null,
  "step_cache": false,
  "adaptive_depth": false,
  "marker_ffn": false,
  "recursion_mode": "expert",
  "router_capacity": null,
  "router_alpha": 1.0,
  "router_temp": 1.0,
  "router_type": "linear",
  "router_z_coeff": 0.001,
  "router_balance_coeff": 0.1,
  "gene_interaction": "none",
  "interaction_knn": 16,
  "router_prior_beta": 1.0,
  "router_prior_anneal": true,
  "pathway_attn_bias": false,
  "pathway_attn_lambda": 2.0,
  "lambda_marker": 0.1,
  "gamma_diversity": 0.05,
  "beta_compression": 0.01,
  "lr": 0.001,
  "weight_decay": 1e-05,
  "epochs": 80,
  "patience": 12,
  "seed": 2,
  "device": "cuda"
 },
 "heads": {
  "cell_type": {
   "accuracy": 0.44102128262332235,
   "macro_f1": 0.37875975171938187,
   "weighted_f1": 0.4642798567679539,
   "per_class": {
    "0": {
     "precision": 0.48214285714285715,
     "recall": 0.6183206106870229,
     "f1-score": 0.5418060200668896,
     "support": 131.0
    },
    "1": {
     "precision": 0.18912529550827423,
     "recall": 0.36253776435045315,
     "f1-score": 0.24857586742620405,
     "support": 662.0
    },
    "2": {
     "precision": 0.7447935051182492,
     "recall": 0.43184609087187886,
     "f1-score": 0.5467029407954398,
     "support": 4886.0
    },
    "3": {
     "precision": 0.7852420558754531,
     "recall": 0.662945624774937,
     "f1-score": 0.7189300009762765,
     "support": 5554.0
    },
    "4": {
     "precision": 0.5862068965517241,
     "recall": 0.6938775510204082,
     "f1-score": 0.6355140186915887,
     "support": 49.0
    },
    "5": {
     "precision": 0.2543352601156069,
     "recall": 0.6111111111111112,
     "f1-score": 0.35918367346938773,
     "support": 72.0
    },
    "6": {
     "precision": 0.6026119402985075,
     "recall": 0.7564402810304449,
     "f1-score": 0.6708203530633438,
     "support": 427.0
    },
    "7": {
     "precision": 0.15151515151515152,
     "recall": 0.45454545454545453,
     "f1-score": 0.22727272727272727,
     "support": 11.0
    },
    "8": {
     "precision": 0.1415929203539823,
     "recall": 0.4155844155844156,
     "f1-score": 0.21122112211221122,
     "support": 77.0
    },
    "9": {
     "precision": 0.1712707182320442,
     "recall": 0.18235294117647058,
     "f1-score": 0.17663817663817663,
     "support": 170.0
    },
    "10": {
     "precision": 0.1499540018399264,
     "recall": 0.5241157556270096,
     "f1-score": 0.23319027181688126,
     "support": 311.0
    },
    "11": {
     "precision": 0.840242669362993,
     "recall": 0.7145313843508169,
     "f1-score": 0.7723048327137546,
     "support": 1163.0
    },
    "12": {
     "precision": 0.4644744568408691,
     "recall": 0.4119791666666667,
     "f1-score": 0.43665470604471435,
     "support": 1920.0
    },
    "13": {
     "precision": 0.5062586926286509,
     "recall": 0.3254358515869468,
     "f1-score": 0.3961904761904762,
     "support": 2237.0
    },
    "14": {
     "precision": 0.29874213836477986,
     "recall": 0.5277777777777778,
     "f1-score": 0.3815261044176707,
     "support": 180.0
    },
    "15": {
     "precision": 0.25,
     "recall": 0.45,
     "f1-score": 0.32142857142857145,
     "support": 540.0
    },
    "16": {
     "precision": 0.3768707482993197,
     "recall": 0.37131367292225204,
     "f1-score": 0.3740715732613099,
     "support": 746.0
    },
    "17": {
     "precision": 0.6602409638554216,
     "recall": 0.5209125475285171,
     "f1-score": 0.5823591923485654,
     "support": 526.0
    },
    "18": {
     "precision": 0.2857142857142857,
     "recall": 0.5,
     "f1-score": 0.36363636363636365,
     "support": 24.0
    },
    "19": {
     "precision": 0.5632075471698114,
     "recall": 0.1796028880866426,
     "f1-score": 0.27235401459854014,
     "support": 3324.0
    },
    "20": {
     "precision": 0.20317460317460317,
     "recall": 0.3118148599269184,
     "f1-score": 0.24603555982700626,
     "support": 821.0
    },
    "21": {
     "precision": 0.1959721146398141,
     "recall": 0.5232678386763185,
     "f1-score": 0.2851507466892082,
     "support": 967.0
    },
    "22": {
     "precision": 0.1021671826625387,
     "recall": 0.32673267326732675,
     "f1-score": 0.15566037735849056,
     "support": 303.0
    },
    "23": {
     "precision": 0.086410635155096,
     "recall": 0.375,
     "f1-score": 0.1404561824729892,
     "support": 312.0
    },
    "24": {
     "precision": 0.27058823529411763,
     "recall": 0.5276653171390013,
     "f1-score": 0.35773101555352244,
     "support": 741.0
    },
    "25": {
     "precision": 0.34506353861192574,
     "recall": 0.23486360612109114,
     "f1-score": 0.27949326999208235,
     "support": 1503.0
    },
    "26": {
     "precision": 0.15140845070422534,
     "recall": 0.17695473251028807,
     "f1-score": 0.16318785578747627,
     "support": 486.0
    },
    "27": {
     "precision": 0.4690265486725664,
     "recall": 0.5520833333333334,
     "f1-score": 0.507177033492823,
     "support": 96.0
    },
    "accuracy": 0.44102128262332235,
    "macro avg": {
     "precision": 0.36886976477509986,
     "recall": 0.45512904466691095,
     "f1-score": 0.37875975171938187,
     "support": 28239.0
    },
    "weighted avg": {
     "precision": 0.5499827943479842,
     "recall": 0.44102128262332235,
     "f1-score": 0.4642798567679539,
     "support": 28239.0
    }
   }
  }
 }
}