{
 "dataset": "tabula_muris",
 "n_samples": 54865,
 "n_features": 1089,
 "n_classes": 55,
 "n_train": 32645,
 "n_test": 16458,
 "transformer_params": 75168,
 "total_params": 215631,
 "config": {
  "heads": [
   "cell_type"
  ],
  "cohorts": null,
  "n_hvg": null,
  "n_channels": 1,
  "batch_size": 128,
  "val_frac": 0.15,
  "test_frac": 0.15,
  "d_model": 96,
  "n_heads": 4,
  "d_ff": 192,
  "dropout": 0.1,
  "n_markers": 64,
  "marker_mode": "router",
  "pathway_pool": "mean",
  "compress_mode": "aggregate",
  "recursive_marker_refine": true,
  "peak_init": true,
  "anneal_markers": true,
  "recursion_depth": 4,
  "share_weights": true,
  "share_strategy": "cycle",
  "n_unique_blocks": null,
  "step_cache": false,
  "adaptive_depth": false,
  "marker_ffn": false,
  "recursion_mode": "expert",
  "router_capacity": null,
  "router_alpha": 1.0,
  "router_temp": 1.0,
  "router_type": "linear",
  "router_z_coeff": 0.001,
  "router_balance_coeff": 0.1,
  "gene_interaction": "none",
  "interaction_knn": 16,
  "router_prior_beta": 1.0,
  "router_prior_anneal": true,
  "pathway_attn_bias": false,
  "pathway_attn_lambda": 2.0,
  "lambda_marker": 0.1,
  "gamma_diversity": 0.05,
  "beta_compression": 0.01,
  "lr": 0.001,
  "weight_decay": 1e-05,
  "epochs": 80,
  "patience": 12,
  "seed": 2,
  "device": "cuda"
 },
 "heads": {
  "cell_type": {
   "accuracy": 0.7616356786972901,
   "macro_f1": 0.6500841262715455,
   "weighted_f1": 0.7717934997975181,
   "per_class": {
    "0": {
     "precision": 0.8764044943820225,
     "recall": 0.752411575562701,
     "f1-score": 0.8096885813148789,
     "support": 2488.0
    },
    "1": {
     "precision": 0.028985507246376812,
     "recall": 0.3076923076923077,
     "f1-score": 0.052980132450331126,
     "support": 13.0
    },
    "2": {
     "precision": 0.4444444444444444,
     "recall": 0.6,
     "f1-score": 0.5106382978723404,
     "support": 20.0
    },
    "3": {
     "precision": 0.5384615384615384,
     "recall": 0.6363636363636364,
     "f1-score": 0.5833333333333334,
     "support": 11.0
    },
    "4": {
     "precision": 0.8877995642701525,
     "recall": 0.6160241874527589,
     "f1-score": 0.7273538598839804,
     "support": 1323.0
    },
    "5": {
     "precision": 0.8421052631578947,
     "recall": 0.9230769230769231,
     "f1-score": 0.8807339449541285,
     "support": 104.0
    },
    "6": {
     "precision": 0.9243697478991597,
     "recall": 0.9322033898305084,
     "f1-score": 0.9282700421940928,
     "support": 118.0
    },
    "7": {
     "precision": 0.9393706830391404,
     "recall": 0.9223813112283346,
     "f1-score": 0.9307984790874525,
     "support": 1327.0
    },
    "8": {
     "precision": 0.6666666666666666,
     "recall": 0.7777777777777778,
     "f1-score": 0.717948717948718,
     "support": 18.0
    },
    "9": {
     "precision": 0.6506717850287908,
     "recall": 0.9390581717451524,
     "f1-score": 0.7687074829931972,
     "support": 361.0
    },
    "10": {
     "precision": 0.9828571428571429,
     "recall": 0.9828571428571429,
     "f1-score": 0.9828571428571429,
     "support": 350.0
    },
    "11": {
     "precision": 0.4515366430260047,
     "recall": 0.5584795321637427,
     "f1-score": 0.4993464052287582,
     "support": 342.0
    },
    "12": {
     "precision": 0.8571428571428571,
     "recall": 1.0,
     "f1-score": 0.9230769230769231,
     "support": 18.0
    },
    "13": {
     "precision": 0.75,
     "recall": 1.0,
     "f1-score": 0.8571428571428571,
     "support": 15.0
    },
    "14": {
     "precision": 0.3018867924528302,
     "recall": 0.3333333333333333,
     "f1-score": 0.31683168316831684,
     "support": 48.0
    },
    "15": {
     "precision": 0.125,
     "recall": 0.07692307692307693,
     "f1-score": 0.09523809523809523,
     "support": 13.0
    },
    "16": {
     "precision": 0.875,
     "recall": 0.875,
     "f1-score": 0.875,
     "support": 8.0
    },
    "17": {
     "precision": 0.6818181818181818,
     "recall": 0.7894736842105263,
     "f1-score": 0.7317073170731707,
     "support": 19.0
    },
    "18": {
     "precision": 0.39473684210526316,
     "recall": 0.7894736842105263,
     "f1-score": 0.5263157894736842,
     "support": 19.0
    },
    "19": {
     "precision": 0.8846787479406919,
     "recall": 0.6295427901524033,
     "f1-score": 0.7356164383561644,
     "support": 853.0
    },
    "20": {
     "precision": 0.25,
     "recall": 0.25,
     "f1-score": 0.25,
     "support": 8.0
    },
    "21": {
     "precision": 0.8223938223938224,
     "recall": 0.8160919540229885,
     "f1-score": 0.8192307692307692,
     "support": 261.0
    },
    "22": {
     "precision": 0.676923076923077,
     "recall": 0.9565217391304348,
     "f1-score": 0.7927927927927928,
     "support": 46.0
    },
    "23": {
     "precision": 0.45217391304347826,
     "recall": 0.7647058823529411,
     "f1-score": 0.5683060109289617,
     "support": 68.0
    },
    "24": {
     "precision": 0.8938053097345132,
     "recall": 0.926605504587156,
     "f1-score": 0.9099099099099099,
     "support": 218.0
    },
    "25": {
     "precision": 0.9065420560747663,
     "recall": 0.8584070796460177,
     "f1-score": 0.8818181818181818,
     "support": 113.0
    },
    "26": {
     "precision": 0.7058823529411765,
     "recall": 0.8135593220338984,
     "f1-score": 0.7559055118110236,
     "support": 118.0
    },
    "27": {
     "precision": 0.9886363636363636,
     "recall": 0.9867674858223062,
     "f1-score": 0.9877010406811731,
     "support": 529.0
    },
    "28": {
     "precision": 0.03254437869822485,
     "recall": 0.3235294117647059,
     "f1-score": 0.05913978494623656,
     "support": 34.0
    },
    "29": {
     "precision": 0.8325471698113207,
     "recall": 0.8694581280788177,
     "f1-score": 0.8506024096385543,
     "support": 406.0
    },
    "30": {
     "precision": 0.8978947368421053,
     "recall": 0.9241603466955579,
     "f1-score": 0.9108382274426055,
     "support": 923.0
    },
    "31": {
     "precision": 0.38839285714285715,
     "recall": 0.7372881355932204,
     "f1-score": 0.5087719298245614,
     "support": 118.0
    },
    "32": {
     "precision": 0.03333333333333333,
     "recall": 0.07142857142857142,
     "f1-score": 0.045454545454545456,
     "support": 14.0
    },
    "33": {
     "precision": 0.8490566037735849,
     "recall": 0.6766917293233082,
     "f1-score": 0.7531380753138075,
     "support": 133.0
    },
    "34": {
     "precision": 0.8024691358024691,
     "recall": 0.9219858156028369,
     "f1-score": 0.858085808580858,
     "support": 141.0
    },
    "35": {
     "precision": 0.9858356940509915,
     "recall": 0.9693593314763231,
     "f1-score": 0.9775280898876404,
     "support": 359.0
    },
    "36": {
     "precision": 0.8809523809523809,
     "recall": 0.9367088607594937,
     "f1-score": 0.9079754601226994,
     "support": 79.0
    },
    "37": {
     "precision": 0.25263157894736843,
     "recall": 0.4948453608247423,
     "f1-score": 0.3344947735191638,
     "support": 97.0
    },
    "38": {
     "precision": 0.8767123287671232,
     "recall": 0.927536231884058,
     "f1-score": 0.9014084507042254,
     "support": 138.0
    },
    "39": {
     "precision": 0.45569620253164556,
     "recall": 0.7769784172661871,
     "f1-score": 0.574468085106383,
     "support": 139.0
    },
    "40": {
     "precision": 0.2862903225806452,
     "recall": 0.17929292929292928,
     "f1-score": 0.2204968944099379,
     "support": 396.0
    },
    "41": {
     "precision": 0.21739130434782608,
     "recall": 0.7142857142857143,
     "f1-score": 0.3333333333333333,
     "support": 7.0
    },
    "42": {
     "precision": 0.52,
     "recall": 0.8666666666666667,
     "f1-score": 0.65,
     "support": 15.0
    },
    "43": {
     "precision": 0.9679732313575525,
     "recall": 0.8602378929481733,
     "f1-score": 0.9109311740890689,
     "support": 2354.0
    },
    "44": {
     "precision": 0.41935483870967744,