{
 "dataset": "tcell",
 "n_samples": 24007,
 "n_features": 1089,
 "n_classes": 7,
 "n_train": 14283,
 "n_test": 7203,
 "transformer_params": 75168,
 "total_params": 206319,
 "config": {
  "heads": [
   "cell_type"
  ],
  "cohorts": null,
  "n_hvg": null,
  "n_channels": 1,
  "batch_size": 128,
  "val_frac": 0.15,
  "test_frac": 0.15,
  "d_model": 96,
  "n_heads": 4,
  "d_ff": 192,
  "dropout": 0.1,
  "n_markers": 64,
  "marker_mode": "router",
  "pathway_pool": "mean",
  "compress_mode": "aggregate",
  "recursive_marker_refine": true,
  "peak_init": true,
  "anneal_markers": true,
  "recursion_depth": 4,
  "share_weights": true,
  "share_strategy": "cycle",
  "n_unique_blocks": null,
  "step_cache": false,
  "adaptive_depth": false,
  "marker_ffn": false,
  "recursion_mode": "expert",
  "router_capacity": null,
  "router_alpha": 1.0,
  "router_temp": 1.0,
  "router_type": "linear",
  "router_z_coeff": 0.001,
  "router_balance_coeff": 0.1,
  "gene_interaction": "none",
  "interaction_knn": 16,
  "router_prior_beta": 1.0,
  "router_prior_anneal": true,
  "pathway_attn_bias": false,
  "pathway_attn_lambda": 2.0,
  "lambda_marker": 0.1,
  "gamma_diversity": 0.05,
  "beta_compression": 0.01,
  "lr": 0.001,
  "weight_decay": 1e-05,
  "epochs": 80,
  "patience": 12,
  "seed": 2,
  "device": "cuda"
 },
 "heads": {
  "cell_type": {
   "accuracy": 0.5724003887269193,
   "macro_f1": 0.3307691584058798,
   "weighted_f1": 0.5966127765583706,
   "per_class": {
    "0": {
     "precision": 0.17092337917485265,
     "recall": 0.3551020408163265,
     "f1-score": 0.23076923076923078,
     "support": 245.0
    },
    "1": {
     "precision": 0.501577287066246,
     "recall": 0.29390018484288355,
     "f1-score": 0.3706293706293706,
     "support": 541.0
    },
    "2": {
     "precision": 0.8526481384373361,
     "recall": 0.7112860892388452,
     "f1-score": 0.7755783448604817,
     "support": 4572.0
    },
    "3": {
     "precision": 0.04878048780487805,
     "recall": 0.031055900621118012,
     "f1-score": 0.03795066413662239,
     "support": 322.0
    },
    "4": {
     "precision": 0.49032258064516127,
     "recall": 0.1162079510703364,
     "f1-score": 0.18788627935723115,
     "support": 654.0
    },
    "5": {
     "precision": 0.43373493975903615,
     "recall": 0.6875,
     "f1-score": 0.5319006044325051,
     "support": 576.0
    },
    "6": {
     "precision": 0.11085271317829458,
     "recall": 0.4880546075085324,
     "f1-score": 0.180669614655717,
     "support": 293.0
    },
    "accuracy": 0.5724003887269193,
    "macro avg": {
     "precision": 0.37269136086654353,
     "recall": 0.38330096772829175,
     "f1-score": 0.3307691584058798,
     "support": 7203.0
    },
    "weighted avg": {
     "precision": 0.6705853511333792,
     "recall": 0.5724003887269193,
     "f1-score": 0.5966127765583706,
     "support": 7203.0
    }
   }
  }
 }
}