{
 "task": "stad",
 "arm": "token_k2",
 "pos_class": 1,
 "n_folds": 10,
 "pos_f1": [
  0.6660134978712737,
  0.059603544489397274
 ],
 "pos_precision": [
  0.5555480785040003,
  0.01705380908725448
 ],
 "pos_recall": [
  0.8469082125603865,
  0.14328170957886996
 ],
 "maj_f1": [
  0.6660134978712737,
  0.059603544489397274
 ],
 "macro_f1": [
  0.44528169393248723,
  0.05928556820817276
 ],
 "accuracy": [
  0.5434322656479577,
  0.03417126733511758
 ]
}