{
 "dataset": "stad",
 "method": "Linear (ANOVA->PCA->LogReg)",
 "n_folds": 5,
 "seed": 42,
 "n_features": 3000,
 "n_classes": 2,
 "n_samples": 414,
 "cv_macro_f1": {
  "mean": 51.34518151967917,
  "std": 3.1127214767509495,
  "folds": [
   49.696969696969695,
   51.233842538190366,
   52.902662592754254,
   46.794871794871796,
   56.09756097560976
  ]
 }
}