{
 "dataset": "stad",
 "method": "NearestCentroid",
 "n_folds": 5,
 "seed": 42,
 "n_features": 3000,
 "n_classes": 2,
 "n_samples": 414,
 "cv_macro_f1": {
  "mean": 45.150972893369556,
  "std": 4.573031734243014,
  "folds": [
   48.16450875856816,
   36.18272274988693,
   45.95091000166973,
   46.97788697788698,
   48.478835978835974
  ]
 }
}