{
 "dataset": "Lung",
 "method": "NearestCentroid",
 "n_folds": 5,
 "seed": 42,
 "n_features": 1089,
 "n_classes": 25,
 "n_samples": 57020,
 "cv_macro_f1": {
  "mean": 68.87037144724863,
  "std": 0.8104822065691962,
  "folds": [
   70.29536914570534,
   67.95865746770156,
   69.17111025311334,
   68.4834356667358,
   68.44328470298713
  ]
 }
}