{
 "dataset": "Lung",
 "method": "Random Forest",
 "n_folds": 5,
 "seed": 42,
 "n_features": 1089,
 "n_classes": 25,
 "n_samples": 57020,
 "cv_macro_f1": {
  "mean": 76.05287302125204,
  "std": 0.7029552505672103,
  "folds": [
   76.96080052699305,
   75.76404139133582,
   76.34654496434321,
   76.32455456200977,
   74.86842366157833
  ]
 }
}