{
 "dataset": "Lung",
 "mode": "learned",
 "K": 2,
 "seed": 1,
 "n_markers": 128,
 "test_macro_f1": 78.3792216600525,
 "test_accuracy": 86.64795978019409,
 "val_macro_f1": 79.65477596763208,
 "n_features": 1089,
 "n_classes": 25,
 "n_samples": 57020,
 "learned_lambda": 0.6265360116958618,
 "bio_anchor_have": false
}