{
 "dataset": "Lung",
 "mode": "learned",
 "K": 2,
 "seed": 2,
 "n_markers": 128,
 "test_macro_f1": 76.79375954201289,
 "test_accuracy": 85.8295334970186,
 "val_macro_f1": 78.27773496813234,
 "n_features": 1089,
 "n_classes": 25,
 "n_samples": 57020,
 "learned_lambda": 0.47190213203430176,
 "bio_anchor_have": false
}