{
 "dataset": "Lung",
 "mode": "learned",
 "K": 2,
 "seed": 0,
 "n_markers": 128,
 "test_macro_f1": 78.39430405637565,
 "test_accuracy": 86.37320238512802,
 "val_macro_f1": 79.39317810466297,
 "n_features": 1089,
 "n_classes": 25,
 "n_samples": 57020,
 "learned_lambda": 0.7001765966415405,
 "bio_anchor_have": false
}