{
 "dataset": "Tcell",
 "mode": "learned",
 "K": 4,
 "seed": 1,
 "n_markers": 512,
 "test_macro_f1": 70.95551197076526,
 "test_accuracy": 84.27044287102596,
 "n_features": 1089,
 "n_classes": 7,
 "n_samples": 24007,
 "learned_lambda": 0.562811017036438
}