{
 "method": "CellPLM",
 "tasks": {
  "pathologic_stage": {
   "accuracy": 0.5547445255474452,
   "macro_f1": 0.46153072458729905,
   "weighted_f1": 0.4982550499191792,
   "n_test": 548,
   "n_genes_used": 17232
  },
  "pathologic_T": {
   "accuracy": 0.4708029197080292,
   "macro_f1": 0.31295541817473116,
   "weighted_f1": 0.39217228185349673,
   "n_test": 548,
   "n_genes_used": 17232
  },
  "pathologic_N": {
   "accuracy": 0.5583941605839416,
   "macro_f1": 0.2761874718432433,
   "weighted_f1": 0.4592405771774001,
   "n_test": 548,
   "n_genes_used": 17232
  },
  "os_binary": {
   "accuracy": 0.8521897810218978,
   "macro_f1": 0.4600985221674877,
   "weighted_f1": 0.7841825177088203,
   "n_test": 548,
   "n_genes_used": 17232
  },
  "tumor_status": {
   "accuracy": 0.781021897810219,
   "macro_f1": 0.4385245901639344,
   "weighted_f1": 0.6849946152925691,
   "n_test": 548,
   "n_genes_used": 17232
  }
 }
}