{
 "method": "Cell2Sentence (Pythia-410M)",
 "tasks": {
  "pathologic_stage": {
   "accuracy": 0.4416058394160584,
   "macro_f1": 0.4252497829903914,
   "weighted_f1": 0.4348178107534468,
   "n_test": 548,
   "n_genes_used": 20501
  },
  "pathologic_T": {
   "accuracy": 0.4343065693430657,
   "macro_f1": 0.3661190079393487,
   "weighted_f1": 0.42641468073698197,
   "n_test": 548,
   "n_genes_used": 20501
  },
  "pathologic_N": {
   "accuracy": 0.5109489051094891,
   "macro_f1": 0.32233417076547244,
   "weighted_f1": 0.4981740566133836,
   "n_test": 548,
   "n_genes_used": 20501
  },
  "os_binary": {
   "accuracy": 0.8266423357664233,
   "macro_f1": 0.5160945502542224,
   "weighted_f1": 0.7891502340986634,
   "n_test": 548,
   "n_genes_used": 20501
  },
  "tumor_status": {
   "accuracy": 0.7408759124087592,
   "macro_f1": 0.5553066495988296,
   "weighted_f1": 0.7167623923826101,
   "n_test": 548,
   "n_genes_used": 20501
  }
 }
}