{
 "method": "Geneformer (V2-104M_CLcancer)",
 "tasks": {
  "pathologic_stage": {
   "accuracy": 0.4854014598540146,
   "macro_f1": 0.4622418502481338,
   "weighted_f1": 0.47765717762822896,
   "n_test": 548,
   "n_genes_used": 16450,
   "n_classes": 4
  },
  "pathologic_T": {
   "accuracy": 0.49635036496350365,
   "macro_f1": 0.41328898094468375,
   "weighted_f1": 0.47224166464467465,
   "n_test": 548,
   "n_genes_used": 16450,
   "n_classes": 4
  },
  "pathologic_N": {
   "accuracy": 0.5164233576642335,
   "macro_f1": 0.34105795420487894,
   "weighted_f1": 0.5004854968969842,
   "n_test": 548,
   "n_genes_used": 16450,
   "n_classes": 4
  },
  "os_binary": {
   "accuracy": 0.8321167883211679,
   "macro_f1": 0.5351650378019547,
   "weighted_f1": 0.7968622425974257,
   "n_test": 548,
   "n_genes_used": 16450,
   "n_classes": 2
  },
  "tumor_status": {
   "accuracy": 0.7554744525547445,
   "macro_f1": 0.5422744159373676,
   "weighted_f1": 0.7178509166810898,
   "n_test": 548,
   "n_genes_used": 16450,
   "n_classes": 2
  }
 }
}