{
 "method": "scbenchmark (6L/256d)",
 "tasks": {
  "pathologic_stage": {
   "accuracy": 0.3521897810218978,
   "macro_f1": 0.13022941970310392,
   "weighted_f1": 0.18346188323137996,
   "n_test": 548,
   "n_genes_used": 17350,
   "n_classes": 4
  },
  "pathologic_T": {
   "accuracy": 0.4835766423357664,
   "macro_f1": 0.16297662976629768,
   "weighted_f1": 0.3152467656063422,
   "n_test": 548,
   "n_genes_used": 17350,
   "n_classes": 4
  },
  "pathologic_N": {
   "accuracy": 0.5383211678832117,
   "macro_f1": 0.1749703440094899,
   "weighted_f1": 0.37676095972846363,
   "n_test": 548,
   "n_genes_used": 17350,
   "n_classes": 4
  },
  "os_binary": {
   "accuracy": 0.8521897810218978,
   "macro_f1": 0.4600985221674877,
   "weighted_f1": 0.7841825177088203,
   "n_test": 548,
   "n_genes_used": 17350,
   "n_classes": 2
  },
  "tumor_status": {
   "accuracy": 0.781021897810219,
   "macro_f1": 0.4385245901639344,
   "weighted_f1": 0.6849946152925691,
   "n_test": 548,
   "n_genes_used": 17350,
   "n_classes": 2
  }
 }
}