{
 "method": "scGeneFit",
 "tasks": {
  "pathologic_stage": {
   "accuracy": 0.5,
   "macro_f1": 0.44963956852790765,
   "weighted_f1": 0.47689753597514384,
   "seconds": 2.7
  },
  "pathologic_T": {
   "accuracy": 0.3686131386861314,
   "macro_f1": 0.3087590546820974,
   "weighted_f1": 0.3219251817299929,
   "seconds": 1.3
  },
  "pathologic_N": {
   "accuracy": 0.3357664233576642,
   "macro_f1": 0.30423237003706266,
   "weighted_f1": 0.36965628826222413,
   "seconds": 1.4
  },
  "os_binary": {
   "accuracy": 0.6897810218978102,
   "macro_f1": 0.5691106547519935,
   "weighted_f1": 0.7297270744702185,
   "seconds": 1.4
  },
  "tumor_status": {
   "accuracy": 0.6094890510948905,
   "macro_f1": 0.5700353439805241,
   "weighted_f1": 0.6432386077830834,
   "seconds": 1.4
  }
 }
}