{
 "method": "sciLaMA",
 "tasks": {
  "pathologic_stage": {
   "accuracy": 0.5565693430656934,
   "macro_f1": 0.48449781728154817,
   "weighted_f1": 0.5117814268785497,
   "n_test": 548
  },
  "pathologic_T": {
   "accuracy": 0.531021897810219,
   "macro_f1": 0.43173536720710287,
   "weighted_f1": 0.4947051564567052,
   "n_test": 548
  },
  "pathologic_N": {
   "accuracy": 0.5437956204379562,
   "macro_f1": 0.31689354932830616,
   "weighted_f1": 0.5023975066156925,
   "n_test": 548
  },
  "os_binary": {
   "accuracy": 0.8503649635036497,
   "macro_f1": 0.4826617545475478,
   "weighted_f1": 0.7898769897359792,
   "n_test": 548
  },
  "tumor_status": {
   "accuracy": 0.7883211678832117,
   "macro_f1": 0.5131127450980392,
   "weighted_f1": 0.7188510805782166,
   "n_test": 548
  }
 }
}