{
 "task": "stad",
 "arm": "expert_k2",
 "pos_class": 1,
 "n_folds": 10,
 "pos_f1": [
  0.6632647271551313,
  0.03964314787193858
 ],
 "pos_precision": [
  0.5552743095752588,
  0.01857864294181768
 ],
 "pos_recall": [
  0.8285024154589372,
  0.09454267967681733
 ],
 "maj_f1": [
  0.6632647271551313,
  0.03964314787193858
 ],
 "macro_f1": [
  0.46015071894910875,
  0.04395263810214037
 ],
 "accuracy": [
  0.5409491625036733,
  0.030905885094931713
 ]
}