{
 "dataset": "Muraro",
 "mode": "learned",
 "K": 4,
 "seed": 2,
 "n_markers": 128,
 "test_macro_f1": 78.65171248254109,
 "test_accuracy": 91.52276295133439,
 "val_macro_f1": 91.71069267978545,
 "n_features": 2000,
 "n_classes": 9,
 "n_samples": 2122,
 "learned_lambda": 0.2296716421842575,
 "bio_anchor_have": false
}