{
 "dataset": "Muraro",
 "mode": "learned",
 "K": 4,
 "seed": 1,
 "n_markers": 128,
 "test_macro_f1": 72.6208547720078,
 "test_accuracy": 86.81318681318682,
 "val_macro_f1": 84.95548916445001,
 "n_features": 2000,
 "n_classes": 9,
 "n_samples": 2122,
 "learned_lambda": 0.21788035333156586,
 "bio_anchor_have": false
}