{
 "dataset": "Muraro",
 "mode": "learned",
 "K": 4,
 "seed": 0,
 "n_markers": 128,
 "test_macro_f1": 78.8364736545523,
 "test_accuracy": 90.2668759811617,
 "val_macro_f1": 85.93549734551432,
 "n_features": 2000,
 "n_classes": 9,
 "n_samples": 2122,
 "learned_lambda": 0.23220813274383545,
 "bio_anchor_have": false
}