{
 "dataset": "prototype",
 "n_samples": 90579,
 "n_features": 752,
 "n_classes": 10,
 "n_train": 53894,
 "n_test": 27174,
 "transformer_params": 75168,
 "total_params": 169941,
 "config": {
  "heads": [
   "cell_type"
  ],
  "cohorts": null,
  "n_hvg": null,
  "n_channels": 1,
  "batch_size": 128,
  "val_frac": 0.15,
  "test_frac": 0.15,
  "d_model": 96,
  "n_heads": 4,
  "d_ff": 192,
  "dropout": 0.1,
  "n_markers": 16,
  "marker_mode": "router",
  "pathway_pool": "mean",
  "compress_mode": "aggregate",
  "recursive_marker_refine": true,
  "peak_init": true,
  "anneal_markers": true,
  "recursion_depth": 4,
  "share_weights": true,
  "share_strategy": "cycle",
  "n_unique_blocks": null,
  "step_cache": false,
  "adaptive_depth": false,
  "marker_ffn": false,
  "recursion_mode": "expert",
  "router_capacity": null,
  "router_alpha": 1.0,
  "router_temp": 1.0,
  "router_type": "linear",
  "router_z_coeff": 0.001,
  "router_balance_coeff": 0.1,
  "gene_interaction": "none",
  "interaction_knn": 16,
  "router_prior_beta": 1.0,
  "router_prior_anneal": true,
  "pathway_attn_bias": false,
  "pathway_attn_lambda": 2.0,
  "lambda_marker": 0.1,
  "gamma_diversity": 0.05,
  "beta_compression": 0.01,
  "lr": 0.001,
  "weight_decay": 1e-05,
  "epochs": 80,
  "patience": 12,
  "seed": 1,
  "device": "cuda"
 },
 "heads": {
  "cell_type": {
   "accuracy": 0.5828733348053287,
   "macro_f1": 0.590491256475178,
   "weighted_f1": 0.5843359549187458,
   "per_class": {
    "0": {
     "precision": 0.8079161816065192,
     "recall": 0.8079161816065192,
     "f1-score": 0.8079161816065192,
     "support": 859.0
    },
    "1": {
     "precision": 0.7001127395715896,
     "recall": 0.6118226600985222,
     "f1-score": 0.6529968454258676,
     "support": 1015.0
    },
    "2": {
     "precision": 0.6193649549196394,
     "recall": 0.7362534948741846,
     "f1-score": 0.672769853097722,
     "support": 2146.0
    },
    "3": {
     "precision": 0.6199207135777998,
     "recall": 0.493491124260355,
     "f1-score": 0.5495277838787612,
     "support": 2535.0
    },
    "4": {
     "precision": 0.34554420570623456,
     "recall": 0.5770588235294117,
     "f1-score": 0.43225380039656314,
     "support": 1700.0
    },
    "5": {
     "precision": 0.4569918308505526,
     "recall": 0.44585091420534456,
     "f1-score": 0.4513526340768866,
     "support": 2133.0
    },
    "6": {
     "precision": 0.4604930467762326,
     "recall": 0.5402298850574713,
     "f1-score": 0.4971847807541375,
     "support": 2697.0
    },
    "7": {
     "precision": 0.6526603679761313,
     "recall": 0.47203740334472216,
     "f1-score": 0.547845142439737,
     "support": 5561.0
    },
    "8": {
     "precision": 0.5518769551616267,
     "recall": 0.5584278554471116,
     "f1-score": 0.5551330798479087,
     "support": 3791.0
    },
    "9": {
     "precision": 0.7244254626804962,
     "recall": 0.7519527126873549,
     "f1-score": 0.7379324632276777,
     "support": 4737.0
    },
    "accuracy": 0.5828733348053287,
    "macro avg": {
     "precision": 0.5939306458826822,
     "recall": 0.5995041055110997,
     "f1-score": 0.590491256475178,
     "support": 27174.0
    },
    "weighted avg": {
     "precision": 0.5984625879499986,
     "recall": 0.5828733348053287,
     "f1-score": 0.5843359549187458,
     "support": 27174.0
    }
   }
  }
 }
}