{
 "dataset": "tabula_muris",
 "n_samples": 54865,
 "n_features": 1089,
 "n_classes": 55,
 "n_train": 32645,
 "n_test": 16458,
 "transformer_params": 75168,
 "total_params": 211023,
 "config": {
  "heads": [
   "cell_type"
  ],
  "cohorts": null,
  "n_hvg": null,
  "n_channels": 1,
  "batch_size": 128,
  "val_frac": 0.15,
  "test_frac": 0.15,
  "d_model": 96,
  "n_heads": 4,
  "d_ff": 192,
  "dropout": 0.1,
  "n_markers": 16,
  "marker_mode": "router",
  "pathway_pool": "mean",
  "compress_mode": "aggregate",
  "recursive_marker_refine": true,
  "peak_init": true,
  "anneal_markers": true,
  "recursion_depth": 4,
  "share_weights": true,
  "share_strategy": "cycle",
  "n_unique_blocks": null,
  "step_cache": false,
  "adaptive_depth": false,
  "marker_ffn": false,
  "recursion_mode": "expert",
  "router_capacity": null,
  "router_alpha": 1.0,
  "router_temp": 1.0,
  "router_type": "linear",
  "router_z_coeff": 0.001,
  "router_balance_coeff": 0.1,
  "gene_interaction": "none",
  "interaction_knn": 16,
  "router_prior_beta": 1.0,
  "router_prior_anneal": true,
  "pathway_attn_bias": false,
  "pathway_attn_lambda": 2.0,
  "lambda_marker": 0.1,
  "gamma_diversity": 0.05,
  "beta_compression": 0.01,
  "lr": 0.001,
  "weight_decay": 1e-05,
  "epochs": 80,
  "patience": 12,
  "seed": 1,
  "device": "cuda"
 },
 "heads": {
  "cell_type": {
   "accuracy": 0.5543200874954429,
   "macro_f1": 0.37072959040118125,
   "weighted_f1": 0.5792720719692366,
   "per_class": {
    "0": {
     "precision": 0.901619676064787,
     "recall": 0.6040996784565916,
     "f1-score": 0.7234657039711191,
     "support": 2488.0
    },
    "1": {
     "precision": 0.030612244897959183,
     "recall": 0.23076923076923078,
     "f1-score": 0.05405405405405406,
     "support": 13.0
    },
    "2": {
     "precision": 0.23255813953488372,
     "recall": 0.5,
     "f1-score": 0.31746031746031744,
     "support": 20.0
    },
    "3": {
     "precision": 0.14285714285714285,
     "recall": 0.6363636363636364,
     "f1-score": 0.23333333333333334,
     "support": 11.0
    },
    "4": {
     "precision": 0.7549800796812749,
     "recall": 0.5729402872260015,
     "f1-score": 0.6514825956166739,
     "support": 1323.0
    },
    "5": {
     "precision": 0.42758620689655175,
     "recall": 0.5961538461538461,
     "f1-score": 0.4979919678714859,
     "support": 104.0
    },
    "6": {
     "precision": 0.6903225806451613,
     "recall": 0.9067796610169492,
     "f1-score": 0.7838827838827839,
     "support": 118.0
    },
    "7": {
     "precision": 0.907103825136612,
     "recall": 0.8756593820648079,
     "f1-score": 0.8911042944785276,
     "support": 1327.0
    },
    "8": {
     "precision": 0.04878048780487805,
     "recall": 0.1111111111111111,
     "f1-score": 0.06779661016949153,
     "support": 18.0
    },
    "9": {
     "precision": 0.3354510800508259,
     "recall": 0.7313019390581718,
     "f1-score": 0.45993031358885017,
     "support": 361.0
    },
    "10": {
     "precision": 0.9702380952380952,
     "recall": 0.9314285714285714,
     "f1-score": 0.9504373177842566,
     "support": 350.0
    },
    "11": {
     "precision": 0.4444444444444444,
     "recall": 0.38596491228070173,
     "f1-score": 0.4131455399061033,
     "support": 342.0
    },
    "12": {
     "precision": 0.08888888888888889,
     "recall": 0.2222222222222222,
     "f1-score": 0.12698412698412698,
     "support": 18.0
    },
    "13": {
     "precision": 0.45454545454545453,
     "recall": 0.3333333333333333,
     "f1-score": 0.38461538461538464,
     "support": 15.0
    },
    "14": {
     "precision": 0.17647058823529413,
     "recall": 0.125,
     "f1-score": 0.14634146341463414,
     "support": 48.0
    },
    "15": {
     "precision": 0.041666666666666664,
     "recall": 0.5384615384615384,
     "f1-score": 0.07734806629834254,
     "support": 13.0
    },
    "16": {
     "precision": 0.05825242718446602,
     "recall": 0.75,
     "f1-score": 0.10810810810810811,
     "support": 8.0
    },
    "17": {
     "precision": 0.034782608695652174,
     "recall": 0.42105263157894735,
     "f1-score": 0.0642570281124498,
     "support": 19.0
    },
    "18": {
     "precision": 0.24390243902439024,
     "recall": 0.5263157894736842,
     "f1-score": 0.3333333333333333,
     "support": 19.0
    },
    "19": {
     "precision": 0.4395973154362416,
     "recall": 0.15357561547479484,
     "f1-score": 0.22762814943527368,
     "support": 853.0
    },
    "20": {
     "precision": 0.011111111111111112,
     "recall": 0.25,
     "f1-score": 0.02127659574468085,
     "support": 8.0
    },
    "21": {
     "precision": 0.8217054263565892,
     "recall": 0.4061302681992337,
     "f1-score": 0.5435897435897435,
     "support": 261.0
    },
    "22": {
     "precision": 0.17142857142857143,
     "recall": 0.391304347826087,
     "f1-score": 0.23841059602649006,
     "support": 46.0
    },
    "23": {
     "precision": 0.12598425196850394,
     "recall": 0.47058823529411764,
     "f1-score": 0.19875776397515527,
     "support": 68.0
    },
    "24": {
     "precision": 0.6491228070175439,
     "recall": 0.8486238532110092,
     "f1-score": 0.73558648111332,
     "support": 218.0
    },
    "25": {
     "precision": 0.6174496644295302,
     "recall": 0.8141592920353983,
     "f1-score": 0.7022900763358778,
     "support": 113.0
    },
    "26": {
     "precision": 0.5454545454545454,
     "recall": 0.5084745762711864,
     "f1-score": 0.5263157894736842,
     "support": 118.0
    },
    "27": {
     "precision": 0.8816326530612245,
     "recall": 0.8166351606805293,
     "f1-score": 0.8478900883218842,
     "support": 529.0
    },
    "28": {
     "precision": 0.026022304832713755,
     "recall": 0.4117647058823529,
     "f1-score": 0.04895104895104895,
     "support": 34.0
    },
    "29": {
     "precision": 0.347926267281106,
     "recall": 0.37192118226600984,
     "f1-score": 0.3595238095238095,
     "support": 406.0
    },
    "30": {
     "precision": 0.9010869565217391,
     "recall": 0.8981581798483207,
     "f1-score": 0.8996201844818231,
     "support": 923.0
    },
    "31": {
     "precision": 0.1099476439790576,
     "recall": 0.17796610169491525,
     "f1-score": 0.13592233009708737,
     "support": 118.0
    },
    "32": {
     "precision": 0.04,
     "recall": 0.07142857142857142,
     "f1-score": 0.05128205128205128,
     "support": 14.0
    },
    "33": {
     "precision": 0.24411764705882352,
     "recall": 0.6240601503759399,
     "f1-score": 0.35095137420718814,
     "support": 133.0
    },
    "34": {
     "precision": 0.5,
     "recall": 0.12056737588652482,
     "f1-score": 0.19428571428571428,
     "support": 141.0
    },
    "35": {
     "precision": 0.8369098712446352,
     "recall": 0.5431754874651811,
     "f1-score": 0.6587837837837838,
     "support": 359.0
    },
    "36": {
     "precision": 0.6122448979591837,
     "recall": 0.759493670886076,
     "f1-score": 0.6779661016949152,
     "support": 79.0
    },
    "37": {
     "precision": 0.46774193548387094,
     "recall": 0.29896907216494845,
     "f1-score": 0.36477987421383645,
     "support": 97.0
    },
    "38": {
     "precision": 0.5925925925925926,
     "recall": 0.927536231884058,
     "f1-score": 0.7231638418079096,
     "support": 138.0
    },
    "39": {
     "precision": 0.21019108280254778,
     "recall": 0.23741007194244604,
     "f1-score": 0.22297297297297297,
     "support": 139.0
    },
    "40": {
     "precision": 0.14492753623188406,
     "recall": 0.025252525252525252,
     "f1-score": 0.043010752688172046,
     "support": 396.0
    },
    "41": {
     "precision": 0.13513513513513514,
     "recall": 0.7142857142857143,
     "f1-score": 0.22727272727272727,
     "support": 7.0
    },
    "42": {
     "precision": 0.10526315789473684,
     "recall": 0.4,
     "f1-score": 0.16666666666666666,
     "support": 15.0
    },
    "43": {
     "precision": 0.7914500288850376,
     "recall": 0.5819881053525914,