{
 "dataset": "common_class",
 "n_samples": 27499,
 "n_features": 1089,
 "n_classes": 19,
 "n_train": 16361,
 "n_test": 8250,
 "transformer_params": 75168,
 "total_params": 208647,
 "config": {
  "heads": [
   "cell_type"
  ],
  "cohorts": null,
  "n_hvg": null,
  "n_channels": 1,
  "batch_size": 128,
  "val_frac": 0.15,
  "test_frac": 0.15,
  "d_model": 96,
  "n_heads": 4,
  "d_ff": 192,
  "dropout": 0.1,
  "n_markers": 64,
  "marker_mode": "router",
  "pathway_pool": "mean",
  "compress_mode": "aggregate",
  "recursive_marker_refine": true,
  "peak_init": true,
  "anneal_markers": true,
  "recursion_depth": 4,
  "share_weights": true,
  "share_strategy": "cycle",
  "n_unique_blocks": null,
  "step_cache": false,
  "adaptive_depth": false,
  "marker_ffn": false,
  "recursion_mode": "expert",
  "router_capacity": null,
  "router_alpha": 1.0,
  "router_temp": 1.0,
  "router_type": "linear",
  "router_z_coeff": 0.001,
  "router_balance_coeff": 0.1,
  "gene_interaction": "none",
  "interaction_knn": 16,
  "router_prior_beta": 1.0,
  "router_prior_anneal": true,
  "pathway_attn_bias": false,
  "pathway_attn_lambda": 2.0,
  "lambda_marker": 0.1,
  "gamma_diversity": 0.05,
  "beta_compression": 0.01,
  "lr": 0.001,
  "weight_decay": 1e-05,
  "epochs": 80,
  "patience": 12,
  "seed": 0,
  "device": "cuda"
 },
 "heads": {
  "cell_type": {
   "accuracy": 0.5966060606060606,
   "macro_f1": 0.3392562623963401,
   "weighted_f1": 0.6078754103813248,
   "per_class": {
    "0": {
     "precision": 0.22972972972972974,
     "recall": 0.4473684210526316,
     "f1-score": 0.30357142857142855,
     "support": 76.0
    },
    "1": {
     "precision": 0.21428571428571427,
     "recall": 0.05504587155963303,
     "f1-score": 0.08759124087591241,
     "support": 327.0
    },
    "2": {
     "precision": 0.25510204081632654,
     "recall": 0.31512605042016806,
     "f1-score": 0.2819548872180451,
     "support": 238.0
    },
    "3": {
     "precision": 0.18181818181818182,
     "recall": 0.2994011976047904,
     "f1-score": 0.22624434389140272,
     "support": 167.0
    },
    "4": {
     "precision": 0.21559633027522937,
     "recall": 0.29375,
     "f1-score": 0.24867724867724866,
     "support": 160.0
    },
    "5": {
     "precision": 0.22699386503067484,
     "recall": 0.1510204081632653,
     "f1-score": 0.18137254901960784,
     "support": 245.0
    },
    "6": {
     "precision": 0.19469026548672566,
     "recall": 0.18487394957983194,
     "f1-score": 0.1896551724137931,
     "support": 119.0
    },
    "7": {
     "precision": 0.48868175765645805,
     "recall": 0.5469448584202683,
     "f1-score": 0.5161744022503516,
     "support": 671.0
    },
    "8": {
     "precision": 0.18007662835249041,
     "recall": 0.3263888888888889,
     "f1-score": 0.23209876543209876,
     "support": 144.0
    },
    "9": {
     "precision": 0.36213991769547327,
     "recall": 0.21359223300970873,
     "f1-score": 0.2687022900763359,
     "support": 412.0
    },
    "10": {
     "precision": 0.2057877813504823,
     "recall": 0.3855421686746988,
     "f1-score": 0.26834381551362685,
     "support": 166.0
    },
    "11": {
     "precision": 0.3406998158379374,
     "recall": 0.36203522504892366,
     "f1-score": 0.3510436432637571,
     "support": 511.0
    },
    "12": {
     "precision": 0.45901639344262296,
     "recall": 0.3712121212121212,
     "f1-score": 0.41047120418848165,
     "support": 528.0
    },
    "13": {
     "precision": 0.18726591760299627,
     "recall": 0.5319148936170213,
     "f1-score": 0.2770083102493075,
     "support": 94.0
    },
    "14": {
     "precision": 0.15,
     "recall": 0.42857142857142855,
     "f1-score": 0.2222222222222222,
     "support": 14.0
    },
    "15": {
     "precision": 0.2261904761904762,
     "recall": 0.2835820895522388,
     "f1-score": 0.25165562913907286,
     "support": 201.0
    },
    "16": {
     "precision": 0.9701670644391408,
     "recall": 0.919683257918552,
     "f1-score": 0.9442508710801394,
     "support": 884.0
    },
    "17": {
     "precision": 0.9385245901639344,
     "recall": 0.8413962033067973,
     "f1-score": 0.8873103002906038,
     "support": 3266.0
    },
    "18": {
     "precision": 0.19148936170212766,
     "recall": 0.6666666666666666,
     "f1-score": 0.2975206611570248,
     "support": 27.0
    },
    "accuracy": 0.5966060606060606,
    "macro avg": {
     "precision": 0.3272766227303538,
     "recall": 0.401269259645665,
     "f1-score": 0.3392562623963401,
     "support": 8250.0
    },
    "weighted avg": {
     "precision": 0.634997518296808,
     "recall": 0.5966060606060606,
     "f1-score": 0.6078754103813248,
     "support": 8250.0
    }
   }
  }
 }
}