{
 "dataset": "prototype",
 "n_samples": 90579,
 "n_features": 752,
 "n_classes": 10,
 "n_train": 53894,
 "n_test": 27174,
 "transformer_params": 75168,
 "total_params": 174549,
 "config": {
  "heads": [
   "cell_type"
  ],
  "cohorts": null,
  "n_hvg": null,
  "n_channels": 1,
  "batch_size": 128,
  "val_frac": 0.15,
  "test_frac": 0.15,
  "d_model": 96,
  "n_heads": 4,
  "d_ff": 192,
  "dropout": 0.1,
  "n_markers": 64,
  "marker_mode": "router",
  "pathway_pool": "mean",
  "compress_mode": "aggregate",
  "recursive_marker_refine": true,
  "peak_init": true,
  "anneal_markers": true,
  "recursion_depth": 4,
  "share_weights": true,
  "share_strategy": "cycle",
  "n_unique_blocks": null,
  "step_cache": false,
  "adaptive_depth": false,
  "marker_ffn": false,
  "recursion_mode": "expert",
  "router_capacity": null,
  "router_alpha": 1.0,
  "router_temp": 1.0,
  "router_type": "linear",
  "router_z_coeff": 0.001,
  "router_balance_coeff": 0.1,
  "gene_interaction": "none",
  "interaction_knn": 16,
  "router_prior_beta": 1.0,
  "router_prior_anneal": true,
  "pathway_attn_bias": false,
  "pathway_attn_lambda": 2.0,
  "lambda_marker": 0.1,
  "gamma_diversity": 0.05,
  "beta_compression": 0.01,
  "lr": 0.001,
  "weight_decay": 1e-05,
  "epochs": 80,
  "patience": 12,
  "seed": 0,
  "device": "cuda"
 },
 "heads": {
  "cell_type": {
   "accuracy": 0.8766099948480165,
   "macro_f1": 0.8738793454783389,
   "weighted_f1": 0.8775973813040318,
   "per_class": {
    "0": {
     "precision": 0.9268841394825647,
     "recall": 0.959254947613504,
     "f1-score": 0.9427917620137299,
     "support": 859.0
    },
    "1": {
     "precision": 0.9099378881987578,
     "recall": 0.8660098522167488,
     "f1-score": 0.8874305906108026,
     "support": 1015.0
    },
    "2": {
     "precision": 0.8754496402877698,
     "recall": 0.9072693383038211,
     "f1-score": 0.8910755148741418,
     "support": 2146.0
    },
    "3": {
     "precision": 0.9216171617161716,
     "recall": 0.8812623274161736,
     "f1-score": 0.900988102440008,
     "support": 2535.0
    },
    "4": {
     "precision": 0.8266060261512223,
     "recall": 0.8552941176470589,
     "f1-score": 0.8407054061867592,
     "support": 1700.0
    },
    "5": {
     "precision": 0.719356170037144,
     "recall": 0.8171589310829818,
     "f1-score": 0.7651448639157156,
     "support": 2133.0
    },
    "6": {
     "precision": 0.8445839874411303,
     "recall": 0.7979236188357434,
     "f1-score": 0.8205910390848427,
     "support": 2697.0
    },
    "7": {
     "precision": 0.9075272794525615,
     "recall": 0.8823952526524006,
     "f1-score": 0.8947848285922684,
     "support": 5561.0
    },
    "8": {
     "precision": 0.8253698763036624,
     "recall": 0.8976523344763915,
     "f1-score": 0.8599949456659085,
     "support": 3791.0
    },
    "9": {
     "precision": 0.9698481070052143,
     "recall": 0.9031032298923369,
     "f1-score": 0.9352864013992129,
     "support": 4737.0
    },
    "accuracy": 0.8766099948480165,
    "macro avg": {
     "precision": 0.8727180276076199,
     "recall": 0.8767323950137161,
     "f1-score": 0.8738793454783389,
     "support": 27174.0
    },
    "weighted avg": {
     "precision": 0.8803327342167853,
     "recall": 0.8766099948480165,
     "f1-score": 0.8775973813040318,
     "support": 27174.0
    }
   }
  }
 }
}