{
 "dataset": "Spleen",
 "mode": "route_coexpr",
 "K": 4,
 "seed": 0,
 "test_macro_f1": 50.15794457460147,
 "test_accuracy": 56.6698537483622,
 "n_features": 1089,
 "n_classes": 28,
 "n_samples": 94129
}