{
 "dataset": "Spleen",
 "mode": "route_random",
 "K": 4,
 "seed": 2,
 "test_macro_f1": 50.209169708738564,
 "test_accuracy": 59.286801940578634,
 "n_features": 1089,
 "n_classes": 28,
 "n_samples": 94129
}