{
 "dataset": "Spleen",
 "mode": "route_coexpr",
 "K": 4,
 "seed": 1,
 "test_macro_f1": 43.79610830459965,
 "test_accuracy": 52.22210418215943,
 "n_features": 1089,
 "n_classes": 28,
 "n_samples": 94129
}