{
 "dataset": "Spleen",
 "mode": "smooth_random",
 "K": 4,
 "seed": 1,
 "test_macro_f1": 44.79672744449162,
 "test_accuracy": 52.926803357059384,
 "n_features": 1089,
 "n_classes": 28,
 "n_samples": 94129
}