{
 "dataset": "Spleen",
 "mode": "smooth_coexpr",
 "K": 4,
 "seed": 3,
 "test_macro_f1": 55.772491072546224,
 "test_accuracy": 62.68989695102518,
 "n_features": 1089,
 "n_classes": 28,
 "n_samples": 94129
}