{
 "dataset": "Spleen",
 "mode": "smooth_coexpr",
 "K": 4,
 "seed": 4,
 "test_macro_f1": 56.87957166974938,
 "test_accuracy": 64.72962923616275,
 "n_features": 1089,
 "n_classes": 28,
 "n_samples": 94129
}