{
 "dataset": "Spleen",
 "mode": "smooth_coexpr",
 "K": 4,
 "seed": 0,
 "test_macro_f1": 60.02330690440326,
 "test_accuracy": 67.33595382272743,
 "n_features": 1089,
 "n_classes": 28,
 "n_samples": 94129
}