{
 "dataset": "Spleen",
 "mode": "smooth_coexpr",
 "K": 4,
 "seed": 1,
 "test_macro_f1": 56.80698705375301,
 "test_accuracy": 65.72116576366018,
 "n_features": 1089,
 "n_classes": 28,
 "n_samples": 94129
}