{
 "dataset": "Spleen",
 "mode": "smooth_coexpr",
 "K": 4,
 "seed": 2,
 "test_macro_f1": 59.78936160855367,
 "test_accuracy": 68.06898261269875,
 "n_features": 1089,
 "n_classes": 28,
 "n_samples": 94129
}