{
 "dataset": "Spleen",
 "mode": "smooth_random",
 "K": 4,
 "seed": 0,
 "test_macro_f1": 50.39887897014418,
 "test_accuracy": 57.83136796628776,
 "n_features": 1089,
 "n_classes": 28,
 "n_samples": 94129
}