{
 "dataset": "Spleen",
 "mode": "learned",
 "K": 3,
 "seed": 1,
 "n_markers": 128,
 "test_macro_f1": 59.4003857961548,
 "test_accuracy": 67.40677786040582,
 "val_macro_f1": 59.11452559353906,
 "n_features": 1089,
 "n_classes": 28,
 "n_samples": 94129,
 "learned_lambda": 0.5558585524559021,
 "bio_anchor_have": false
}