{
 "dataset": "Spleen",
 "mode": "learned",
 "K": 3,
 "seed": 2,
 "n_markers": 128,
 "test_macro_f1": 58.91744870248393,
 "test_accuracy": 68.65328092354545,
 "val_macro_f1": 59.61184707207009,
 "n_features": 1089,
 "n_classes": 28,
 "n_samples": 94129,
 "learned_lambda": 0.47828182578086853,
 "bio_anchor_have": false
}