{
 "dataset": "blca",
 "method": "NearestCentroid",
 "seed": 2,
 "test_macro_f1": 50.39509014192558,
 "test_accuracy": 56.557377049180324,
 "n_features": 3000,
 "n_classes": 2,
 "n_samples": 404
}