{
 "dataset": "blca",
 "method": "Random Forest",
 "seed": 1,
 "test_macro_f1": 49.34462264918994,
 "test_accuracy": 58.19672131147541,
 "n_features": 3000,
 "n_classes": 2,
 "n_samples": 404
}