{
 "dataset": "blca",
 "method": "Random Forest",
 "seed": 2,
 "test_macro_f1": 51.00401606425703,
 "test_accuracy": 57.377049180327866,
 "n_features": 3000,
 "n_classes": 2,
 "n_samples": 404
}