{
 "dataset": "tcell",
 "K": 100,
 "seed": 1,
 "val_macro_f1": 21.373270309505756,
 "test_macro_f1": 19.44835757353939,
 "test_accuracy": 58.989310009718174
}