{
 "dataset": "tcell",
 "K": 12,
 "seed": 0,
 "val_macro_f1": 47.361924281004036,
 "test_macro_f1": 46.68022228147031,
 "test_accuracy": 68.09662640566431
}