{
 "dataset": "tcell",
 "K": 24,
 "seed": 1,
 "val_macro_f1": 43.050320589354776,
 "test_macro_f1": 42.779244266821415,
 "test_accuracy": 57.476051645147855
}