{
 "dataset": "tcell",
 "K": 40,
 "seed": 0,
 "val_macro_f1": 14.239479618083358,
 "test_macro_f1": 13.096625505618045,
 "test_accuracy": 39.150354019158684
}