{
 "dataset": "tcell",
 "K": 4,
 "seed": 0,
 "val_macro_f1": 50.515254190072135,
 "test_macro_f1": 51.79543954377783,
 "test_accuracy": 69.54046924892407
}