{
 "dataset": "tcell",
 "K": 5,
 "seed": 0,
 "val_macro_f1": 47.9006978921473,
 "test_macro_f1": 47.54656314398273,
 "test_accuracy": 63.89004581424407
}