{
 "dataset": "tcell",
 "K": 5,
 "seed": 1,
 "val_macro_f1": 47.65958502224954,
 "test_macro_f1": 46.93179849644341,
 "test_accuracy": 65.13952519783423
}