{
 "dataset": "tcell",
 "K": 80,
 "seed": 0,
 "val_macro_f1": 11.095700416088764,
 "test_macro_f1": 11.093721565059145,
 "test_accuracy": 63.47355268638067
}