{
 "task": "blca",
 "arm": "expert_k3",
 "pos_class": 1,
 "n_folds": 10,
 "pos_f1": [
  0.7823748904883236,
  0.03640497654380017
 ],
 "pos_precision": [
  0.6736997949391993,
  0.01614410868354
 ],
 "pos_recall": [
  0.936026936026936,
  0.07889011755532546
 ],
 "maj_f1": [
  0.7823748904883236,
  0.03640497654380017
 ],
 "macro_f1": [
  0.43419916590294133,
  0.04252866730776136
 ],
 "accuracy": [
  0.6509413580246914,
  0.04282925672120591
 ]
}