{
 "family": "pnet",
 "cohort": "blca",
 "task": "response",
 "mode": "learned",
 "K": 3,
 "n_features": 3000,
 "n_classes": 2,
 "n_samples": 404,
 "n_folds": 5,
 "seed": 42,
 "val_frac": 0.1,
 "cv_macro_f1": {
  "mean": 47.54496826629118,
  "std": 8.02395817311462,
  "folds": [
   33.20839580209895,
   44.242803504380475,
   52.49999999999999,
   54.38047559449311,
   53.39316643048338
  ]
 },
 "cv_accuracy": {
  "mean": 50.75,
  "std": 4.218579216767063,
  "folds": [
   45.67901234567901,
   45.67901234567901,
   53.086419753086425,
   55.55555555555556,
   53.75
  ]
 },
 "cv_pos_f1": {
  "mean": 77.12109869144122,
  "std": 7.28763766316133,
  "folds": [
   62.60869565217392,
   80.88235294117648,
   81.81818181818183,
   79.69924812030075,
   80.59701492537313
  ]
 }
}