{
 "dataset": "Tcell",
 "mode": "learned",
 "K": 4,
 "seed": 0,
 "n_markers": 128,
 "test_macro_f1": 68.86400869684311,
 "test_accuracy": 82.43787310842704,
 "val_macro_f1": 69.0967987006503,
 "n_features": 1089,
 "n_classes": 7,
 "n_samples": 24007,
 "learned_lambda": 0.33344632387161255,
 "bio_anchor_have": false
}