{
 "dataset": "Tcell",
 "mode": "learned",
 "K": 4,
 "seed": 1,
 "n_markers": 128,
 "test_macro_f1": 69.21201560761536,
 "test_accuracy": 83.04872969596002,
 "val_macro_f1": 69.05652508892864,
 "n_features": 1089,
 "n_classes": 7,
 "n_samples": 24007,
 "learned_lambda": 0.32252565026283264,
 "bio_anchor_have": false
}