{
 "task": "pathologic_stage",
 "n_samples": 2738,
 "n_genes": 20530,
 "n_classes": 4,
 "n_train": 1861,
 "n_test": 548,
 "transformer_params": 132992,
 "total_params": 2828297,
 "mean_recursion_depth": 2.4957871437072754,
 "compute_saving_ratio": 0.545191311582761,
 "config": {
  "heads": [
   "pathologic_stage"
  ],
  "cohorts": null,
  "n_hvg": null,
  "batch_size": 32,
  "val_frac": 0.15,
  "test_frac": 0.15,
  "d_model": 128,
  "n_heads": 4,
  "d_ff": 256,
  "dropout": 0.1,
  "n_markers": 256,
  "marker_mode": "router",
  "compress_mode": "aggregate",
  "recursive_marker_refine": true,
  "peak_init": true,
  "anneal_markers": true,
  "recursion_depth": 4,
  "share_weights": true,
  "adaptive_depth": false,
  "marker_ffn": false,
  "recursion_mode": "token",
  "router_capacity": null,
  "router_alpha": 1.0,
  "router_temp": 1.0,
  "router_type": "linear",
  "router_z_coeff": 0.001,
  "router_balance_coeff": 0.1,
  "gene_interaction": "none",
  "interaction_knn": 16,
  "router_prior_beta": 1.0,
  "router_prior_anneal": true,
  "lambda_marker": 0.1,
  "gamma_diversity": 0.05,
  "beta_compression": 0.01,
  "lr": 0.0003,
  "weight_decay": 0.01,
  "epochs": 40,
  "patience": 8,
  "seed": 42,
  "device": "cuda"
 },
 "heads": {
  "pathologic_stage": {
   "accuracy": 0.4744525547445255,
   "macro_f1": 0.42992545080458155,
   "weighted_f1": 0.4501703818383964,
   "per_class": {
    "0": {
     "precision": 0.5424528301886793,
     "recall": 0.5958549222797928,
     "f1-score": 0.5679012345679012,
     "support": 193.0
    },
    "1": {
     "precision": 0.4941860465116279,
     "recall": 0.480225988700565,
     "f1-score": 0.4871060171919771,
     "support": 177.0
    },
    "2": {
     "precision": 0.1346153846153846,
     "recall": 0.0660377358490566,
     "f1-score": 0.08860759493670886,
     "support": 106.0
    },
    "3": {
     "precision": 0.4732142857142857,
     "recall": 0.7361111111111112,
     "f1-score": 0.5760869565217391,
     "support": 72.0
    },
    "accuracy": 0.4744525547445255,
    "macro avg": {
     "precision": 0.4111171367574944,
     "recall": 0.4695574394851314,
     "f1-score": 0.42992545080458155,
     "support": 548.0
    },
    "weighted avg": {
     "precision": 0.4388777113131981,
     "recall": 0.4744525547445255,
     "f1-score": 0.4501703818383964,
     "support": 548.0
    }
   }
  }
 }
}