{
 "task": "pathologic_N",
 "n_samples": 2738,
 "n_genes": 20530,
 "n_classes": 4,
 "n_train": 1861,
 "n_test": 548,
 "transformer_params": 132992,
 "total_params": 2828297,
 "mean_recursion_depth": 2.683757781982422,
 "compute_saving_ratio": 0.5906650165852385,
 "config": {
  "heads": [
   "pathologic_N"
  ],
  "cohorts": null,
  "n_hvg": null,
  "batch_size": 32,
  "val_frac": 0.15,
  "test_frac": 0.15,
  "d_model": 128,
  "n_heads": 4,
  "d_ff": 256,
  "dropout": 0.1,
  "n_markers": 256,
  "marker_mode": "router",
  "compress_mode": "aggregate",
  "recursive_marker_refine": true,
  "peak_init": true,
  "anneal_markers": true,
  "recursion_depth": 4,
  "share_weights": true,
  "adaptive_depth": false,
  "marker_ffn": false,
  "recursion_mode": "token",
  "router_capacity": null,
  "router_alpha": 1.0,
  "router_temp": 1.0,
  "router_type": "linear",
  "router_z_coeff": 0.001,
  "router_balance_coeff": 0.1,
  "gene_interaction": "none",
  "interaction_knn": 16,
  "router_prior_beta": 1.0,
  "router_prior_anneal": true,
  "lambda_marker": 0.1,
  "gamma_diversity": 0.05,
  "beta_compression": 0.01,
  "lr": 0.0003,
  "weight_decay": 0.01,
  "epochs": 40,
  "patience": 8,
  "seed": 42,
  "device": "cuda"
 },
 "heads": {
  "pathologic_N": {
   "accuracy": 0.4124087591240876,
   "macro_f1": 0.3395497493015384,
   "weighted_f1": 0.4342119537235658,
   "per_class": {
    "0": {
     "precision": 0.6708074534161491,
     "recall": 0.36610169491525424,
     "f1-score": 0.47368421052631576,
     "support": 295.0
    },
    "1": {
     "precision": 0.42045454545454547,
     "recall": 0.4457831325301205,
     "f1-score": 0.4327485380116959,
     "support": 166.0
    },
    "2": {
     "precision": 0.23699421965317918,
     "recall": 0.5394736842105263,
     "f1-score": 0.3293172690763052,
     "support": 76.0
    },
    "3": {
     "precision": 0.07894736842105263,
     "recall": 0.2727272727272727,
     "f1-score": 0.12244897959183673,
     "support": 11.0
    },
    "accuracy": 0.4124087591240876,
    "macro avg": {
     "precision": 0.3518008967362316,
     "recall": 0.40602144609579344,
     "f1-score": 0.3395497493015384,
     "support": 548.0
    },
    "weighted avg": {
     "precision": 0.5229263413311893,
     "recall": 0.4124087591240876,
     "f1-score": 0.4342119537235658,
     "support": 548.0
    }
   }
  }
 }
}