{
 "task": "pathologic_T",
 "n_samples": 2738,
 "n_genes": 20530,
 "n_classes": 4,
 "n_train": 1861,
 "n_test": 548,
 "transformer_params": 132992,
 "total_params": 2828297,
 "mean_recursion_depth": 2.572451114654541,
 "compute_saving_ratio": 0.5649703876684047,
 "config": {
  "heads": [
   "pathologic_T"
  ],
  "cohorts": null,
  "n_hvg": null,
  "batch_size": 32,
  "val_frac": 0.15,
  "test_frac": 0.15,
  "d_model": 128,
  "n_heads": 4,
  "d_ff": 256,
  "dropout": 0.1,
  "n_markers": 256,
  "marker_mode": "router",
  "compress_mode": "aggregate",
  "recursive_marker_refine": true,
  "peak_init": true,
  "anneal_markers": true,
  "recursion_depth": 4,
  "share_weights": true,
  "adaptive_depth": false,
  "marker_ffn": false,
  "recursion_mode": "token",
  "router_capacity": null,
  "router_alpha": 1.0,
  "router_temp": 1.0,
  "router_type": "linear",
  "router_z_coeff": 0.001,
  "router_balance_coeff": 0.1,
  "gene_interaction": "none",
  "interaction_knn": 16,
  "router_prior_beta": 1.0,
  "router_prior_anneal": true,
  "lambda_marker": 0.1,
  "gamma_diversity": 0.05,
  "beta_compression": 0.01,
  "lr": 0.0003,
  "weight_decay": 0.01,
  "epochs": 40,
  "patience": 8,
  "seed": 42,
  "device": "cuda"
 },
 "heads": {
  "pathologic_T": {
   "accuracy": 0.42883211678832117,
   "macro_f1": 0.4063003436637725,
   "weighted_f1": 0.4373996053658414,
   "per_class": {
    "0": {
     "precision": 0.4537037037037037,
     "recall": 0.35,
     "f1-score": 0.3951612903225806,
     "support": 140.0
    },
    "1": {
     "precision": 0.58,
     "recall": 0.4377358490566038,
     "f1-score": 0.4989247311827957,
     "support": 265.0
    },
    "2": {
     "precision": 0.3465346534653465,
     "recall": 0.3804347826086957,
     "f1-score": 0.3626943005181347,
     "support": 92.0
    },
    "3": {
     "precision": 0.2517985611510791,
     "recall": 0.6862745098039216,
     "f1-score": 0.3684210526315789,
     "support": 51.0
    },
    "accuracy": 0.42883211678832117,
    "macro avg": {
     "precision": 0.40800922958003233,
     "recall": 0.4636112853673053,
     "f1-score": 0.4063003436637725,
     "support": 548.0
    },
    "weighted avg": {
     "precision": 0.4779953161606486,
     "recall": 0.42883211678832117,
     "f1-score": 0.4373996053658414,
     "support": 548.0
    }
   }
  }
 }
}