{
 "family": "pnet",
 "cohort": "stad",
 "task": "response",
 "mode": "curated",
 "K": 4,
 "seed": 3,
 "test_macro_f1": 50.897867564534224,
 "test_accuracy": 55.2,
 "n_features": 3000,
 "n_classes": 2,
 "n_samples": 414,
 "learned_lambda": 0.3000699579715729,
 "learned_beta": 0.97361820936203,
 "graph_diag": {
  "n_genes": 3000,
  "n_genes_in_reactome": 3000,
  "reactome_coverage_frac": 1.0,
  "mean_degree": 25.794,
  "isolated_frac": 0.0003333333333333333,
  "corr_pi_pc1": 0.01733916997909546
 }
}