{
 "family": "pnet",
 "cohort": "stad",
 "task": "response",
 "mode": "curated",
 "K": 4,
 "seed": 4,
 "test_macro_f1": 55.19713261648745,
 "test_accuracy": 55.2,
 "n_features": 3000,
 "n_classes": 2,
 "n_samples": 414,
 "learned_lambda": 0.30396899580955505,
 "learned_beta": 0.9605157375335693,
 "graph_diag": {
  "n_genes": 3000,
  "n_genes_in_reactome": 3000,
  "reactome_coverage_frac": 1.0,
  "mean_degree": 25.794,
  "isolated_frac": 0.0003333333333333333,
  "corr_pi_pc1": 0.07506553083658218
 }
}