{
 "family": "pnet",
 "cohort": "stad",
 "task": "response",
 "mode": "none",
 "K": 4,
 "seed": 7,
 "test_macro_f1": 47.196620583717355,
 "test_accuracy": 47.199999999999996,
 "n_features": 3000,
 "n_classes": 2,
 "n_samples": 414,
 "graph_diag": {
  "n_genes": 3000,
  "n_genes_in_reactome": 3000,
  "reactome_coverage_frac": 1.0,
  "mean_degree": 25.794,
  "isolated_frac": 0.0003333333333333333,
  "corr_pi_pc1": 0.06812673062086105
 }
}