{
 "family": "pnet",
 "cohort": "stad",
 "task": "response",
 "mode": "random",
 "K": 4,
 "seed": 0,
 "test_macro_f1": 43.141777179832154,
 "test_accuracy": 43.2,
 "n_features": 3000,
 "n_classes": 2,
 "n_samples": 414,
 "learned_lambda": 0.30000215768814087,
 "learned_beta": 0.9740520715713501,
 "graph_diag": {
  "n_genes": 3000,
  "n_genes_in_reactome": 3000,
  "reactome_coverage_frac": 1.0,
  "mean_degree": 25.794,
  "isolated_frac": 0.0003333333333333333,
  "corr_pi_pc1": 0.0706779733300209
 }
}