{
 "family": "pnet",
 "cohort": "stad",
 "task": "response",
 "mode": "random",
 "K": 4,
 "seed": 1,
 "test_macro_f1": 54.8440065681445,
 "test_accuracy": 56.00000000000001,
 "n_features": 3000,
 "n_classes": 2,
 "n_samples": 414,
 "learned_lambda": 0.30573534965515137,
 "learned_beta": 0.9613693952560425,
 "graph_diag": {
  "n_genes": 3000,
  "n_genes_in_reactome": 3000,
  "reactome_coverage_frac": 1.0,
  "mean_degree": 25.794,
  "isolated_frac": 0.0003333333333333333,
  "corr_pi_pc1": 0.013329647481441498
 }
}