{
 "family": "pnet",
 "cohort": "stad",
 "task": "response",
 "mode": "route_curated",
 "K": 4,
 "seed": 4,
 "test_macro_f1": 59.105779716466735,
 "test_accuracy": 59.199999999999996,
 "n_features": 3000,
 "n_classes": 2,
 "n_samples": 414,
 "learned_lambda": 0.30000001192092896,
 "learned_beta": 0.9635235071182251,
 "graph_diag": {
  "n_genes": 3000,
  "n_genes_in_reactome": 3000,
  "reactome_coverage_frac": 1.0,
  "mean_degree": 25.79,
  "isolated_frac": 0.0003333333333333333,
  "corr_pi_pc1": 0.0770217776298523
 }
}