{
 "family": "pnet",
 "cohort": "stad",
 "task": "response",
 "mode": "route_random",
 "K": 4,
 "seed": 3,
 "test_macro_f1": 52.72561293688054,
 "test_accuracy": 53.6,
 "n_features": 3000,
 "n_classes": 2,
 "n_samples": 414,
 "learned_lambda": 0.30000001192092896,
 "learned_beta": 0.9604753255844116,
 "graph_diag": {
  "n_genes": 3000,
  "n_genes_in_reactome": 3000,
  "reactome_coverage_frac": 1.0,
  "mean_degree": 25.79,
  "isolated_frac": 0.0003333333333333333,
  "corr_pi_pc1": 0.017550593242049217
 }
}