{
 "family": "pnet",
 "cohort": "stad",
 "task": "response",
 "mode": "route_curated",
 "K": 4,
 "seed": 0,
 "test_macro_f1": 45.05104934770278,
 "test_accuracy": 50.4,
 "n_features": 3000,
 "n_classes": 2,
 "n_samples": 414,
 "learned_lambda": 0.30000001192092896,
 "learned_beta": 0.9605740904808044,
 "graph_diag": {
  "n_genes": 3000,
  "n_genes_in_reactome": 3000,
  "reactome_coverage_frac": 1.0,
  "mean_degree": 25.79,
  "isolated_frac": 0.0003333333333333333,
  "corr_pi_pc1": 0.07507120072841644
 }
}