{
 "dataset": "Lung",
 "mode": "learned",
 "K": 2,
 "seed": 1,
 "n_markers": 128,
 "test_macro_f1": 79.80013359277766,
 "test_accuracy": 87.0688647258272,
 "val_macro_f1": 79.24004811670454,
 "n_features": 1089,
 "n_classes": 25,
 "n_samples": 57020,
 "learned_lambda": 0.6449072360992432,
 "bio_anchor_have": false
}