{
 "task": "blca",
 "arm": "biomor",
 "pos_class": 1,
 "n_folds": 10,
 "pos_f1": [
  0.6458214083251762,
  0.19984991607913472
 ],
 "pos_precision": [
  0.6808871475001832,
  0.04881844799120403
 ],
 "pos_recall": [
  0.6995959595959597,
  0.2998161680223062
 ],
 "maj_f1": [
  0.6458214083251762,
  0.19984991607913472
 ],
 "macro_f1": [
  0.44788944718516327,
  0.05603752255741097
 ],
 "accuracy": [
  0.5719135802469135,
  0.11207930791186546
 ]
}