{
 "dataset": "Segerstolpe",
 "method": "Linear (ANOVA->PCA->LogReg)",
 "n_folds": 5,
 "seed": 42,
 "n_features": 2000,
 "n_classes": 11,
 "n_samples": 2127,
 "cv_macro_f1": {
  "mean": 92.14478172071628,
  "std": 5.7752789329184155,
  "folds": [
   93.33043006211355,
   95.7360690355225,
   99.25623097933826,
   82.24922439160221,
   90.15195413500497
  ]
 }
}