{
 "dataset": "Segerstolpe",
 "method": "Random Forest",
 "n_folds": 5,
 "seed": 42,
 "n_features": 2000,
 "n_classes": 11,
 "n_samples": 2127,
 "cv_macro_f1": {
  "mean": 93.27616027277683,
  "std": 3.868361022161216,
  "folds": [
   90.59549987841197,
   99.35136701355496,
   90.09886525709099,
   89.95753420175,
   96.37753501307625
  ]
 }
}