{
 "dataset": "baron",
 "config": "none",
 "seed": 2,
 "n_classes": 14,
 "n_test": 2571,
 "nll": 0.5402907588637941,
 "ece": 0.03664154900211567,
 "brier": 0.2720727326286965,
 "conf": 0.8444716573083195,
 "auroc": 0.8122102114882659
}