{
 "dataset": "blca",
 "config": "none",
 "seed": 2,
 "n_classes": 2,
 "n_test": 81,
 "nll": 0.6925042836943059,
 "ece": 0.011676175938637456,
 "brier": 0.49935724846959606,
 "conf": 0.506842342579881,
 "auroc": 0.5225885225885226
}