{
 "dataset": "common_class",
 "config": "none",
 "seed": 2,
 "n_classes": 19,
 "n_test": 8250,
 "nll": 0.6241291436571751,
 "ece": 0.030295805271654954,
 "brier": 0.2670722354468549,
 "conf": 0.7820414062021167,
 "auroc": 0.875499826635243
}