{
 "dataset": "lung",
 "config": "none",
 "seed": 2,
 "n_classes": 25,
 "n_test": 17106,
 "nll": 0.6318148340867229,
 "ece": 0.018407155267705998,
 "brier": 0.30993858650277256,
 "conf": 0.7915276977674136,
 "auroc": 0.8434408725753746
}