{
 "dataset": "oesophagus",
 "config": "none",
 "seed": 2,
 "n_classes": 18,
 "n_test": 26385,
 "nll": 0.5393608322297991,
 "ece": 0.009871084873531022,
 "brier": 0.2638087815900959,
 "conf": 0.8217050214918538,
 "auroc": 0.8475581904781514
}