{
 "dataset": "pancreas",
 "config": "none",
 "seed": 2,
 "n_classes": 15,
 "n_test": 2127,
 "nll": 0.35691998573643297,
 "ece": 0.022189229520086524,
 "brier": 0.11560075297816588,
 "conf": 0.9469906069528727,
 "auroc": 0.8111304890710567
}