{
 "dataset": "panmeta_subtype",
 "config": "none",
 "seed": 2,
 "n_classes": 32,
 "n_test": 1718,
 "nll": 1.0414592906649585,
 "ece": 0.03229133336410381,
 "brier": 0.42031768670178193,
 "conf": 0.6667168823244266,
 "auroc": 0.8367605853051059
}