{
 "dataset": "prostate",
 "config": "none",
 "seed": 2,
 "n_classes": 2,
 "n_test": 203,
 "nll": 7.12361534001801,
 "ece": 0.28448396339747106,
 "brier": 0.628508154030656,
 "conf": 0.9593608106881116,
 "auroc": 0.28649635036496346
}