{
 "dataset": "prototype",
 "config": "none",
 "seed": 2,
 "n_classes": 10,
 "n_test": 27174,
 "nll": 0.16066397819874265,
 "ece": 0.014685631380152869,
 "brier": 0.08290890390232211,
 "conf": 0.9591914089616648,
 "auroc": 0.9292689179359993
}