{
 "dataset": "segerstolpe",
 "config": "none",
 "seed": 2,
 "n_classes": 10,
 "n_test": 637,
 "nll": 2.2498164954128397,
 "ece": 0.12376690817183841,
 "brier": 0.8957286606558699,
 "conf": 0.1418766969743319,
 "auroc": 0.3071843545227319
}