{
 "dataset": "spleen",
 "config": "none",
 "seed": 2,
 "n_classes": 28,
 "n_test": 28239,
 "nll": 1.1656289361134164,
 "ece": 0.019795138947222575,
 "brier": 0.5368372239249057,
 "conf": 0.5875045065883141,
 "auroc": 0.7585099594741738
}