{
 "dataset": "stad",
 "config": "none",
 "seed": 2,
 "n_classes": 2,
 "n_test": 83,
 "nll": 0.6950201014046306,
 "ece": 0.048906547794244026,
 "brier": 0.5018724046995505,
 "conf": 0.5067378730954488,
 "auroc": 0.45789473684210524
}