{
 "dataset": "tabula_muris",
 "config": "none",
 "seed": 2,
 "n_classes": 55,
 "n_test": 16458,
 "nll": 0.8896272217947035,
 "ece": 0.0889884274330644,
 "brier": 0.2613688166409516,
 "conf": 0.9272433794320922,
 "auroc": 0.8088726705483509
}