{
 "dataset": "tcell",
 "config": "none",
 "seed": 2,
 "n_classes": 7,
 "n_test": 7203,
 "nll": 0.9209072161151378,
 "ece": 0.07120641753410939,
 "brier": 0.471536262433423,
 "conf": 0.6407522786988749,
 "auroc": 0.6755638947378713
}