{
 "dataset": "Lung",
 "mode": "learned",
 "K": 4,
 "seed": 2,
 "n_markers": 128,
 "test_macro_f1": 77.36730922638559,
 "test_accuracy": 85.37939904127207,
 "val_macro_f1": 79.21167358255872,
 "n_features": 1089,
 "n_classes": 25,
 "n_samples": 57020,
 "learned_lambda": 0.46719130873680115,
 "bio_anchor_have": false
}