{
 "task": "pan_meta_pri",
 "arm": "vanilla",
 "pos_class": 1,
 "n_folds": 10,
 "pos_f1": [
  0.5699485865788603,
  0.06279671376477419
 ],
 "pos_precision": [
  0.6034499269509934,
  0.11087157501776647
 ],
 "pos_recall": [
  0.5553272450532725,
  0.0829612286798429
 ],
 "maj_f1": [
  0.9822215168911004,
  0.003504494900067918
 ],
 "macro_f1": [
  0.7760850517349804,
  0.03282922765122286
 ],
 "accuracy": [
  0.9658722781911957,
  0.0066225530292363805
 ]
}