{
 "family": "pnet",
 "cohort": "prostate",
 "task": "response",
 "mode": "curated",
 "K": 4,
 "seed": 0,
 "test_macro_f1": 71.08715797688143,
 "test_accuracy": 74.3421052631579,
 "n_features": 3000,
 "n_classes": 2,
 "n_samples": 1011,
 "learned_lambda": 0.30174946784973145,
 "learned_beta": 0.9680881500244141,
 "graph_diag": {
  "n_genes": 3000,
  "n_genes_in_reactome": 3000,
  "reactome_coverage_frac": 1.0,
  "mean_degree": 25.722666666666665,
  "isolated_frac": 0.0,
  "corr_pi_pc1": 0.032208140939474106
 }
}