{
 "family": "pnet",
 "cohort": "prostate",
 "task": "response",
 "mode": "none",
 "K": 4,
 "seed": 5,
 "test_macro_f1": 61.05444690810544,
 "test_accuracy": 65.78947368421053,
 "n_features": 3000,
 "n_classes": 2,
 "n_samples": 1011,
 "graph_diag": {
  "n_genes": 3000,
  "n_genes_in_reactome": 3000,
  "reactome_coverage_frac": 1.0,
  "mean_degree": 25.722666666666665,
  "isolated_frac": 0.0,
  "corr_pi_pc1": 0.0026182171422988176
 }
}