{
 "family": "pnet",
 "cohort": "prostate",
 "task": "response",
 "mode": "random",
 "K": 4,
 "seed": 4,
 "test_macro_f1": 67.73831075597727,
 "test_accuracy": 72.03947368421053,
 "n_features": 3000,
 "n_classes": 2,
 "n_samples": 1011,
 "learned_lambda": 0.3000171184539795,
 "learned_beta": 0.9740148186683655,
 "graph_diag": {
  "n_genes": 3000,
  "n_genes_in_reactome": 3000,
  "reactome_coverage_frac": 1.0,
  "mean_degree": 25.722666666666665,
  "isolated_frac": 0.0,
  "corr_pi_pc1": 0.24023424088954926
 }
}