{
 "family": "pnet",
 "cohort": "prostate",
 "task": "response",
 "mode": "random",
 "K": 4,
 "seed": 2,
 "test_macro_f1": 63.033687623851556,
 "test_accuracy": 64.47368421052632,
 "n_features": 3000,
 "n_classes": 2,
 "n_samples": 1011,
 "learned_lambda": 0.3248238265514374,
 "learned_beta": 0.9612512588500977,
 "graph_diag": {
  "n_genes": 3000,
  "n_genes_in_reactome": 3000,
  "reactome_coverage_frac": 1.0,
  "mean_degree": 25.722666666666665,
  "isolated_frac": 0.0,
  "corr_pi_pc1": 0.2182580977678299
 }
}