{
 "family": "pnet",
 "cohort": "prostate",
 "task": "response",
 "mode": "random",
 "K": 4,
 "seed": 6,
 "test_macro_f1": 64.7019164741869,
 "test_accuracy": 69.4078947368421,
 "n_features": 3000,
 "n_classes": 2,
 "n_samples": 1011,
 "learned_lambda": 0.30477654933929443,
 "learned_beta": 0.9623967409133911,
 "graph_diag": {
  "n_genes": 3000,
  "n_genes_in_reactome": 3000,
  "reactome_coverage_frac": 1.0,
  "mean_degree": 25.722666666666665,
  "isolated_frac": 0.0,
  "corr_pi_pc1": 0.1500735729932785
 }
}