{
 "family": "pnet",
 "cohort": "prostate",
 "task": "response",
 "mode": "route_random",
 "K": 4,
 "seed": 3,
 "test_macro_f1": 67.04607046070461,
 "test_accuracy": 71.05263157894737,
 "n_features": 3000,
 "n_classes": 2,
 "n_samples": 1011,
 "learned_lambda": 0.30000001192092896,
 "learned_beta": 0.9472570419311523,
 "graph_diag": {
  "n_genes": 3000,
  "n_genes_in_reactome": 3000,
  "reactome_coverage_frac": 1.0,
  "mean_degree": 25.722666666666665,
  "isolated_frac": 0.0,
  "corr_pi_pc1": 0.10314802080392838
 }
}