{
 "family": "pnet",
 "cohort": "prostate",
 "task": "response",
 "mode": "smooth_random",
 "K": 4,
 "seed": 3,
 "test_macro_f1": 64.85951359084406,
 "test_accuracy": 66.77631578947368,
 "n_features": 3000,
 "n_classes": 2,
 "n_samples": 1011,
 "learned_lambda": 0.31492599844932556,
 "learned_beta": 0.9740769863128662,
 "graph_diag": {
  "n_genes": 3000,
  "n_genes_in_reactome": 3000,
  "reactome_coverage_frac": 1.0,
  "mean_degree": 25.722666666666665,
  "isolated_frac": 0.0,
  "corr_pi_pc1": 0.10314802080392838
 }
}