{
 "family": "pnet",
 "cohort": "stad",
 "task": "response",
 "mode": "learned",
 "K": 4,
 "n_features": 3000,
 "n_classes": 2,
 "n_samples": 414,
 "n_folds": 5,
 "seed": 42,
 "val_frac": 0.1,
 "cv_macro_f1": {
  "mean": 53.10380473440987,
  "std": 6.523255934452755,
  "folds": [
   43.076025098497006,
   62.272727272727266,
   52.984749455337685,
   49.87479746648991,
   57.31072437899747
  ]
 },
 "cv_accuracy": {
  "mean": 53.63208933294152,
  "std": 6.824922256944275,
  "folds": [
   43.373493975903614,
   63.85542168674698,
   53.01204819277109,
   50.602409638554214,
   57.3170731707317
  ]
 }
}