{
 "dataset": "Segerstolpe",
 "mode": "learned",
 "K": 4,
 "seed": 0,
 "n_markers": 128,
 "test_macro_f1": 71.67212064231097,
 "test_accuracy": 94.99217527386541,
 "val_macro_f1": 76.63063614741084,
 "n_features": 2000,
 "n_classes": 11,
 "n_samples": 2127,
 "learned_lambda": 0.22529463469982147,
 "bio_anchor_have": false
}