{
 "dataset": "Segerstolpe",
 "mode": "learned",
 "K": 4,
 "seed": 2,
 "n_markers": 128,
 "test_macro_f1": 67.71382972115421,
 "test_accuracy": 92.01877934272301,
 "val_macro_f1": 73.62725107534132,
 "n_features": 2000,
 "n_classes": 11,
 "n_samples": 2127,
 "learned_lambda": 0.22888657450675964,
 "bio_anchor_have": false
}