{
 "task": "blca",
 "arm": "biomor",
 "pos_class": 1,
 "n_folds": 10,
 "pos_f1": [
  0.6303326433792514,
  0.22810530885408692
 ],
 "pos_precision": [
  0.6973719404522479,
  0.10435766047008826
 ],
 "pos_recall": [
  0.687003367003367,
  0.3023126631452887
 ],
 "maj_f1": [
  0.6303326433792514,
  0.22810530885408692
 ],
 "macro_f1": [
  0.4338898864731823,
  0.06551338600634117
 ],
 "accuracy": [
  0.5605246913580246,
  0.11374955510413776
 ]
}