{
 "dataset": "baron",
 "n_samples": 8569,
 "n_features": 1936,
 "n_classes": 14,
 "n_train": 5098,
 "n_test": 2571,
 "transformer_params": 297024,
 "total_params": 773789,
 "config": {
  "heads": [
   "cell_type"
  ],
  "cohorts": null,
  "n_hvg": null,
  "n_channels": 1,
  "batch_size": 128,
  "val_frac": 0.15,
  "test_frac": 0.15,
  "d_model": 192,
  "n_heads": 4,
  "d_ff": 384,
  "dropout": 0.1,
  "n_markers": 128,
  "marker_mode": "router",
  "pathway_pool": "mean",
  "compress_mode": "aggregate",
  "recursive_marker_refine": true,
  "peak_init": true,
  "anneal_markers": true,
  "recursion_depth": 4,
  "share_weights": true,
  "share_strategy": "cycle",
  "n_unique_blocks": null,
  "step_cache": false,
  "adaptive_depth": false,
  "marker_ffn": false,
  "recursion_mode": "fixed",
  "router_capacity": null,
  "router_alpha": 1.0,
  "router_temp": 1.0,
  "router_type": "linear",
  "router_z_coeff": 0.001,
  "router_balance_coeff": 0.1,
  "gene_interaction": "none",
  "interaction_knn": 16,
  "router_prior_beta": 1.0,
  "router_prior_anneal": true,
  "pathway_attn_bias": false,
  "pathway_attn_lambda": 2.0,
  "lambda_marker": 0.1,
  "gamma_diversity": 0.05,
  "beta_compression": 0.01,
  "lr": 0.001,
  "weight_decay": 1e-05,
  "epochs": 80,
  "patience": 12,
  "seed": 0,
  "device": "cuda"
 },
 "heads": {
  "cell_type": {
   "accuracy": 0.8844807467911319,
   "macro_f1": 0.6906083801601272,
   "weighted_f1": 0.884429599884882,
   "per_class": {
    "0": {
     "precision": 0.9297658862876255,
     "recall": 0.9686411149825784,
     "f1-score": 0.9488054607508533,
     "support": 287.0
    },
    "1": {
     "precision": 0.8354430379746836,
     "recall": 0.7764705882352941,
     "f1-score": 0.8048780487804879,
     "support": 85.0
    },
    "2": {
     "precision": 0.9282758620689655,
     "recall": 0.9641833810888252,
     "f1-score": 0.9458889669711876,
     "support": 698.0
    },
    "3": {
     "precision": 0.9254571026722925,
     "recall": 0.8680738786279684,
     "f1-score": 0.8958475153165418,
     "support": 758.0
    },
    "4": {
     "precision": 0.7541899441340782,
     "recall": 0.75,
     "f1-score": 0.7520891364902507,
     "support": 180.0
    },
    "5": {
     "precision": 0.9141104294478528,
     "recall": 0.9226006191950464,
     "f1-score": 0.9183359013867488,
     "support": 323.0
    },
    "6": {
     "precision": 0.7608695652173914,
     "recall": 0.9210526315789473,
     "f1-score": 0.8333333333333334,
     "support": 76.0
    },
    "7": {
     "precision": 0.2857142857142857,
     "recall": 0.4,
     "f1-score": 0.3333333333333333,
     "support": 5.0
    },
    "8": {
     "precision": 0.6419753086419753,
     "recall": 0.6753246753246753,
     "f1-score": 0.6582278481012658,
     "support": 77.0
    },
    "9": {
     "precision": 0.8823529411764706,
     "recall": 0.8823529411764706,
     "f1-score": 0.8823529411764706,
     "support": 17.0
    },
    "10": {
     "precision": 0.6666666666666666,
     "recall": 0.2857142857142857,
     "f1-score": 0.4,
     "support": 7.0
    },
    "11": {
     "precision": 0.6052631578947368,
     "recall": 0.4423076923076923,
     "f1-score": 0.5111111111111111,
     "support": 52.0
    },
    "12": {
     "precision": 0.07692307692307693,
     "recall": 0.25,
     "f1-score": 0.11764705882352941,
     "support": 4.0
    },
    "13": {
     "precision": 1.0,
     "recall": 0.5,
     "f1-score": 0.6666666666666666,
     "support": 2.0
    },
    "accuracy": 0.8844807467911319,
    "macro avg": {
     "precision": 0.7290719474871501,
     "recall": 0.6861944148736988,
     "f1-score": 0.6906083801601272,
     "support": 2571.0
    },
    "weighted avg": {
     "precision": 0.8869837270063526,
     "recall": 0.8844807467911319,
     "f1-score": 0.884429599884882,
     "support": 2571.0
    }
   }
  }
 }
}