{
 "dataset": "common_class",
 "n_samples": 27499,
 "n_features": 1089,
 "n_classes": 19,
 "n_train": 16361,
 "n_test": 8250,
 "transformer_params": 297024,
 "total_params": 613095,
 "config": {
  "heads": [
   "cell_type"
  ],
  "cohorts": null,
  "n_hvg": null,
  "n_channels": 1,
  "batch_size": 128,
  "val_frac": 0.15,
  "test_frac": 0.15,
  "d_model": 192,
  "n_heads": 4,
  "d_ff": 384,
  "dropout": 0.1,
  "n_markers": 128,
  "marker_mode": "router",
  "pathway_pool": "mean",
  "compress_mode": "aggregate",
  "recursive_marker_refine": true,
  "peak_init": true,
  "anneal_markers": true,
  "recursion_depth": 4,
  "share_weights": true,
  "share_strategy": "cycle",
  "n_unique_blocks": null,
  "step_cache": false,
  "adaptive_depth": false,
  "marker_ffn": false,
  "recursion_mode": "fixed",
  "router_capacity": null,
  "router_alpha": 1.0,
  "router_temp": 1.0,
  "router_type": "linear",
  "router_z_coeff": 0.001,
  "router_balance_coeff": 0.1,
  "gene_interaction": "none",
  "interaction_knn": 16,
  "router_prior_beta": 1.0,
  "router_prior_anneal": true,
  "pathway_attn_bias": false,
  "pathway_attn_lambda": 2.0,
  "lambda_marker": 0.1,
  "gamma_diversity": 0.05,
  "beta_compression": 0.01,
  "lr": 0.001,
  "weight_decay": 1e-05,
  "epochs": 80,
  "patience": 12,
  "seed": 0,
  "device": "cuda"
 },
 "heads": {
  "cell_type": {
   "accuracy": 0.7756363636363637,
   "macro_f1": 0.6242130799380343,
   "weighted_f1": 0.7860756447182062,
   "per_class": {
    "0": {
     "precision": 0.5882352941176471,
     "recall": 0.7894736842105263,
     "f1-score": 0.6741573033707865,
     "support": 76.0
    },
    "1": {
     "precision": 0.6642599277978339,
     "recall": 0.5626911314984709,
     "f1-score": 0.609271523178808,
     "support": 327.0
    },
    "2": {
     "precision": 0.7971698113207547,
     "recall": 0.7100840336134454,
     "f1-score": 0.7511111111111111,
     "support": 238.0
    },
    "3": {
     "precision": 0.6451612903225806,
     "recall": 0.718562874251497,
     "f1-score": 0.6798866855524079,
     "support": 167.0
    },
    "4": {
     "precision": 0.7708333333333334,
     "recall": 0.69375,
     "f1-score": 0.7302631578947368,
     "support": 160.0
    },
    "5": {
     "precision": 0.8092783505154639,
     "recall": 0.6408163265306123,
     "f1-score": 0.715261958997722,
     "support": 245.0
    },
    "6": {
     "precision": 0.378698224852071,
     "recall": 0.5378151260504201,
     "f1-score": 0.4444444444444444,
     "support": 119.0
    },
    "7": {
     "precision": 0.7084078711985689,
     "recall": 0.5901639344262295,
     "f1-score": 0.6439024390243903,
     "support": 671.0
    },
    "8": {
     "precision": 0.4174757281553398,
     "recall": 0.5972222222222222,
     "f1-score": 0.49142857142857144,
     "support": 144.0
    },
    "9": {
     "precision": 0.5891472868217055,
     "recall": 0.5533980582524272,
     "f1-score": 0.5707133917396746,
     "support": 412.0
    },
    "10": {
     "precision": 0.30383480825958703,
     "recall": 0.6204819277108434,
     "f1-score": 0.4079207920792079,
     "support": 166.0
    },
    "11": {
     "precision": 0.8574938574938575,
     "recall": 0.6829745596868885,
     "f1-score": 0.7603485838779956,
     "support": 511.0
    },
    "12": {
     "precision": 0.6137931034482759,
     "recall": 0.6742424242424242,
     "f1-score": 0.6425992779783394,
     "support": 528.0
    },
    "13": {
     "precision": 0.2336448598130841,
     "recall": 0.26595744680851063,
     "f1-score": 0.24875621890547264,
     "support": 94.0
    },
    "14": {
     "precision": 0.2857142857142857,
     "recall": 0.42857142857142855,
     "f1-score": 0.34285714285714286,
     "support": 14.0
    },
    "15": {
     "precision": 0.3107344632768362,
     "recall": 0.5472636815920398,
     "f1-score": 0.3963963963963964,
     "support": 201.0
    },
    "16": {
     "precision": 0.9917840375586855,
     "recall": 0.9558823529411765,
     "f1-score": 0.9735023041474654,
     "support": 884.0
    },
    "17": {
     "precision": 0.9619321817018555,
     "recall": 0.9206981016533986,
     "f1-score": 0.940863579474343,
     "support": 3266.0
    },
    "18": {
     "precision": 0.8214285714285714,
     "recall": 0.8518518518518519,
     "f1-score": 0.8363636363636363,
     "support": 27.0
    },
    "accuracy": 0.7756363636363637,
    "macro avg": {
     "precision": 0.6183698572173861,
     "recall": 0.649573745584969,
     "f1-score": 0.6242130799380343,
     "support": 8250.0
    },
    "weighted avg": {
     "precision": 0.8055697968325017,
     "recall": 0.7756363636363637,
     "f1-score": 0.7860756447182062,
     "support": 8250.0
    }
   }
  }
 }
}