{
 "dataset": "prototype",
 "n_samples": 90579,
 "n_features": 752,
 "n_classes": 10,
 "n_train": 53894,
 "n_test": 27174,
 "transformer_params": 297024,
 "total_params": 544917,
 "config": {
  "heads": [
   "cell_type"
  ],
  "cohorts": null,
  "n_hvg": null,
  "n_channels": 1,
  "batch_size": 128,
  "val_frac": 0.15,
  "test_frac": 0.15,
  "d_model": 192,
  "n_heads": 4,
  "d_ff": 384,
  "dropout": 0.1,
  "n_markers": 128,
  "marker_mode": "router",
  "pathway_pool": "mean",
  "compress_mode": "aggregate",
  "recursive_marker_refine": true,
  "peak_init": true,
  "anneal_markers": true,
  "recursion_depth": 4,
  "share_weights": true,
  "share_strategy": "cycle",
  "n_unique_blocks": null,
  "step_cache": false,
  "adaptive_depth": false,
  "marker_ffn": false,
  "recursion_mode": "fixed",
  "router_capacity": null,
  "router_alpha": 1.0,
  "router_temp": 1.0,
  "router_type": "linear",
  "router_z_coeff": 0.001,
  "router_balance_coeff": 0.1,
  "gene_interaction": "none",
  "interaction_knn": 16,
  "router_prior_beta": 1.0,
  "router_prior_anneal": true,
  "pathway_attn_bias": false,
  "pathway_attn_lambda": 2.0,
  "lambda_marker": 0.1,
  "gamma_diversity": 0.05,
  "beta_compression": 0.01,
  "lr": 0.001,
  "weight_decay": 1e-05,
  "epochs": 80,
  "patience": 12,
  "seed": 0,
  "device": "cuda"
 },
 "heads": {
  "cell_type": {
   "accuracy": 0.9587105321262972,
   "macro_f1": 0.9538490107956257,
   "weighted_f1": 0.958795988049761,
   "per_class": {
    "0": {
     "precision": 0.956964892412231,
     "recall": 0.9837019790454016,
     "f1-score": 0.9701492537313433,
     "support": 859.0
    },
    "1": {
     "precision": 0.9670658682634731,
     "recall": 0.954679802955665,
     "f1-score": 0.9608329201784829,
     "support": 1015.0
    },
    "2": {
     "precision": 0.9491682070240296,
     "recall": 0.9571295433364398,
     "f1-score": 0.9531322505800464,
     "support": 2146.0
    },
    "3": {
     "precision": 0.9529182879377431,
     "recall": 0.9660749506903353,
     "f1-score": 0.9594515181194907,
     "support": 2535.0
    },
    "4": {
     "precision": 0.9169121979964644,
     "recall": 0.9152941176470588,
     "f1-score": 0.916102443332352,
     "support": 1700.0
    },
    "5": {
     "precision": 0.9058134294727355,
     "recall": 0.9423347398030942,
     "f1-score": 0.9237132352941176,
     "support": 2133.0
    },
    "6": {
     "precision": 0.9344262295081968,
     "recall": 0.9299221357063404,
     "f1-score": 0.932168741869541,
     "support": 2697.0
    },
    "7": {
     "precision": 0.9793243492708141,
     "recall": 0.9539651141880957,
     "f1-score": 0.9664784113681909,
     "support": 5561.0
    },
    "8": {
     "precision": 0.9591097308488613,
     "recall": 0.9775784753363229,
     "f1-score": 0.9682560418027433,
     "support": 3791.0
    },
    "9": {
     "precision": 0.9948652118100129,
     "recall": 0.9816339455351488,
     "f1-score": 0.988205291679949,
     "support": 4737.0
    },
    "accuracy": 0.9587105321262972,
    "macro avg": {
     "precision": 0.9516568404544561,
     "recall": 0.9562314804243902,
     "f1-score": 0.9538490107956257,
     "support": 27174.0
    },
    "weighted avg": {
     "precision": 0.9590730131005843,
     "recall": 0.9587105321262972,
     "f1-score": 0.958795988049761,
     "support": 27174.0
    }
   }
  }
 }
}