{
 "dataset": "tcell",
 "n_samples": 24007,
 "n_features": 1089,
 "n_classes": 7,
 "n_train": 14283,
 "n_test": 7203,
 "transformer_params": 297024,
 "total_params": 608463,
 "config": {
  "heads": [
   "cell_type"
  ],
  "cohorts": null,
  "n_hvg": null,
  "n_channels": 1,
  "batch_size": 128,
  "val_frac": 0.15,
  "test_frac": 0.15,
  "d_model": 192,
  "n_heads": 4,
  "d_ff": 384,
  "dropout": 0.1,
  "n_markers": 128,
  "marker_mode": "router",
  "pathway_pool": "mean",
  "compress_mode": "aggregate",
  "recursive_marker_refine": true,
  "peak_init": true,
  "anneal_markers": true,
  "recursion_depth": 4,
  "share_weights": true,
  "share_strategy": "cycle",
  "n_unique_blocks": null,
  "step_cache": false,
  "adaptive_depth": false,
  "marker_ffn": false,
  "recursion_mode": "fixed",
  "router_capacity": null,
  "router_alpha": 1.0,
  "router_temp": 1.0,
  "router_type": "linear",
  "router_z_coeff": 0.001,
  "router_balance_coeff": 0.1,
  "gene_interaction": "none",
  "interaction_knn": 16,
  "router_prior_beta": 1.0,
  "router_prior_anneal": true,
  "pathway_attn_bias": false,
  "pathway_attn_lambda": 2.0,
  "lambda_marker": 0.1,
  "gamma_diversity": 0.05,
  "beta_compression": 0.01,
  "lr": 0.001,
  "weight_decay": 1e-05,
  "epochs": 80,
  "patience": 12,
  "seed": 0,
  "device": "cuda"
 },
 "heads": {
  "cell_type": {
   "accuracy": 0.5669859780646953,
   "macro_f1": 0.4493105076384338,
   "weighted_f1": 0.6193644159793545,
   "per_class": {
    "0": {
     "precision": 0.3840304182509506,
     "recall": 0.4122448979591837,
     "f1-score": 0.39763779527559057,
     "support": 245.0
    },
    "1": {
     "precision": 0.5402542372881356,
     "recall": 0.4713493530499076,
     "f1-score": 0.5034550839091807,
     "support": 541.0
    },
    "2": {
     "precision": 0.9092122830440588,
     "recall": 0.5958005249343832,
     "f1-score": 0.7198731501057083,
     "support": 4572.0
    },
    "3": {
     "precision": 0.11468812877263582,
     "recall": 0.35403726708074534,
     "f1-score": 0.17325227963525835,
     "support": 322.0
    },
    "4": {
     "precision": 0.39448441247002397,
     "recall": 0.5030581039755352,
     "f1-score": 0.4422043010752688,
     "support": 654.0
    },
    "5": {
     "precision": 0.637223974763407,
     "recall": 0.7013888888888888,
     "f1-score": 0.6677685950413224,
     "support": 576.0
    },
    "6": {
     "precision": 0.15544554455445544,
     "recall": 0.5358361774744027,
     "f1-score": 0.2409823484267076,
     "support": 293.0
    },
    "accuracy": 0.5669859780646953,
    "macro avg": {
     "precision": 0.4479055713062382,
     "recall": 0.5105307447661495,
     "f1-score": 0.4493105076384338,
     "support": 7203.0
    },
    "weighted avg": {
     "precision": 0.7289729959961354,
     "recall": 0.5669859780646953,
     "f1-score": 0.6193644159793545,
     "support": 7203.0
    }
   }
  }
 }
}