{
 "family": "pnet",
 "cohort": "stad",
 "task": "response",
 "mode": "learned",
 "K": 4,
 "n_features": 3000,
 "n_classes": 2,
 "n_samples": 414,
 "n_folds": 5,
 "seed": 42,
 "val_frac": 0.1,
 "cv_macro_f1": {
  "mean": 52.078333124133884,
  "std": 5.934628844060066,
  "folds": [
   45.936724565756826,
   45.936724565756826,
   50.945626477541374,
   56.62020905923345,
   60.952380952380956
  ]
 },
 "cv_accuracy": {
  "mean": 53.64090508374964,
  "std": 4.518528821641253,
  "folds": [
   49.39759036144578,
   49.39759036144578,
   51.80722891566265,
   56.62650602409639,
   60.97560975609756
  ]
 },
 "cv_pos_f1": {
  "mean": 66.00830647051279,
  "std": 3.445938546427253,
  "folds": [
   66.66666666666666,
   63.63636363636363,
   69.42148760330579,
   60.67415730337079,
   69.64285714285714
  ]
 }
}