{
 "task": "blca",
 "arm": "biomor",
 "pos_class": 1,
 "n_folds": 10,
 "pos_f1": [
  0.713187280076185,
  0.21813428656596057
 ],
 "pos_precision": [
  0.641972045145041,
  0.08165681797858915
 ],
 "pos_recall": [
  0.8611447811447812,
  0.2845008345670437
 ],
 "maj_f1": [
  0.713187280076185,
  0.21813428656596057
 ],
 "macro_f1": [
  0.3917783185606643,
  0.04769225046177887
 ],
 "accuracy": [
  0.6163271604938272,
  0.10952539603289353
 ]
}