{
 "dataset": "Oesophagus",
 "method": "Linear (ANOVA->PCA->LogReg)",
 "n_folds": 5,
 "seed": 42,
 "n_features": 1089,
 "n_classes": 18,
 "n_samples": 87947,
 "cv_macro_f1": {
  "mean": 68.99894502124582,
  "std": 0.7363416511734691,
  "folds": [
   68.25736940161914,
   70.28052505429753,
   68.32102877625599,
   68.910527045199,
   69.22527482885745
  ]
 }
}