{
 "dataset": "Oesophagus",
 "method": "NearestCentroid",
 "n_folds": 5,
 "seed": 42,
 "n_features": 1089,
 "n_classes": 18,
 "n_samples": 87947,
 "cv_macro_f1": {
  "mean": 65.93924714687482,
  "std": 0.9725478281577662,
  "folds": [
   64.8084881572903,
   67.08755807463514,
   64.86899294273904,
   66.93061302106364,
   66.00058353864594
  ]
 }
}