{
 "dataset": "Segerstolpe",
 "mode": "route_random",
 "K": 4,
 "seed": 2,
 "test_macro_f1": 46.37072270257907,
 "test_accuracy": 76.52582159624414,
 "n_features": 2000,
 "n_classes": 11,
 "n_samples": 2127
}