{
 "dataset": "Segerstolpe",
 "mode": "smooth_random",
 "K": 4,
 "seed": 3,
 "test_macro_f1": 47.551979214024705,
 "test_accuracy": 68.85758998435054,
 "n_features": 2000,
 "n_classes": 11,
 "n_samples": 2127
}