{
 "dataset": "Segerstolpe",
 "mode": "smooth_coexpr",
 "K": 4,
 "seed": 1,
 "test_macro_f1": 0.056729541908949084,
 "test_accuracy": 0.3129890453834116,
 "n_features": 2000,
 "n_classes": 11,
 "n_samples": 2127
}