{
 "dataset": "Xin",
 "method": "NearestCentroid",
 "seed": 2,
 "test_macro_f1": 98.09010667838774,
 "test_accuracy": 98.88392857142857,
 "n_features": 2000,
 "n_classes": 4,
 "n_samples": 1492
}