{
 "dataset": "Xin",
 "method": "Random Forest",
 "seed": 0,
 "test_macro_f1": 96.38576635931919,
 "test_accuracy": 98.88392857142857,
 "n_features": 2000,
 "n_classes": 4,
 "n_samples": 1492
}