{
 "family": "pnet",
 "cohort": "stad",
 "task": "response",
 "mode": "learned",
 "K": 4,
 "n_features": 3000,
 "n_classes": 2,
 "n_samples": 414,
 "n_folds": 5,
 "seed": 42,
 "val_frac": 0.1,
 "cv_macro_f1": {
  "mean": 53.75964924573549,
  "std": 4.647233654526156,
  "folds": [
   51.461988304093566,
   55.231930960086295,
   47.79874213836478,
   52.57142857142857,
   61.734156254704196
  ]
 },
 "cv_accuracy": {
  "mean": 55.330590655304135,
  "std": 4.08850238422622,
  "folds": [
   51.80722891566265,
   57.831325301204814,
   51.80722891566265,
   53.01204819277109,
   62.19512195121951
  ]
 }
}