{
 "dataset": "tcell",
 "n_samples": 24007,
 "n_features": 1089,
 "n_classes": 7,
 "n_train": 14283,
 "n_test": 7203,
 "transformer_params": 75168,
 "total_params": 190863,
 "config": {
  "heads": [
   "cell_type"
  ],
  "cohorts": null,
  "n_hvg": null,
  "n_channels": 1,
  "batch_size": 128,
  "val_frac": 0.15,
  "test_frac": 0.15,
  "d_model": 96,
  "n_heads": 4,
  "d_ff": 192,
  "dropout": 0.1,
  "n_markers": 128,
  "marker_mode": "variance",
  "pathway_pool": "mean",
  "compress_mode": "aggregate",
  "recursive_marker_refine": true,
  "peak_init": true,
  "anneal_markers": true,
  "recursion_depth": 4,
  "share_weights": true,
  "share_strategy": "cycle",
  "n_unique_blocks": null,
  "step_cache": false,
  "adaptive_depth": false,
  "marker_ffn": false,
  "recursion_mode": "expert",
  "router_capacity": null,
  "router_alpha": 1.0,
  "router_temp": 1.0,
  "router_type": "linear",
  "router_z_coeff": 0.001,
  "router_balance_coeff": 0.1,
  "gene_interaction": "none",
  "interaction_knn": 16,
  "router_prior_beta": 1.0,
  "router_prior_anneal": true,
  "pathway_attn_bias": false,
  "pathway_attn_lambda": 2.0,
  "lambda_marker": 0.1,
  "gamma_diversity": 0.05,
  "beta_compression": 0.01,
  "lr": 0.001,
  "weight_decay": 1e-05,
  "epochs": 150,
  "patience": 15,
  "seed": 0,
  "device": "cuda"
 },
 "heads": {
  "cell_type": {
   "accuracy": 0.6197417742607247,
   "macro_f1": 0.47562791198766025,
   "weighted_f1": 0.6649802137545413,
   "per_class": {
    "0": {
     "precision": 0.30205949656750575,
     "recall": 0.5387755102040817,
     "f1-score": 0.3870967741935484,
     "support": 245.0
    },
    "1": {
     "precision": 0.6020236087689713,
     "recall": 0.6598890942698706,
     "f1-score": 0.6296296296296297,
     "support": 541.0
    },
    "2": {
     "precision": 0.9275715155203895,
     "recall": 0.6666666666666666,
     "f1-score": 0.7757699160091627,
     "support": 4572.0
    },
    "3": {
     "precision": 0.13925729442970822,
     "recall": 0.32608695652173914,
     "f1-score": 0.19516728624535315,
     "support": 322.0
    },
    "4": {
     "precision": 0.4674698795180723,
     "recall": 0.5932721712538226,
     "f1-score": 0.522911051212938,
     "support": 654.0
    },
    "5": {
     "precision": 0.6591928251121076,
     "recall": 0.5104166666666666,
     "f1-score": 0.5753424657534246,
     "support": 576.0
    },
    "6": {
     "precision": 0.1633605600933489,
     "recall": 0.4778156996587031,
     "f1-score": 0.24347826086956523,
     "support": 293.0
    },
    "accuracy": 0.6197417742607247,
    "macro avg": {
     "precision": 0.46584788285858625,
     "recall": 0.5389889664630786,
     "f1-score": 0.47562791198766025,
     "support": 7203.0
    },
    "weighted avg": {
     "precision": 0.7522812965910571,
     "recall": 0.6197417742607247,
     "f1-score": 0.6649802137545413,
     "support": 7203.0
    }
   }
  }
 }
}