{
 "task": "stad",
 "arm": "biomor",
 "pos_class": 1,
 "n_folds": 10,
 "pos_f1": [
  0.5311524830093559,
  0.11869443551767173
 ],
 "pos_precision": [
  0.5231705454782098,
  0.029781714511485598
 ],
 "pos_recall": [
  0.5771014492753623,
  0.21455347967466068
 ],
 "maj_f1": [
  0.5311524830093559,
  0.11869443551767173
 ],
 "macro_f1": [
  0.4487193179851604,
  0.0256508333904585
 ],
 "accuracy": [
  0.48421980605348225,
  0.0372962988751572
 ]
}