{
 "family": "pnet",
 "cohort": "blca",
 "task": "response",
 "mode": "random",
 "K": 4,
 "n_features": 3000,
 "n_classes": 2,
 "n_samples": 404,
 "n_folds": 5,
 "seed": 42,
 "val_frac": 0.1,
 "cv_macro_f1": {
  "mean": 46.54700112118403,
  "std": 9.701504776945692,
  "folds": [
   39.097744360902254,
   40.44117647058824,
   41.70838548185232,
   46.11973392461197,
   65.36796536796537
  ]
 },
 "cv_accuracy": {
  "mean": 56.712962962962955,
  "std": 11.039938373595696,
  "folds": [
   44.44444444444444,
   67.90123456790124,
   43.20987654320987,
   59.25925925925925,
   68.75
  ]
 }
}