{
 "dataset": "pan_meta_pri_3modal",
 "method": "NearestCentroid",
 "n_folds": 5,
 "seed": 42,
 "n_features": 3000,
 "n_classes": 2,
 "n_samples": 8586,
 "cv_macro_f1": {
  "mean": 89.06034240895049,
  "std": 0.6958839482067171,
  "folds": [
   88.5154286325472,
   89.21029971484036,
   89.95644798485517,
   89.57569008255145,
   88.04384562995824
  ]
 }
}