{
 "dataset": "pan_meta_pri_3modal",
 "method": "Random Forest",
 "n_folds": 5,
 "seed": 42,
 "n_features": 3000,
 "n_classes": 2,
 "n_samples": 8586,
 "cv_macro_f1": {
  "mean": 97.97435109874277,
  "std": 0.6654840701057284,
  "folds": [
   97.76612343966713,
   97.73506753904601,
   97.33909836192602,
   99.26539797717044,
   97.76606817590424
  ]
 }
}