{
 "dataset": "prostate",
 "method": "Linear (ANOVA->PCA->LogReg)",
 "n_folds": 5,
 "seed": 42,
 "n_features": 3000,
 "n_classes": 2,
 "n_samples": 1011,
 "cv_macro_f1": {
  "mean": 67.501716248421,
  "std": 2.3253146146242902,
  "folds": [
   71.25272331154684,
   69.0772804054054,
   65.24524206569787,
   66.5491452991453,
   65.38419016030956
  ]
 }
}