{
 "dataset": "Xin",
 "method": "Linear (ANOVA->PCA->LogReg)",
 "n_folds": 5,
 "seed": 42,
 "n_features": 2000,
 "n_classes": 4,
 "n_samples": 1492,
 "cv_macro_f1": {
  "mean": 97.93427434848566,
  "std": 1.5800743286149779,
  "folds": [
   95.13663428256059,
   98.23618741243271,
   98.469868173258,
   100.0,
   97.82868187417697
  ]
 }
}