{
 "dataset": "Xin",
 "method": "NearestCentroid",
 "n_folds": 5,
 "seed": 42,
 "n_features": 2000,
 "n_classes": 4,
 "n_samples": 1492,
 "cv_macro_f1": {
  "mean": 97.25895286963001,
  "std": 1.2825967334836246,
  "folds": [
   98.20816904589384,
   97.83643437449544,
   96.13106603469835,
   98.73870227977876,
   95.38039261328368
  ]
 }
}