{
 "dataset": "Muraro",
 "mode": "learned",
 "K": 3,
 "seed": 1,
 "n_markers": 128,
 "test_macro_f1": 87.3694462628678,
 "test_accuracy": 94.81946624803767,
 "val_macro_f1": 92.84495319631961,
 "n_features": 2000,
 "n_classes": 9,
 "n_samples": 2122,
 "learned_lambda": 0.22694121301174164,
 "bio_anchor_have": false
}