{
 "dataset": "Muraro",
 "mode": "learned",
 "K": 3,
 "seed": 0,
 "n_markers": 128,
 "test_macro_f1": 69.16773151709243,
 "test_accuracy": 87.44113029827315,
 "val_macro_f1": 80.37293381694317,
 "n_features": 2000,
 "n_classes": 9,
 "n_samples": 2122,
 "learned_lambda": 0.23147620260715485,
 "bio_anchor_have": false
}