{
 "dataset": "prototype",
 "n_samples": 90579,
 "n_features": 752,
 "n_classes": 10,
 "n_train": 53894,
 "n_test": 27174,
 "transformer_params": 75168,
 "total_params": 180693,
 "config": {
  "heads": [
   "cell_type"
  ],
  "cohorts": null,
  "n_hvg": null,
  "n_channels": 1,
  "batch_size": 128,
  "val_frac": 0.15,
  "test_frac": 0.15,
  "d_model": 96,
  "n_heads": 4,
  "d_ff": 192,
  "dropout": 0.1,
  "n_markers": 128,
  "marker_mode": "router",
  "pathway_pool": "mean",
  "compress_mode": "aggregate",
  "recursive_marker_refine": true,
  "peak_init": true,
  "anneal_markers": true,
  "recursion_depth": 4,
  "share_weights": true,
  "share_strategy": "cycle",
  "n_unique_blocks": null,
  "step_cache": false,
  "adaptive_depth": false,
  "marker_ffn": false,
  "recursion_mode": "expert",
  "router_capacity": null,
  "router_alpha": 1.0,
  "router_temp": 1.0,
  "router_type": "linear",
  "router_z_coeff": 0.001,
  "router_balance_coeff": 0.1,
  "gene_interaction": "none",
  "interaction_knn": 16,
  "router_prior_beta": 1.0,
  "router_prior_anneal": true,
  "pathway_attn_bias": false,
  "pathway_attn_lambda": 2.0,
  "lambda_marker": 0.1,
  "gamma_diversity": 0.05,
  "beta_compression": 0.01,
  "lr": 0.001,
  "weight_decay": 1e-05,
  "epochs": 80,
  "patience": 12,
  "seed": 1,
  "device": "cuda"
 },
 "heads": {
  "cell_type": {
   "accuracy": 0.9586001324795761,
   "macro_f1": 0.9551999991134886,
   "weighted_f1": 0.9586386870594222,
   "per_class": {
    "0": {
     "precision": 0.9802325581395349,
     "recall": 0.9813736903376019,
     "f1-score": 0.9808027923211169,
     "support": 859.0
    },
    "1": {
     "precision": 0.9620991253644315,
     "recall": 0.9753694581280788,
     "f1-score": 0.9686888454011742,
     "support": 1015.0
    },
    "2": {
     "precision": 0.966286799620133,
     "recall": 0.9482758620689655,
     "f1-score": 0.9571966133584195,
     "support": 2146.0
    },
    "3": {
     "precision": 0.9594008671659441,
     "recall": 0.9601577909270217,
     "f1-score": 0.9597791798107256,
     "support": 2535.0
    },
    "4": {
     "precision": 0.9214326978625073,
     "recall": 0.9382352941176471,
     "f1-score": 0.9297580880209851,
     "support": 1700.0
    },
    "5": {
     "precision": 0.9012575687005123,
     "recall": 0.9071729957805907,
     "f1-score": 0.9042056074766355,
     "support": 2133.0
    },
    "6": {
     "precision": 0.9323475046210721,
     "recall": 0.9351130886169818,
     "f1-score": 0.933728248796742,
     "support": 2697.0
    },
    "7": {
     "precision": 0.9755474452554744,
     "recall": 0.9613378888689085,
     "f1-score": 0.9683905443347522,
     "support": 5561.0
    },
    "8": {
     "precision": 0.9564650677789364,
     "recall": 0.9678185175415458,
     "f1-score": 0.962108299462436,
     "support": 3791.0
    },
    "9": {
     "precision": 0.9867172675521821,
     "recall": 0.9879670677644079,
     "f1-score": 0.9873417721518988,
     "support": 4737.0
    },
    "accuracy": 0.9586001324795761,
    "macro avg": {
     "precision": 0.9541786902060728,
     "recall": 0.956282165415175,
     "f1-score": 0.9551999991134886,
     "support": 27174.0
    },
    "weighted avg": {
     "precision": 0.9587363053549366,
     "recall": 0.9586001324795761,
     "f1-score": 0.9586386870594222,
     "support": 27174.0
    }
   }
  }
 }
}