{
 "dataset": "tabula_muris",
 "n_samples": 54865,
 "n_features": 1089,
 "n_classes": 55,
 "n_train": 32645,
 "n_test": 16458,
 "transformer_params": 75168,
 "total_params": 221775,
 "config": {
  "heads": [
   "cell_type"
  ],
  "cohorts": null,
  "n_hvg": null,
  "n_channels": 1,
  "batch_size": 128,
  "val_frac": 0.15,
  "test_frac": 0.15,
  "d_model": 96,
  "n_heads": 4,
  "d_ff": 192,
  "dropout": 0.1,
  "n_markers": 128,
  "marker_mode": "router",
  "pathway_pool": "mean",
  "compress_mode": "aggregate",
  "recursive_marker_refine": true,
  "peak_init": true,
  "anneal_markers": true,
  "recursion_depth": 4,
  "share_weights": true,
  "share_strategy": "cycle",
  "n_unique_blocks": null,
  "step_cache": false,
  "adaptive_depth": false,
  "marker_ffn": false,
  "recursion_mode": "expert",
  "router_capacity": null,
  "router_alpha": 1.0,
  "router_temp": 1.0,
  "router_type": "linear",
  "router_z_coeff": 0.001,
  "router_balance_coeff": 0.1,
  "gene_interaction": "none",
  "interaction_knn": 16,
  "router_prior_beta": 1.0,
  "router_prior_anneal": true,
  "pathway_attn_bias": false,
  "pathway_attn_lambda": 2.0,
  "lambda_marker": 0.1,
  "gamma_diversity": 0.05,
  "beta_compression": 0.01,
  "lr": 0.001,
  "weight_decay": 1e-05,
  "epochs": 80,
  "patience": 12,
  "seed": 1,
  "device": "cuda"
 },
 "heads": {
  "cell_type": {
   "accuracy": 0.7802892210475149,
   "macro_f1": 0.659083867441944,
   "weighted_f1": 0.7876024330681489,
   "per_class": {
    "0": {
     "precision": 0.9244050396640224,
     "recall": 0.7962218649517685,
     "f1-score": 0.855538760526884,
     "support": 2488.0
    },
    "1": {
     "precision": 0.11688311688311688,
     "recall": 0.6923076923076923,
     "f1-score": 0.2,
     "support": 13.0
    },
    "2": {
     "precision": 0.6153846153846154,
     "recall": 0.4,
     "f1-score": 0.48484848484848486,
     "support": 20.0
    },
    "3": {
     "precision": 0.2916666666666667,
     "recall": 0.6363636363636364,
     "f1-score": 0.4,
     "support": 11.0
    },
    "4": {
     "precision": 0.9320866141732284,
     "recall": 0.7157974300831443,
     "f1-score": 0.8097477554510475,
     "support": 1323.0
    },
    "5": {
     "precision": 0.9326923076923077,
     "recall": 0.9326923076923077,
     "f1-score": 0.9326923076923077,
     "support": 104.0
    },
    "6": {
     "precision": 0.837037037037037,
     "recall": 0.9576271186440678,
     "f1-score": 0.8932806324110671,
     "support": 118.0
    },
    "7": {
     "precision": 0.9648535564853556,
     "recall": 0.8688771665410701,
     "f1-score": 0.9143536875495638,
     "support": 1327.0
    },
    "8": {
     "precision": 0.45161290322580644,
     "recall": 0.7777777777777778,
     "f1-score": 0.5714285714285714,
     "support": 18.0
    },
    "9": {
     "precision": 0.7705382436260623,
     "recall": 0.7534626038781164,
     "f1-score": 0.7619047619047619,
     "support": 361.0
    },
    "10": {
     "precision": 0.9773371104815864,
     "recall": 0.9857142857142858,
     "f1-score": 0.9815078236130867,
     "support": 350.0
    },
    "11": {
     "precision": 0.5365853658536586,
     "recall": 0.6432748538011696,
     "f1-score": 0.5851063829787234,
     "support": 342.0
    },
    "12": {
     "precision": 0.6923076923076923,
     "recall": 1.0,
     "f1-score": 0.8181818181818182,
     "support": 18.0
    },
    "13": {
     "precision": 0.8333333333333334,
     "recall": 1.0,
     "f1-score": 0.9090909090909091,
     "support": 15.0
    },
    "14": {
     "precision": 0.4430379746835443,
     "recall": 0.7291666666666666,
     "f1-score": 0.5511811023622047,
     "support": 48.0
    },
    "15": {
     "precision": 0.3888888888888889,
     "recall": 0.5384615384615384,
     "f1-score": 0.45161290322580644,
     "support": 13.0
    },
    "16": {
     "precision": 0.4117647058823529,
     "recall": 0.875,
     "f1-score": 0.56,
     "support": 8.0
    },
    "17": {
     "precision": 0.41025641025641024,
     "recall": 0.8421052631578947,
     "f1-score": 0.5517241379310345,
     "support": 19.0
    },
    "18": {
     "precision": 0.64,
     "recall": 0.8421052631578947,
     "f1-score": 0.7272727272727273,
     "support": 19.0
    },
    "19": {
     "precision": 0.9046052631578947,
     "recall": 0.6447831184056272,
     "f1-score": 0.7529089664613279,
     "support": 853.0
    },
    "20": {
     "precision": 0.09090909090909091,
     "recall": 0.125,
     "f1-score": 0.10526315789473684,
     "support": 8.0
    },
    "21": {
     "precision": 0.6993006993006993,
     "recall": 0.7662835249042146,
     "f1-score": 0.7312614259597806,
     "support": 261.0
    },
    "22": {
     "precision": 0.7333333333333333,
     "recall": 0.9565217391304348,
     "f1-score": 0.8301886792452831,
     "support": 46.0
    },
    "23": {
     "precision": 0.39823008849557523,
     "recall": 0.6617647058823529,
     "f1-score": 0.4972375690607735,
     "support": 68.0
    },
    "24": {
     "precision": 0.9244444444444444,
     "recall": 0.9541284403669725,
     "f1-score": 0.9390519187358917,
     "support": 218.0
    },
    "25": {
     "precision": 0.8983050847457628,
     "recall": 0.9380530973451328,
     "f1-score": 0.9177489177489178,
     "support": 113.0
    },
    "26": {
     "precision": 0.6923076923076923,
     "recall": 0.7627118644067796,
     "f1-score": 0.7258064516129032,
     "support": 118.0
    },
    "27": {
     "precision": 0.9887640449438202,
     "recall": 0.998109640831758,
     "f1-score": 0.993414863593603,
     "support": 529.0
    },
    "28": {
     "precision": 0.046948356807511735,
     "recall": 0.5882352941176471,
     "f1-score": 0.08695652173913043,
     "support": 34.0
    },
    "29": {
     "precision": 0.6128,
     "recall": 0.9433497536945813,
     "f1-score": 0.7429679922405431,
     "support": 406.0
    },
    "30": {
     "precision": 0.8687374749498998,
     "recall": 0.9393282773564464,
     "f1-score": 0.9026548672566371,
     "support": 923.0
    },
    "31": {
     "precision": 0.48128342245989303,
     "recall": 0.7627118644067796,
     "f1-score": 0.5901639344262295,
     "support": 118.0
    },
    "32": {
     "precision": 0.0375,
     "recall": 0.21428571428571427,
     "f1-score": 0.06382978723404255,
     "support": 14.0
    },
    "33": {
     "precision": 0.7063492063492064,
     "recall": 0.6691729323308271,
     "f1-score": 0.6872586872586872,
     "support": 133.0
    },
    "34": {
     "precision": 0.7777777777777778,
     "recall": 0.8439716312056738,
     "f1-score": 0.8095238095238095,
     "support": 141.0
    },
    "35": {
     "precision": 0.9747899159663865,
     "recall": 0.9693593314763231,
     "f1-score": 0.9720670391061452,
     "support": 359.0
    },
    "36": {
     "precision": 0.7227722772277227,
     "recall": 0.9240506329113924,
     "f1-score": 0.8111111111111111,
     "support": 79.0
    },
    "37": {
     "precision": 0.46,
     "recall": 0.4742268041237113,
     "f1-score": 0.467005076142132,
     "support": 97.0
    },
    "38": {
     "precision": 0.8376623376623377,
     "recall": 0.9347826086956522,
     "f1-score": 0.8835616438356164,
     "support": 138.0
    },
    "39": {
     "precision": 0.7161290322580646,
     "recall": 0.7985611510791367,
     "f1-score": 0.7551020408163265,
     "support": 139.0
    },
    "40": {
     "precision": 0.25308641975308643,
     "recall": 0.10353535353535354,
     "f1-score": 0.14695340501792115,
     "support": 396.0
    },
    "41": {
     "precision": 0.29411764705882354,
     "recall": 0.7142857142857143,
     "f1-score": 0.4166666666666667,
     "support": 7.0
    },
    "42": {
     "precision": 0.5,
     "recall": 0.8666666666666667,
     "f1-score": 0.6341463414634146,
     "support": 15.0
    },
    "43": {
     "precision": 0.9192997438087105,
     "recall": 0.9146134239592183,
     "f1-score": 0.9169505962521295,
     "support": 2354.0
    },
    "44": {
     "precision": 0.36074270557029176,