{
 "dataset": "tcell",
 "n_samples": 24007,
 "n_features": 1089,
 "n_classes": 7,
 "n_train": 14283,
 "n_test": 7203,
 "transformer_params": 75168,
 "total_params": 212463,
 "config": {
  "heads": [
   "cell_type"
  ],
  "cohorts": null,
  "n_hvg": null,
  "n_channels": 1,
  "batch_size": 128,
  "val_frac": 0.15,
  "test_frac": 0.15,
  "d_model": 96,
  "n_heads": 4,
  "d_ff": 192,
  "dropout": 0.1,
  "n_markers": 128,
  "marker_mode": "router",
  "pathway_pool": "mean",
  "compress_mode": "aggregate",
  "recursive_marker_refine": true,
  "peak_init": true,
  "anneal_markers": true,
  "recursion_depth": 4,
  "share_weights": true,
  "share_strategy": "cycle",
  "n_unique_blocks": null,
  "step_cache": false,
  "adaptive_depth": false,
  "marker_ffn": false,
  "recursion_mode": "expert",
  "router_capacity": null,
  "router_alpha": 1.0,
  "router_temp": 1.0,
  "router_type": "linear",
  "router_z_coeff": 0.001,
  "router_balance_coeff": 0.1,
  "gene_interaction": "none",
  "interaction_knn": 16,
  "router_prior_beta": 1.0,
  "router_prior_anneal": true,
  "pathway_attn_bias": false,
  "pathway_attn_lambda": 2.0,
  "lambda_marker": 0.1,
  "gamma_diversity": 0.05,
  "beta_compression": 0.01,
  "lr": 0.001,
  "weight_decay": 1e-05,
  "epochs": 80,
  "patience": 12,
  "seed": 1,
  "device": "cuda"
 },
 "heads": {
  "cell_type": {
   "accuracy": 0.623212550326253,
   "macro_f1": 0.45514762052261526,
   "weighted_f1": 0.663768019278573,
   "per_class": {
    "0": {
     "precision": 0.23679727427597955,
     "recall": 0.5673469387755102,
     "f1-score": 0.33413461538461536,
     "support": 245.0
    },
    "1": {
     "precision": 0.5701559020044543,
     "recall": 0.4731977818853974,
     "f1-score": 0.5171717171717172,
     "support": 541.0
    },
    "2": {
     "precision": 0.9148576261629546,
     "recall": 0.7097550306211724,
     "f1-score": 0.7993595270353492,
     "support": 4572.0
    },
    "3": {
     "precision": 0.21926910299003322,
     "recall": 0.6149068322981367,
     "f1-score": 0.32326530612244897,
     "support": 322.0
    },
    "4": {
     "precision": 0.4632352941176471,
     "recall": 0.3853211009174312,
     "f1-score": 0.42070116861435725,
     "support": 654.0
    },
    "5": {
     "precision": 0.6520681265206812,
     "recall": 0.4652777777777778,
     "f1-score": 0.5430597771023303,
     "support": 576.0
    },
    "6": {
     "precision": 0.17191601049868765,
     "recall": 0.447098976109215,
     "f1-score": 0.24834123222748816,
     "support": 293.0
    },
    "accuracy": 0.623212550326253,
    "macro avg": {
     "precision": 0.4611856195100626,
     "recall": 0.5232720626263773,
     "f1-score": 0.45514762052261526,
     "support": 7203.0
    },
    "weighted avg": {
     "precision": 0.7425686391040974,
     "recall": 0.623212550326253,
     "f1-score": 0.663768019278573,
     "support": 7203.0
    }
   }
  }
 }
}