{
 "family": "pnet",
 "cohort": "blca",
 "task": "response",
 "mode": "learned",
 "K": 4,
 "n_features": 3000,
 "n_classes": 2,
 "n_samples": 404,
 "n_folds": 5,
 "seed": 42,
 "val_frac": 0.1,
 "cv_macro_f1": {
  "mean": 45.77146595174196,
  "std": 6.690629710092474,
  "folds": [
   34.50134770889488,
   44.13793103448276,
   53.97727272727273,
   50.92827828805942,
   45.3125
  ]
 },
 "cv_accuracy": {
  "mean": 49.99382716049384,
  "std": 7.632395918663337,
  "folds": [
   40.74074074074074,
   44.44444444444444,
   55.55555555555556,
   61.72839506172839,
   47.5
  ]
 },
 "cv_pos_f1": {
  "mean": 73.90929110769589,
  "std": 4.482770284002225,
  "folds": [
   65.54621848739495,
   72.88135593220339,
   77.27272727272727,
   76.92307692307693,
   76.92307692307693
  ]
 }
}