{
 "family": "pnet",
 "cohort": "stad",
 "task": "response",
 "mode": "learned",
 "K": 4,
 "n_features": 3000,
 "n_classes": 2,
 "n_samples": 414,
 "n_folds": 5,
 "seed": 42,
 "val_frac": 0.1,
 "cv_macro_f1": {
  "mean": 54.65558313355041,
  "std": 3.539671269292721,
  "folds": [
   57.24242424242425,
   52.05308352849336,
   49.1421568627451,
   58.74269005847954,
   56.09756097560976
  ]
 },
 "cv_accuracy": {
  "mean": 56.279753158977385,
  "std": 2.6821011308032205,
  "folds": [
   59.036144578313255,
   55.42168674698795,
   51.80722891566265,
   59.036144578313255,
   56.09756097560976
  ]
 }
}