{
 "family": "pnet",
 "cohort": "prostate",
 "task": "response",
 "mode": "learned",
 "K": 4,
 "n_features": 3000,
 "n_classes": 2,
 "n_samples": 1011,
 "n_folds": 5,
 "seed": 42,
 "val_frac": 0.1,
 "cv_macro_f1": {
  "mean": 64.73357812604436,
  "std": 2.1449355597750492,
  "folds": [
   66.3907284768212,
   61.99333405010214,
   65.38419016030956,
   62.47678018575851,
   67.4228577572304
  ]
 },
 "cv_accuracy": {
  "mean": 69.62932253816516,
  "std": 2.904116324296397,
  "folds": [
   74.38423645320196,
   65.34653465346535,
   69.3069306930693,
   68.8118811881188,
   70.29702970297029
  ]
 }
}