{
 "dataset": "baron",
 "n_samples": 8569,
 "n_features": 1936,
 "n_classes": 14,
 "n_train": 5098,
 "n_test": 2571,
 "transformer_params": 19152,
 "total_params": 124541,
 "config": {
  "heads": [
   "cell_type"
  ],
  "cohorts": null,
  "n_hvg": null,
  "n_channels": 1,
  "batch_size": 128,
  "val_frac": 0.15,
  "test_frac": 0.15,
  "d_model": 48,
  "n_heads": 4,
  "d_ff": 96,
  "dropout": 0.1,
  "n_markers": 128,
  "marker_mode": "router",
  "pathway_pool": "mean",
  "compress_mode": "aggregate",
  "recursive_marker_refine": true,
  "peak_init": true,
  "anneal_markers": true,
  "recursion_depth": 4,
  "share_weights": true,
  "share_strategy": "cycle",
  "n_unique_blocks": null,
  "step_cache": false,
  "adaptive_depth": false,
  "marker_ffn": false,
  "recursion_mode": "expert",
  "router_capacity": null,
  "router_alpha": 1.0,
  "router_temp": 1.0,
  "router_type": "linear",
  "router_z_coeff": 0.001,
  "router_balance_coeff": 0.1,
  "gene_interaction": "none",
  "interaction_knn": 16,
  "router_prior_beta": 1.0,
  "router_prior_anneal": true,
  "pathway_attn_bias": false,
  "pathway_attn_lambda": 2.0,
  "lambda_marker": 0.1,
  "gamma_diversity": 0.05,
  "beta_compression": 0.01,
  "lr": 0.001,
  "weight_decay": 1e-05,
  "epochs": 80,
  "patience": 12,
  "seed": 0,
  "device": "cuda"
 },
 "heads": {
  "cell_type": {
   "accuracy": 0.852975495915986,
   "macro_f1": 0.6034069379510221,
   "weighted_f1": 0.8637025083331478,
   "per_class": {
    "0": {
     "precision": 0.9507575757575758,
     "recall": 0.8745644599303136,
     "f1-score": 0.911070780399274,
     "support": 287.0
    },
    "1": {
     "precision": 0.7978723404255319,
     "recall": 0.8823529411764706,
     "f1-score": 0.8379888268156425,
     "support": 85.0
    },
    "2": {
     "precision": 0.9811866859623734,
     "recall": 0.9713467048710601,
     "f1-score": 0.9762419006479481,
     "support": 698.0
    },
    "3": {
     "precision": 0.9496062992125984,
     "recall": 0.7955145118733509,
     "f1-score": 0.8657573582196698,
     "support": 758.0
    },
    "4": {
     "precision": 0.5111111111111111,
     "recall": 0.7666666666666667,
     "f1-score": 0.6133333333333333,
     "support": 180.0
    },
    "5": {
     "precision": 0.9263157894736842,
     "recall": 0.8173374613003096,
     "f1-score": 0.868421052631579,
     "support": 323.0
    },
    "6": {
     "precision": 0.8072289156626506,
     "recall": 0.881578947368421,
     "f1-score": 0.8427672955974843,
     "support": 76.0
    },
    "7": {
     "precision": 0.2,
     "recall": 0.2,
     "f1-score": 0.2,
     "support": 5.0
    },
    "8": {
     "precision": 0.5462184873949579,
     "recall": 0.8441558441558441,
     "f1-score": 0.6632653061224489,
     "support": 77.0
    },
    "9": {
     "precision": 0.2631578947368421,
     "recall": 0.5882352941176471,
     "f1-score": 0.36363636363636365,
     "support": 17.0
    },
    "10": {
     "precision": 0.375,
     "recall": 0.8571428571428571,
     "f1-score": 0.5217391304347826,
     "support": 7.0
    },
    "11": {
     "precision": 0.6071428571428571,
     "recall": 0.6538461538461539,
     "f1-score": 0.6296296296296297,
     "support": 52.0
    },
    "12": {
     "precision": 0.1111111111111111,
     "recall": 0.25,
     "f1-score": 0.15384615384615385,
     "support": 4.0
    },
    "13": {
     "precision": 0.0,
     "recall": 0.0,
     "f1-score": 0.0,
     "support": 2.0
    },
    "accuracy": 0.852975495915986,
    "macro avg": {
     "precision": 0.5733363619993781,
     "recall": 0.6701958458892211,
     "f1-score": 0.6034069379510221,
     "support": 2571.0
    },
    "weighted avg": {
     "precision": 0.8868452870982703,
     "recall": 0.852975495915986,
     "f1-score": 0.8637025083331478,
     "support": 2571.0
    }
   }
  }
 }
}