{
 "dataset": "common_class",
 "n_samples": 27499,
 "n_features": 1089,
 "n_classes": 19,
 "n_train": 16361,
 "n_test": 8250,
 "transformer_params": 19152,
 "total_params": 84375,
 "config": {
  "heads": [
   "cell_type"
  ],
  "cohorts": null,
  "n_hvg": null,
  "n_channels": 1,
  "batch_size": 128,
  "val_frac": 0.15,
  "test_frac": 0.15,
  "d_model": 48,
  "n_heads": 4,
  "d_ff": 96,
  "dropout": 0.1,
  "n_markers": 128,
  "marker_mode": "router",
  "pathway_pool": "mean",
  "compress_mode": "aggregate",
  "recursive_marker_refine": true,
  "peak_init": true,
  "anneal_markers": true,
  "recursion_depth": 4,
  "share_weights": true,
  "share_strategy": "cycle",
  "n_unique_blocks": null,
  "step_cache": false,
  "adaptive_depth": false,
  "marker_ffn": false,
  "recursion_mode": "expert",
  "router_capacity": null,
  "router_alpha": 1.0,
  "router_temp": 1.0,
  "router_type": "linear",
  "router_z_coeff": 0.001,
  "router_balance_coeff": 0.1,
  "gene_interaction": "none",
  "interaction_knn": 16,
  "router_prior_beta": 1.0,
  "router_prior_anneal": true,
  "pathway_attn_bias": false,
  "pathway_attn_lambda": 2.0,
  "lambda_marker": 0.1,
  "gamma_diversity": 0.05,
  "beta_compression": 0.01,
  "lr": 0.001,
  "weight_decay": 1e-05,
  "epochs": 80,
  "patience": 12,
  "seed": 0,
  "device": "cuda"
 },
 "heads": {
  "cell_type": {
   "accuracy": 0.8684848484848485,
   "macro_f1": 0.7372112590007257,
   "weighted_f1": 0.8695347739414969,
   "per_class": {
    "0": {
     "precision": 0.7625,
     "recall": 0.8026315789473685,
     "f1-score": 0.782051282051282,
     "support": 76.0
    },
    "1": {
     "precision": 0.689419795221843,
     "recall": 0.617737003058104,
     "f1-score": 0.6516129032258065,
     "support": 327.0
    },
    "2": {
     "precision": 0.75,
     "recall": 0.7689075630252101,
     "f1-score": 0.7593360995850622,
     "support": 238.0
    },
    "3": {
     "precision": 0.8034682080924855,
     "recall": 0.8323353293413174,
     "f1-score": 0.8176470588235294,
     "support": 167.0
    },
    "4": {
     "precision": 0.7272727272727273,
     "recall": 0.8,
     "f1-score": 0.7619047619047619,
     "support": 160.0
    },
    "5": {
     "precision": 0.5492227979274611,
     "recall": 0.4326530612244898,
     "f1-score": 0.4840182648401826,
     "support": 245.0
    },
    "6": {
     "precision": 0.43636363636363634,
     "recall": 0.6050420168067226,
     "f1-score": 0.5070422535211268,
     "support": 119.0
    },
    "7": {
     "precision": 0.8855799373040752,
     "recall": 0.842026825633383,
     "f1-score": 0.8632543926661573,
     "support": 671.0
    },
    "8": {
     "precision": 0.6820809248554913,
     "recall": 0.8194444444444444,
     "f1-score": 0.7444794952681388,
     "support": 144.0
    },
    "9": {
     "precision": 0.7574468085106383,
     "recall": 0.8640776699029126,
     "f1-score": 0.8072562358276644,
     "support": 412.0
    },
    "10": {
     "precision": 0.6181818181818182,
     "recall": 0.8192771084337349,
     "f1-score": 0.7046632124352331,
     "support": 166.0
    },
    "11": {
     "precision": 0.8984375,
     "recall": 0.9001956947162426,
     "f1-score": 0.8993157380254154,
     "support": 511.0
    },
    "12": {
     "precision": 0.8927875243664717,
     "recall": 0.8674242424242424,
     "f1-score": 0.8799231508165226,
     "support": 528.0
    },
    "13": {
     "precision": 0.6637168141592921,
     "recall": 0.7978723404255319,
     "f1-score": 0.7246376811594203,
     "support": 94.0
    },
    "14": {
     "precision": 0.34615384615384615,
     "recall": 0.6428571428571429,
     "f1-score": 0.45,
     "support": 14.0
    },
    "15": {
     "precision": 0.4971751412429379,
     "recall": 0.43781094527363185,
     "f1-score": 0.4656084656084656,
     "support": 201.0
    },
    "16": {
     "precision": 0.9829351535836177,
     "recall": 0.9773755656108597,
     "f1-score": 0.9801474758933636,
     "support": 884.0
    },
    "17": {
     "precision": 0.9845474613686535,
     "recall": 0.9559093692590325,
     "f1-score": 0.970017088705919,
     "support": 3266.0
    },
    "18": {
     "precision": 0.6764705882352942,
     "recall": 0.8518518518518519,
     "f1-score": 0.7540983606557377,
     "support": 27.0
    },
    "accuracy": 0.8684848484848485,
    "macro avg": {
     "precision": 0.7159874043600152,
     "recall": 0.770285776486117,
     "f1-score": 0.7372112590007257,
     "support": 8250.0
    },
    "weighted avg": {
     "precision": 0.8735057600023834,
     "recall": 0.8684848484848485,
     "f1-score": 0.8695347739414969,
     "support": 8250.0
    }
   }
  }
 }
}