{
 "dataset": "prototype",
 "n_samples": 90579,
 "n_features": 752,
 "n_classes": 10,
 "n_train": 53894,
 "n_test": 27174,
 "transformer_params": 19152,
 "total_params": 67317,
 "config": {
  "heads": [
   "cell_type"
  ],
  "cohorts": null,
  "n_hvg": null,
  "n_channels": 1,
  "batch_size": 128,
  "val_frac": 0.15,
  "test_frac": 0.15,
  "d_model": 48,
  "n_heads": 4,
  "d_ff": 96,
  "dropout": 0.1,
  "n_markers": 128,
  "marker_mode": "router",
  "pathway_pool": "mean",
  "compress_mode": "aggregate",
  "recursive_marker_refine": true,
  "peak_init": true,
  "anneal_markers": true,
  "recursion_depth": 4,
  "share_weights": true,
  "share_strategy": "cycle",
  "n_unique_blocks": null,
  "step_cache": false,
  "adaptive_depth": false,
  "marker_ffn": false,
  "recursion_mode": "expert",
  "router_capacity": null,
  "router_alpha": 1.0,
  "router_temp": 1.0,
  "router_type": "linear",
  "router_z_coeff": 0.001,
  "router_balance_coeff": 0.1,
  "gene_interaction": "none",
  "interaction_knn": 16,
  "router_prior_beta": 1.0,
  "router_prior_anneal": true,
  "pathway_attn_bias": false,
  "pathway_attn_lambda": 2.0,
  "lambda_marker": 0.1,
  "gamma_diversity": 0.05,
  "beta_compression": 0.01,
  "lr": 0.001,
  "weight_decay": 1e-05,
  "epochs": 80,
  "patience": 12,
  "seed": 0,
  "device": "cuda"
 },
 "heads": {
  "cell_type": {
   "accuracy": 0.9352322072569368,
   "macro_f1": 0.930969767403818,
   "weighted_f1": 0.9354835124112014,
   "per_class": {
    "0": {
     "precision": 0.9552752293577982,
     "recall": 0.969732246798603,
     "f1-score": 0.9624494511842865,
     "support": 859.0
    },
    "1": {
     "precision": 0.9484638255698712,
     "recall": 0.9428571428571428,
     "f1-score": 0.9456521739130435,
     "support": 1015.0
    },
    "2": {
     "precision": 0.9298892988929889,
     "recall": 0.9394221808014911,
     "f1-score": 0.9346314325452016,
     "support": 2146.0
    },
    "3": {
     "precision": 0.9380426203630624,
     "recall": 0.9376725838264299,
     "f1-score": 0.9378575655947918,
     "support": 2535.0
    },
    "4": {
     "precision": 0.8586651710600112,
     "recall": 0.9005882352941177,
     "f1-score": 0.8791271892047086,
     "support": 1700.0
    },
    "5": {
     "precision": 0.8877980364656382,
     "recall": 0.890295358649789,
     "f1-score": 0.8890449438202247,
     "support": 2133.0
    },
    "6": {
     "precision": 0.8689821182943603,
     "recall": 0.9369670003707824,
     "f1-score": 0.9016949152542373,
     "support": 2697.0
    },
    "7": {
     "precision": 0.9623574144486692,
     "recall": 0.9102679374213271,
     "f1-score": 0.9355882081138527,
     "support": 5561.0
    },
    "8": {
     "precision": 0.9363157894736842,
     "recall": 0.9385386441572144,
     "f1-score": 0.9374258990910288,
     "support": 3791.0
    },
    "9": {
     "precision": 0.9900021272069772,
     "recall": 0.9824783618323834,
     "f1-score": 0.9862258953168044,
     "support": 4737.0
    },
    "accuracy": 0.9352322072569368,
    "macro avg": {
     "precision": 0.927579163113306,
     "recall": 0.934881969200928,
     "f1-score": 0.930969767403818,
     "support": 27174.0
    },
    "weighted avg": {
     "precision": 0.9363613849585206,
     "recall": 0.9352322072569368,
     "f1-score": 0.9354835124112014,
     "support": 27174.0
    }
   }
  }
 }
}