{
 "dataset": "spleen",
 "n_samples": 94129,
 "n_features": 1089,
 "n_classes": 28,
 "n_train": 56006,
 "n_test": 28239,
 "transformer_params": 19152,
 "total_params": 85257,
 "config": {
  "heads": [
   "cell_type"
  ],
  "cohorts": null,
  "n_hvg": null,
  "n_channels": 1,
  "batch_size": 128,
  "val_frac": 0.15,
  "test_frac": 0.15,
  "d_model": 48,
  "n_heads": 4,
  "d_ff": 96,
  "dropout": 0.1,
  "n_markers": 128,
  "marker_mode": "router",
  "pathway_pool": "mean",
  "compress_mode": "aggregate",
  "recursive_marker_refine": true,
  "peak_init": true,
  "anneal_markers": true,
  "recursion_depth": 4,
  "share_weights": true,
  "share_strategy": "cycle",
  "n_unique_blocks": null,
  "step_cache": false,
  "adaptive_depth": false,
  "marker_ffn": false,
  "recursion_mode": "expert",
  "router_capacity": null,
  "router_alpha": 1.0,
  "router_temp": 1.0,
  "router_type": "linear",
  "router_z_coeff": 0.001,
  "router_balance_coeff": 0.1,
  "gene_interaction": "none",
  "interaction_knn": 16,
  "router_prior_beta": 1.0,
  "router_prior_anneal": true,
  "pathway_attn_bias": false,
  "pathway_attn_lambda": 2.0,
  "lambda_marker": 0.1,
  "gamma_diversity": 0.05,
  "beta_compression": 0.01,
  "lr": 0.001,
  "weight_decay": 1e-05,
  "epochs": 80,
  "patience": 12,
  "seed": 0,
  "device": "cuda"
 },
 "heads": {
  "cell_type": {
   "accuracy": 0.5383689224122667,
   "macro_f1": 0.48404233683340064,
   "weighted_f1": 0.5444520194843181,
   "per_class": {
    "0": {
     "precision": 0.5138888888888888,
     "recall": 0.8473282442748091,
     "f1-score": 0.6397694524495677,
     "support": 131.0
    },
    "1": {
     "precision": 0.3580705009276438,
     "recall": 0.5830815709969789,
     "f1-score": 0.4436781609195402,
     "support": 662.0
    },
    "2": {
     "precision": 0.732824427480916,
     "recall": 0.4519033974621367,
     "f1-score": 0.5590581086213445,
     "support": 4886.0
    },
    "3": {
     "precision": 0.6496114939158482,
     "recall": 0.7978033849477854,
     "f1-score": 0.7161212121212122,
     "support": 5554.0
    },
    "4": {
     "precision": 0.5645161290322581,
     "recall": 0.7142857142857143,
     "f1-score": 0.6306306306306306,
     "support": 49.0
    },
    "5": {
     "precision": 0.5779816513761468,
     "recall": 0.875,
     "f1-score": 0.6961325966850829,
     "support": 72.0
    },
    "6": {
     "precision": 0.8186157517899761,
     "recall": 0.8032786885245902,
     "f1-score": 0.8108747044917257,
     "support": 427.0
    },
    "7": {
     "precision": 0.75,
     "recall": 0.2727272727272727,
     "f1-score": 0.4,
     "support": 11.0
    },
    "8": {
     "precision": 0.5339805825242718,
     "recall": 0.7142857142857143,
     "f1-score": 0.6111111111111112,
     "support": 77.0
    },
    "9": {
     "precision": 0.09393063583815028,
     "recall": 0.38235294117647056,
     "f1-score": 0.15081206496519722,
     "support": 170.0
    },
    "10": {
     "precision": 0.21653543307086615,
     "recall": 0.5305466237942122,
     "f1-score": 0.30754892823858343,
     "support": 311.0
    },
    "11": {
     "precision": 0.9439696106362773,
     "recall": 0.8546861564918314,
     "f1-score": 0.8971119133574007,
     "support": 1163.0
    },
    "12": {
     "precision": 0.5614482406935237,
     "recall": 0.5734375,
     "f1-score": 0.5673795413553208,
     "support": 1920.0
    },
    "13": {
     "precision": 0.6552835051546392,
     "recall": 0.4546267322306661,
     "f1-score": 0.5368171021377672,
     "support": 2237.0
    },
    "14": {
     "precision": 0.46511627906976744,
     "recall": 0.5555555555555556,
     "f1-score": 0.5063291139240507,
     "support": 180.0
    },
    "15": {
     "precision": 0.3697068403908795,
     "recall": 0.4203703703703704,
     "f1-score": 0.3934142114384749,
     "support": 540.0
    },
    "16": {
     "precision": 0.5660881174899867,
     "recall": 0.5683646112600537,
     "f1-score": 0.5672240802675586,
     "support": 746.0
    },
    "17": {
     "precision": 0.7006369426751592,
     "recall": 0.6273764258555133,
     "f1-score": 0.6619859578736209,
     "support": 526.0
    },
    "18": {
     "precision": 0.2413793103448276,
     "recall": 0.2916666666666667,
     "f1-score": 0.2641509433962264,
     "support": 24.0
    },
    "19": {
     "precision": 0.6522187822497421,
     "recall": 0.3802647412755716,
     "f1-score": 0.48042569365260357,
     "support": 3324.0
    },
    "20": {
     "precision": 0.24470018170805571,
     "recall": 0.4920828258221681,
     "f1-score": 0.3268608414239482,
     "support": 821.0
    },
    "21": {
     "precision": 0.3016260162601626,
     "recall": 0.38366080661840746,
     "f1-score": 0.33773327264451525,
     "support": 967.0
    },
    "22": {
     "precision": 0.19375,
     "recall": 0.3069306930693069,
     "f1-score": 0.23754789272030652,
     "support": 303.0
    },
    "23": {
     "precision": 0.19715808170515098,
     "recall": 0.3557692307692308,
     "f1-score": 0.2537142857142857,
     "support": 312.0
    },
    "24": {
     "precision": 0.36899563318777295,
     "recall": 0.45614035087719296,
     "f1-score": 0.407966203983102,
     "support": 741.0
    },
    "25": {
     "precision": 0.5401869158878505,
     "recall": 0.19228210246174318,
     "f1-score": 0.28361138370951916,
     "support": 1503.0
    },
    "26": {
     "precision": 0.23542600896860988,
     "recall": 0.43209876543209874,
     "f1-score": 0.3047895500725689,
     "support": 486.0
    },
    "27": {
     "precision": 0.5225225225225225,
     "recall": 0.6041666666666666,
     "f1-score": 0.5603864734299517,
     "support": 96.0
    },
    "accuracy": 0.5383689224122667,
    "macro avg": {
     "precision": 0.4846488744210676,
     "recall": 0.5329312054963831,
     "f1-score": 0.48404233683340064,
     "support": 28239.0
    },
    "weighted avg": {
     "precision": 0.5948063855311585,
     "recall": 0.5383689224122667,
     "f1-score": 0.5444520194843181,
     "support": 28239.0
    }
   }
  }
 }
}