{
 "dataset": "tabula_muris",
 "n_samples": 54865,
 "n_features": 1089,
 "n_classes": 55,
 "n_train": 32645,
 "n_test": 16458,
 "transformer_params": 19152,
 "total_params": 87903,
 "config": {
  "heads": [
   "cell_type"
  ],
  "cohorts": null,
  "n_hvg": null,
  "n_channels": 1,
  "batch_size": 128,
  "val_frac": 0.15,
  "test_frac": 0.15,
  "d_model": 48,
  "n_heads": 4,
  "d_ff": 96,
  "dropout": 0.1,
  "n_markers": 128,
  "marker_mode": "router",
  "pathway_pool": "mean",
  "compress_mode": "aggregate",
  "recursive_marker_refine": true,
  "peak_init": true,
  "anneal_markers": true,
  "recursion_depth": 4,
  "share_weights": true,
  "share_strategy": "cycle",
  "n_unique_blocks": null,
  "step_cache": false,
  "adaptive_depth": false,
  "marker_ffn": false,
  "recursion_mode": "expert",
  "router_capacity": null,
  "router_alpha": 1.0,
  "router_temp": 1.0,
  "router_type": "linear",
  "router_z_coeff": 0.001,
  "router_balance_coeff": 0.1,
  "gene_interaction": "none",
  "interaction_knn": 16,
  "router_prior_beta": 1.0,
  "router_prior_anneal": true,
  "pathway_attn_bias": false,
  "pathway_attn_lambda": 2.0,
  "lambda_marker": 0.1,
  "gamma_diversity": 0.05,
  "beta_compression": 0.01,
  "lr": 0.001,
  "weight_decay": 1e-05,
  "epochs": 80,
  "patience": 12,
  "seed": 0,
  "device": "cuda"
 },
 "heads": {
  "cell_type": {
   "accuracy": 0.7942641876291165,
   "macro_f1": 0.6934567441070103,
   "weighted_f1": 0.7989343840757036,
   "per_class": {
    "0": {
     "precision": 0.9615216440752077,
     "recall": 0.8838424437299035,
     "f1-score": 0.9210471204188482,
     "support": 2488.0
    },
    "1": {
     "precision": 0.16326530612244897,
     "recall": 0.6153846153846154,
     "f1-score": 0.25806451612903225,
     "support": 13.0
    },
    "2": {
     "precision": 0.5909090909090909,
     "recall": 0.65,
     "f1-score": 0.6190476190476191,
     "support": 20.0
    },
    "3": {
     "precision": 0.3888888888888889,
     "recall": 0.6363636363636364,
     "f1-score": 0.4827586206896552,
     "support": 11.0
    },
    "4": {
     "precision": 0.9261682242990654,
     "recall": 0.7490551776266062,
     "f1-score": 0.8282490597576264,
     "support": 1323.0
    },
    "5": {
     "precision": 0.9423076923076923,
     "recall": 0.9423076923076923,
     "f1-score": 0.9423076923076923,
     "support": 104.0
    },
    "6": {
     "precision": 0.8769230769230769,
     "recall": 0.9661016949152542,
     "f1-score": 0.9193548387096774,
     "support": 118.0
    },
    "7": {
     "precision": 0.9379194630872483,
     "recall": 0.8425018839487566,
     "f1-score": 0.8876538308852719,
     "support": 1327.0
    },
    "8": {
     "precision": 0.64,
     "recall": 0.8888888888888888,
     "f1-score": 0.7441860465116279,
     "support": 18.0
    },
    "9": {
     "precision": 0.8567839195979899,
     "recall": 0.9445983379501385,
     "f1-score": 0.8985507246376812,
     "support": 361.0
    },
    "10": {
     "precision": 0.9857549857549858,
     "recall": 0.9885714285714285,
     "f1-score": 0.9871611982881597,
     "support": 350.0
    },
    "11": {
     "precision": 0.49714285714285716,
     "recall": 0.7631578947368421,
     "f1-score": 0.6020761245674741,
     "support": 342.0
    },
    "12": {
     "precision": 1.0,
     "recall": 1.0,
     "f1-score": 1.0,
     "support": 18.0
    },
    "13": {
     "precision": 0.7777777777777778,
     "recall": 0.9333333333333333,
     "f1-score": 0.8484848484848485,
     "support": 15.0
    },
    "14": {
     "precision": 0.4528301886792453,
     "recall": 0.5,
     "f1-score": 0.4752475247524752,
     "support": 48.0
    },
    "15": {
     "precision": 0.5,
     "recall": 0.8461538461538461,
     "f1-score": 0.6285714285714286,
     "support": 13.0
    },
    "16": {
     "precision": 0.6363636363636364,
     "recall": 0.875,
     "f1-score": 0.7368421052631579,
     "support": 8.0
    },
    "17": {
     "precision": 0.5757575757575758,
     "recall": 1.0,
     "f1-score": 0.7307692307692307,
     "support": 19.0
    },
    "18": {
     "precision": 0.39473684210526316,
     "recall": 0.7894736842105263,
     "f1-score": 0.5263157894736842,
     "support": 19.0
    },
    "19": {
     "precision": 0.8947368421052632,
     "recall": 0.6576787807737398,
     "f1-score": 0.7581081081081081,
     "support": 853.0
    },
    "20": {
     "precision": 0.35714285714285715,
     "recall": 0.625,
     "f1-score": 0.45454545454545453,
     "support": 8.0
    },
    "21": {
     "precision": 0.7467532467532467,
     "recall": 0.8812260536398467,
     "f1-score": 0.8084358523725835,
     "support": 261.0
    },
    "22": {
     "precision": 0.8181818181818182,
     "recall": 0.9782608695652174,
     "f1-score": 0.8910891089108911,
     "support": 46.0
    },
    "23": {
     "precision": 0.49056603773584906,
     "recall": 0.7647058823529411,
     "f1-score": 0.5977011494252874,
     "support": 68.0
    },
    "24": {
     "precision": 0.95260663507109,
     "recall": 0.9220183486238532,
     "f1-score": 0.9370629370629371,
     "support": 218.0
    },
    "25": {
     "precision": 0.8244274809160306,
     "recall": 0.9557522123893806,
     "f1-score": 0.8852459016393442,
     "support": 113.0
    },
    "26": {
     "precision": 0.8198198198198198,
     "recall": 0.7711864406779662,
     "f1-score": 0.7947598253275109,
     "support": 118.0
    },
    "27": {
     "precision": 0.9924953095684803,
     "recall": 1.0,
     "f1-score": 0.9962335216572504,
     "support": 529.0
    },
    "28": {
     "precision": 0.1091703056768559,
     "recall": 0.7352941176470589,
     "f1-score": 0.19011406844106463,
     "support": 34.0
    },
    "29": {
     "precision": 0.6488970588235294,
     "recall": 0.8694581280788177,
     "f1-score": 0.7431578947368421,
     "support": 406.0
    },
    "30": {
     "precision": 0.8239366963402571,
     "recall": 0.9024918743228603,
     "f1-score": 0.8614270941054809,
     "support": 923.0
    },
    "31": {
     "precision": 0.467005076142132,
     "recall": 0.7796610169491526,
     "f1-score": 0.5841269841269842,
     "support": 118.0
    },
    "32": {
     "precision": 0.13333333333333333,
     "recall": 0.14285714285714285,
     "f1-score": 0.13793103448275862,
     "support": 14.0
    },
    "33": {
     "precision": 0.6589147286821705,
     "recall": 0.6390977443609023,
     "f1-score": 0.648854961832061,
     "support": 133.0
    },
    "34": {
     "precision": 0.7837837837837838,
     "recall": 0.8226950354609929,
     "f1-score": 0.8027681660899654,
     "support": 141.0
    },
    "35": {
     "precision": 0.9916434540389972,
     "recall": 0.9916434540389972,
     "f1-score": 0.9916434540389972,
     "support": 359.0
    },
    "36": {
     "precision": 0.7264150943396226,
     "recall": 0.9746835443037974,
     "f1-score": 0.8324324324324325,
     "support": 79.0
    },
    "37": {
     "precision": 0.5569620253164557,
     "recall": 0.4536082474226804,
     "f1-score": 0.5,
     "support": 97.0
    },
    "38": {
     "precision": 0.7950310559006211,
     "recall": 0.927536231884058,
     "f1-score": 0.8561872909698997,
     "support": 138.0
    },
    "39": {
     "precision": 0.7891156462585034,
     "recall": 0.8345323741007195,
     "f1-score": 0.8111888111888111,
     "support": 139.0
    },
    "40": {
     "precision": 0.4276729559748428,
     "recall": 0.1717171717171717,
     "f1-score": 0.24504504504504504,
     "support": 396.0
    },
    "41": {
     "precision": 0.4117647058823529,
     "recall": 1.0,
     "f1-score": 0.5833333333333334,
     "support": 7.0
    },
    "42": {
     "precision": 0.4482758620689655,
     "recall": 0.8666666666666667,
     "f1-score": 0.5909090909090909,
     "support": 15.0
    },
    "43": {
     "precision": 0.9633856395625298,
     "recall": 0.8606627017841971,
     "f1-score": 0.9091317029391968,
     "support": 2354.0
    },
    "44": {
     "precision": 0.30637813211845105,
     "recall": 0.7888563049853372,