{
 "family": "pnet",
 "cohort": "blca",
 "task": "response",
 "mode": "none",
 "K": 4,
 "n_features": 3000,
 "n_classes": 2,
 "n_samples": 404,
 "n_folds": 5,
 "seed": 42,
 "val_frac": 0.1,
 "cv_macro_f1": {
  "mean": 44.32583534118437,
  "std": 3.9656752986916075,
  "folds": [
   38.229442970822284,
   43.75,
   47.65478424015009,
   42.5,
   49.494949494949495
  ]
 },
 "cv_accuracy": {
  "mean": 50.24691358024692,
  "std": 6.913580246913581,
  "folds": [
   43.20987654320987,
   53.086419753086425,
   61.72839506172839,
   43.20987654320987,
   50.0
  ]
 }
}