{
 "family": "pnet",
 "cohort": "prostate",
 "task": "response",
 "mode": "learned",
 "K": 4,
 "n_features": 3000,
 "n_classes": 2,
 "n_samples": 1011,
 "n_folds": 5,
 "seed": 42,
 "val_frac": 0.1,
 "cv_macro_f1": {
  "mean": 64.62422183912089,
  "std": 1.2290704268859443,
  "folds": [
   64.91531282405806,
   65.45133704357269,
   65.71071205217547,
   62.26222826086957,
   64.78151901492863
  ]
 },
 "cv_accuracy": {
  "mean": 68.84358386577574,
  "std": 1.546603628303356,
  "folds": [
   67.98029556650246,
   68.8118811881188,
   71.78217821782178,
   67.32673267326733,
   68.31683168316832
  ]
 },
 "cv_pos_f1": {
  "mean": 53.89290008087962,
  "std": 7.92520551299569,
  "folds": [
   62.5,
   55.294117647058826,
   62.22222222222222,
   44.230769230769226,
   45.21739130434783
  ]
 }
}