{
 "task": "panmeta_response",
 "arm": "expert_k2",
 "pos_class": 1,
 "n_folds": 10,
 "pos_f1": [
  0.8806884039563224,
  0.047729563547075256
 ],
 "pos_precision": [
  0.8858065302769061,
  0.05544659099164973
 ],
 "pos_recall": [
  0.880745814307458,
  0.07419051170119048
 ],
 "maj_f1": [
  0.9948032018619472,
  0.0020029111566113346
 ],
 "macro_f1": [
  0.9377458029091347,
  0.024849241393311697
 ],
 "accuracy": [
  0.9900418875003982,
  0.0038406155322749384
 ]
}