{
 "task": "blca",
 "arm": "token_k2",
 "pos_class": 1,
 "n_folds": 10,
 "pos_f1": [
  0.7827006688476852,
  0.03928980231210403
 ],
 "pos_precision": [
  0.6691704771548764,
  0.01566365904247455
 ],
 "pos_recall": [
  0.9450168350168349,
  0.07999535889903482
 ],
 "maj_f1": [
  0.7827006688476852,
  0.03928980231210403
 ],
 "macro_f1": [
  0.4156393555878638,
  0.01882034457352306
 ],
 "accuracy": [
  0.6484876543209876,
  0.04716195823788045
 ]
}