{
 "dataset": "Baron",
 "mode": "learned",
 "K": 4,
 "seed": 0,
 "n_markers": 128,
 "test_macro_f1": 77.08799691647485,
 "test_accuracy": 94.28238039673279,
 "val_macro_f1": 79.28202910691391,
 "n_features": 2000,
 "n_classes": 13,
 "n_samples": 8569,
 "learned_lambda": 0.2715007960796356,
 "bio_anchor_have": false
}