{
 "dataset": "Baron",
 "mode": "learned",
 "K": 4,
 "seed": 1,
 "n_markers": 128,
 "test_macro_f1": 84.83094142828377,
 "test_accuracy": 96.11046285492026,
 "val_macro_f1": 85.99189988354036,
 "n_features": 2000,
 "n_classes": 13,
 "n_samples": 8569,
 "learned_lambda": 0.2682736814022064,
 "bio_anchor_have": false
}