{
 "dataset": "Baron",
 "mode": "learned",
 "K": 4,
 "seed": 2,
 "n_markers": 128,
 "test_macro_f1": 81.42578490004912,
 "test_accuracy": 95.91598599766627,
 "val_macro_f1": 80.8899329267365,
 "n_features": 2000,
 "n_classes": 13,
 "n_samples": 8569,
 "learned_lambda": 0.29228243231773376,
 "bio_anchor_have": false
}