{
 "dataset": "prototype",
 "n_samples": 90579,
 "n_features": 752,
 "n_classes": 10,
 "n_train": 53894,
 "n_test": 27174,
 "transformer_params": 75168,
 "total_params": 169941,
 "config": {
  "heads": [
   "cell_type"
  ],
  "cohorts": null,
  "n_hvg": null,
  "n_channels": 1,
  "batch_size": 128,
  "val_frac": 0.15,
  "test_frac": 0.15,
  "d_model": 96,
  "n_heads": 4,
  "d_ff": 192,
  "dropout": 0.1,
  "n_markers": 16,
  "marker_mode": "router",
  "pathway_pool": "mean",
  "compress_mode": "aggregate",
  "recursive_marker_refine": true,
  "peak_init": true,
  "anneal_markers": true,
  "recursion_depth": 4,
  "share_weights": true,
  "share_strategy": "cycle",
  "n_unique_blocks": null,
  "step_cache": false,
  "adaptive_depth": false,
  "marker_ffn": false,
  "recursion_mode": "expert",
  "router_capacity": null,
  "router_alpha": 1.0,
  "router_temp": 1.0,
  "router_type": "linear",
  "router_z_coeff": 0.001,
  "router_balance_coeff": 0.1,
  "gene_interaction": "none",
  "interaction_knn": 16,
  "router_prior_beta": 1.0,
  "router_prior_anneal": true,
  "pathway_attn_bias": false,
  "pathway_attn_lambda": 2.0,
  "lambda_marker": 0.1,
  "gamma_diversity": 0.05,
  "beta_compression": 0.01,
  "lr": 0.001,
  "weight_decay": 1e-05,
  "epochs": 80,
  "patience": 12,
  "seed": 0,
  "device": "cuda"
 },
 "heads": {
  "cell_type": {
   "accuracy": 0.6115404430705822,
   "macro_f1": 0.6171990809827419,
   "weighted_f1": 0.6120443371253389,
   "per_class": {
    "0": {
     "precision": 0.8280182232346242,
     "recall": 0.8463329452852154,
     "f1-score": 0.8370754173862982,
     "support": 859.0
    },
    "1": {
     "precision": 0.6341263330598852,
     "recall": 0.761576354679803,
     "f1-score": 0.6920322291853178,
     "support": 1015.0
    },
    "2": {
     "precision": 0.6797953964194373,
     "recall": 0.619291705498602,
     "f1-score": 0.648134601316752,
     "support": 2146.0
    },
    "3": {
     "precision": 0.6063398451898268,
     "recall": 0.6489151873767258,
     "f1-score": 0.6269054878048781,
     "support": 2535.0
    },
    "4": {
     "precision": 0.39483933787731257,
     "recall": 0.47705882352941176,
     "f1-score": 0.4320724560468833,
     "support": 1700.0
    },
    "5": {
     "precision": 0.5030425963488844,
     "recall": 0.46507266760431315,
     "f1-score": 0.4833130328867235,
     "support": 2133.0
    },
    "6": {
     "precision": 0.5168110918544194,
     "recall": 0.5528364849833148,
     "f1-score": 0.5342171264779649,
     "support": 2697.0
    },
    "7": {
     "precision": 0.6159018987341772,
     "recall": 0.5599712281963676,
     "f1-score": 0.5866063859847415,
     "support": 5561.0
    },
    "8": {
     "precision": 0.5831539289558665,
     "recall": 0.5716169876022158,
     "f1-score": 0.5773278273611296,
     "support": 3791.0
    },
    "9": {
     "precision": 0.7551840880236987,
     "recall": 0.7534304412075153,
     "f1-score": 0.7543062453767304,
     "support": 4737.0
    },
    "accuracy": 0.6115404430705822,
    "macro avg": {
     "precision": 0.6117212739698131,
     "recall": 0.6256102825963484,
     "f1-score": 0.6171990809827419,
     "support": 27174.0
    },
    "weighted avg": {
     "precision": 0.61462974113941,
     "recall": 0.6115404430705822,
     "f1-score": 0.6120443371253389,
     "support": 27174.0
    }
   }
  }
 }
}