{
 "dataset": "segerstolpe",
 "n_samples": 2122,
 "n_features": 1936,
 "n_classes": 10,
 "n_train": 1262,
 "n_test": 637,
 "transformer_params": 75168,
 "total_params": 283605,
 "config": {
  "heads": [
   "cell_type"
  ],
  "cohorts": null,
  "n_hvg": null,
  "n_channels": 1,
  "batch_size": 128,
  "val_frac": 0.15,
  "test_frac": 0.15,
  "d_model": 96,
  "n_heads": 4,
  "d_ff": 192,
  "dropout": 0.1,
  "n_markers": 16,
  "marker_mode": "router",
  "pathway_pool": "mean",
  "compress_mode": "aggregate",
  "recursive_marker_refine": true,
  "peak_init": true,
  "anneal_markers": true,
  "recursion_depth": 4,
  "share_weights": true,
  "share_strategy": "cycle",
  "n_unique_blocks": null,
  "step_cache": false,
  "adaptive_depth": false,
  "marker_ffn": false,
  "recursion_mode": "expert",
  "router_capacity": null,
  "router_alpha": 1.0,
  "router_temp": 1.0,
  "router_type": "linear",
  "router_z_coeff": 0.001,
  "router_balance_coeff": 0.1,
  "gene_interaction": "none",
  "interaction_knn": 16,
  "router_prior_beta": 1.0,
  "router_prior_anneal": true,
  "pathway_attn_bias": false,
  "pathway_attn_lambda": 2.0,
  "lambda_marker": 0.1,
  "gamma_diversity": 0.05,
  "beta_compression": 0.01,
  "lr": 0.001,
  "weight_decay": 1e-05,
  "epochs": 80,
  "patience": 12,
  "seed": 0,
  "device": "cuda"
 },
 "heads": {
  "cell_type": {
   "accuracy": 0.10361067503924647,
   "macro_f1": 0.0742505892830727,
   "weighted_f1": 0.12948673545580325,
   "per_class": {
    "0": {
     "precision": 0.01910828025477707,
     "recall": 0.1875,
     "f1-score": 0.03468208092485549,
     "support": 16.0
    },
    "1": {
     "precision": 0.21739130434782608,
     "recall": 0.08928571428571429,
     "f1-score": 0.12658227848101267,
     "support": 56.0
    },
    "2": {
     "precision": 0.4489795918367347,
     "recall": 0.08270676691729323,
     "f1-score": 0.13968253968253969,
     "support": 266.0
    },
    "3": {
     "precision": 0.10204081632653061,
     "recall": 0.06172839506172839,
     "f1-score": 0.07692307692307693,
     "support": 81.0
    },
    "4": {
     "precision": 0.02247191011235955,
     "recall": 0.058823529411764705,
     "f1-score": 0.032520325203252036,
     "support": 34.0
    },
    "5": {
     "precision": 0.2708333333333333,
     "recall": 0.22413793103448276,
     "f1-score": 0.24528301886792453,
     "support": 116.0
    },
    "6": {
     "precision": 0.02127659574468085,
     "recall": 0.2,
     "f1-score": 0.038461538461538464,
     "support": 5.0
    },
    "7": {
     "precision": 0.0,
     "recall": 0.0,
     "f1-score": 0.0,
     "support": 2.0
    },
    "8": {
     "precision": 0.08333333333333333,
     "recall": 0.01694915254237288,
     "f1-score": 0.028169014084507043,
     "support": 59.0
    },
    "9": {
     "precision": 0.010309278350515464,
     "recall": 0.5,
     "f1-score": 0.020202020202020204,
     "support": 2.0
    },
    "accuracy": 0.10361067503924647,
    "macro avg": {
     "precision": 0.11957444436400907,
     "recall": 0.1421131489253356,
     "f1-score": 0.0742505892830727,
     "support": 637.0
    },
    "weighted avg": {
     "precision": 0.2784896434711979,
     "recall": 0.10361067503924647,
     "f1-score": 0.12948673545580325,
     "support": 637.0
    }
   }
  }
 }
}