{
 "dataset": "spleen",
 "n_samples": 94129,
 "n_features": 1089,
 "n_classes": 28,
 "n_train": 56006,
 "n_test": 28239,
 "transformer_params": 75168,
 "total_params": 205785,
 "config": {
  "heads": [
   "cell_type"
  ],
  "cohorts": null,
  "n_hvg": null,
  "n_channels": 1,
  "batch_size": 128,
  "val_frac": 0.15,
  "test_frac": 0.15,
  "d_model": 96,
  "n_heads": 4,
  "d_ff": 192,
  "dropout": 0.1,
  "n_markers": 16,
  "marker_mode": "router",
  "pathway_pool": "mean",
  "compress_mode": "aggregate",
  "recursive_marker_refine": true,
  "peak_init": true,
  "anneal_markers": true,
  "recursion_depth": 4,
  "share_weights": true,
  "share_strategy": "cycle",
  "n_unique_blocks": null,
  "step_cache": false,
  "adaptive_depth": false,
  "marker_ffn": false,
  "recursion_mode": "expert",
  "router_capacity": null,
  "router_alpha": 1.0,
  "router_temp": 1.0,
  "router_type": "linear",
  "router_z_coeff": 0.001,
  "router_balance_coeff": 0.1,
  "gene_interaction": "none",
  "interaction_knn": 16,
  "router_prior_beta": 1.0,
  "router_prior_anneal": true,
  "pathway_attn_bias": false,
  "pathway_attn_lambda": 2.0,
  "lambda_marker": 0.1,
  "gamma_diversity": 0.05,
  "beta_compression": 0.01,
  "lr": 0.001,
  "weight_decay": 1e-05,
  "epochs": 80,
  "patience": 12,
  "seed": 0,
  "device": "cuda"
 },
 "heads": {
  "cell_type": {
   "accuracy": 0.27653245511526614,
   "macro_f1": 0.21461044391899034,
   "weighted_f1": 0.3064352795728033,
   "per_class": {
    "0": {
     "precision": 0.25,
     "recall": 0.46564885496183206,
     "f1-score": 0.3253333333333333,
     "support": 131.0
    },
    "1": {
     "precision": 0.08412836079791847,
     "recall": 0.14652567975830816,
     "f1-score": 0.1068870523415978,
     "support": 662.0
    },
    "2": {
     "precision": 0.6579124579124579,
     "recall": 0.19995906672124436,
     "f1-score": 0.30670224454559725,
     "support": 4886.0
    },
    "3": {
     "precision": 0.7072829131652661,
     "recall": 0.45462729564278,
     "f1-score": 0.5534853134590092,
     "support": 5554.0
    },
    "4": {
     "precision": 0.09615384615384616,
     "recall": 0.30612244897959184,
     "f1-score": 0.14634146341463414,
     "support": 49.0
    },
    "5": {
     "precision": 0.0898876404494382,
     "recall": 0.2222222222222222,
     "f1-score": 0.128,
     "support": 72.0
    },
    "6": {
     "precision": 0.4389380530973451,
     "recall": 0.5807962529274004,
     "f1-score": 0.5,
     "support": 427.0
    },
    "7": {
     "precision": 0.06521739130434782,
     "recall": 0.2727272727272727,
     "f1-score": 0.10526315789473684,
     "support": 11.0
    },
    "8": {
     "precision": 0.057291666666666664,
     "recall": 0.42857142857142855,
     "f1-score": 0.10107197549770292,
     "support": 77.0
    },
    "9": {
     "precision": 0.014892032762472078,
     "recall": 0.23529411764705882,
     "f1-score": 0.028011204481792718,
     "support": 170.0
    },
    "10": {
     "precision": 0.1377551020408163,
     "recall": 0.2604501607717042,
     "f1-score": 0.18020022246941045,
     "support": 311.0
    },
    "11": {
     "precision": 0.5137777777777778,
     "recall": 0.49699054170249357,
     "f1-score": 0.5052447552447552,
     "support": 1163.0
    },
    "12": {
     "precision": 0.24588744588744588,
     "recall": 0.14791666666666667,
     "f1-score": 0.18471544715447155,
     "support": 1920.0
    },
    "13": {
     "precision": 0.4653284671532847,
     "recall": 0.45596781403665626,
     "f1-score": 0.46060058703996387,
     "support": 2237.0
    },
    "14": {
     "precision": 0.20297029702970298,
     "recall": 0.22777777777777777,
     "f1-score": 0.21465968586387435,
     "support": 180.0
    },
    "15": {
     "precision": 0.09598603839441536,
     "recall": 0.10185185185185185,
     "f1-score": 0.09883198562443846,
     "support": 540.0
    },
    "16": {
     "precision": 0.12574850299401197,
     "recall": 0.3096514745308311,
     "f1-score": 0.17886178861788618,
     "support": 746.0
    },
    "17": {
     "precision": 0.4818181818181818,
     "recall": 0.30228136882129275,
     "f1-score": 0.37149532710280375,
     "support": 526.0
    },
    "18": {
     "precision": 0.1875,
     "recall": 0.375,
     "f1-score": 0.25,
     "support": 24.0
    },
    "19": {
     "precision": 0.4258241758241758,
     "recall": 0.09326113116726835,
     "f1-score": 0.15301085883514315,
     "support": 3324.0
    },
    "20": {
     "precision": 0.1799163179916318,
     "recall": 0.31425091352009743,
     "f1-score": 0.22882483370288248,
     "support": 821.0
    },
    "21": {
     "precision": 0.09820143884892087,
     "recall": 0.2823164426059979,
     "f1-score": 0.14571657325860687,
     "support": 967.0
    },
    "22": {
     "precision": 0.057458563535911604,
     "recall": 0.1716171617161716,
     "f1-score": 0.08609271523178808,
     "support": 303.0
    },
    "23": {
     "precision": 0.06284658040665435,
     "recall": 0.21794871794871795,
     "f1-score": 0.0975609756097561,
     "support": 312.0
    },
    "24": {
     "precision": 0.18597236981934112,
     "recall": 0.23616734143049933,
     "f1-score": 0.2080856123662307,
     "support": 741.0
    },
    "25": {
     "precision": 0.2077922077922078,
     "recall": 0.07451763140385895,
     "f1-score": 0.10969637610186092,
     "support": 1503.0
    },
    "26": {
     "precision": 0.07044198895027624,
     "recall": 0.10493827160493827,
     "f1-score": 0.08429752066115702,
     "support": 486.0
    },
    "27": {
     "precision": 0.09319899244332494,
     "recall": 0.3854166666666667,
     "f1-score": 0.15010141987829614,
     "support": 96.0
    },
    "accuracy": 0.27653245511526614,
    "macro avg": {
     "precision": 0.2250046003934943,
     "recall": 0.2811005919422368,
     "f1-score": 0.21461044391899034,
     "support": 28239.0
    },
    "weighted avg": {
     "precision": 0.43271620163017405,
     "recall": 0.27653245511526614,
     "f1-score": 0.3064352795728033,
     "support": 28239.0
    }
   }
  }
 }
}