{
 "dataset": "tcell",
 "n_samples": 24007,
 "n_features": 1089,
 "n_classes": 7,
 "n_train": 14283,
 "n_test": 7203,
 "transformer_params": 75168,
 "total_params": 201711,
 "config": {
  "heads": [
   "cell_type"
  ],
  "cohorts": null,
  "n_hvg": null,
  "n_channels": 1,
  "batch_size": 128,
  "val_frac": 0.15,
  "test_frac": 0.15,
  "d_model": 96,
  "n_heads": 4,
  "d_ff": 192,
  "dropout": 0.1,
  "n_markers": 16,
  "marker_mode": "router",
  "pathway_pool": "mean",
  "compress_mode": "aggregate",
  "recursive_marker_refine": true,
  "peak_init": true,
  "anneal_markers": true,
  "recursion_depth": 4,
  "share_weights": true,
  "share_strategy": "cycle",
  "n_unique_blocks": null,
  "step_cache": false,
  "adaptive_depth": false,
  "marker_ffn": false,
  "recursion_mode": "expert",
  "router_capacity": null,
  "router_alpha": 1.0,
  "router_temp": 1.0,
  "router_type": "linear",
  "router_z_coeff": 0.001,
  "router_balance_coeff": 0.1,
  "gene_interaction": "none",
  "interaction_knn": 16,
  "router_prior_beta": 1.0,
  "router_prior_anneal": true,
  "pathway_attn_bias": false,
  "pathway_attn_lambda": 2.0,
  "lambda_marker": 0.1,
  "gamma_diversity": 0.05,
  "beta_compression": 0.01,
  "lr": 0.001,
  "weight_decay": 1e-05,
  "epochs": 80,
  "patience": 12,
  "seed": 0,
  "device": "cuda"
 },
 "heads": {
  "cell_type": {
   "accuracy": 0.46827710676107176,
   "macro_f1": 0.2596130007083142,
   "weighted_f1": 0.5202792134729199,
   "per_class": {
    "0": {
     "precision": 0.08304498269896193,
     "recall": 0.09795918367346938,
     "f1-score": 0.0898876404494382,
     "support": 245.0
    },
    "1": {
     "precision": 0.20318237454100369,
     "recall": 0.3068391866913124,
     "f1-score": 0.24447717231222385,
     "support": 541.0
    },
    "2": {
     "precision": 0.8564500484966052,
     "recall": 0.5793963254593176,
     "f1-score": 0.6911937377690802,
     "support": 4572.0
    },
    "3": {
     "precision": 0.04966887417218543,
     "recall": 0.09316770186335403,
     "f1-score": 0.06479481641468683,
     "support": 322.0
    },
    "4": {
     "precision": 0.24273664479850046,
     "recall": 0.39602446483180426,
     "f1-score": 0.3009877977919814,
     "support": 654.0
    },
    "5": {
     "precision": 0.30818619582664525,
     "recall": 0.3333333333333333,
     "f1-score": 0.3202668890742285,
     "support": 576.0
    },
    "6": {
     "precision": 0.07464788732394366,
     "recall": 0.18088737201365188,
     "f1-score": 0.10568295114656032,
     "support": 293.0
    },
    "accuracy": 0.46827710676107176,
    "macro avg": {
     "precision": 0.25970242969397794,
     "recall": 0.28394393826660613,
     "f1-score": 0.2596130007083142,
     "support": 7203.0
    },
    "weighted avg": {
     "precision": 0.613645360277403,
     "recall": 0.46827710676107176,
     "f1-score": 0.5202792134729199,
     "support": 7203.0
    }
   }
  }
 }
}