{
 "task": "blca",
 "arm": "fixed_k4",
 "pos_class": 1,
 "n_folds": 10,
 "pos_f1": [
  0.7457305579091652,
  0.05206406709816728
 ],
 "pos_precision": [
  0.6633517879514846,
  0.015930087541080537
 ],
 "pos_recall": [
  0.8571717171717171,
  0.10745656074235646
 ],
 "maj_f1": [
  0.7457305579091652,
  0.05206406709816728
 ],
 "macro_f1": [
  0.43694971178273184,
  0.028001784904887844
 ],
 "accuracy": [
  0.6114197530864198,
  0.053347941815031774
 ]
}