{
 "dataset": "Lung",
 "mode": "learned",
 "K": 4,
 "seed": 1,
 "n_markers": 128,
 "test_macro_f1": 79.94598124198328,
 "test_accuracy": 87.32023851280253,
 "val_macro_f1": 80.16389457997182,
 "n_features": 1089,
 "n_classes": 25,
 "n_samples": 57020,
 "learned_lambda": 0.7257242798805237,
 "bio_anchor_have": false
}