{
 "dataset": "Lung",
 "mode": "learned",
 "K": 4,
 "seed": 2,
 "n_markers": 128,
 "test_macro_f1": 79.07597554850402,
 "test_accuracy": 86.3498187770373,
 "val_macro_f1": 80.02697258261122,
 "n_features": 1089,
 "n_classes": 25,
 "n_samples": 57020,
 "learned_lambda": 0.659055769443512,
 "bio_anchor_have": false
}