{
 "dataset": "Segerstolpe",
 "mode": "learned",
 "K": 3,
 "seed": 0,
 "n_markers": 128,
 "test_macro_f1": 75.0697697028644,
 "test_accuracy": 88.57589984350548,
 "val_macro_f1": 65.3862743529605,
 "n_features": 2000,
 "n_classes": 11,
 "n_samples": 2127,
 "learned_lambda": 0.21842926740646362,
 "bio_anchor_have": false
}