{
 "dataset": "Segerstolpe",
 "mode": "learned",
 "K": 3,
 "seed": 2,
 "n_markers": 128,
 "test_macro_f1": 65.69344381696166,
 "test_accuracy": 92.33176838810641,
 "val_macro_f1": 74.1099717415507,
 "n_features": 2000,
 "n_classes": 11,
 "n_samples": 2127,
 "learned_lambda": 0.23462681472301483,
 "bio_anchor_have": false
}