{
 "dataset": "tcell",
 "n_samples": 24007,
 "n_features": 1089,
 "n_classes": 7,
 "n_train": 14283,
 "n_test": 7203,
 "transformer_params": 75168,
 "total_params": 212463,
 "config": {
  "heads": [
   "cell_type"
  ],
  "cohorts": null,
  "n_hvg": null,
  "n_channels": 1,
  "batch_size": 128,
  "val_frac": 0.15,
  "test_frac": 0.15,
  "d_model": 96,
  "n_heads": 4,
  "d_ff": 192,
  "dropout": 0.1,
  "n_markers": 128,
  "marker_mode": "router",
  "pathway_pool": "mean",
  "compress_mode": "aggregate",
  "recursive_marker_refine": true,
  "peak_init": true,
  "anneal_markers": true,
  "recursion_depth": 4,
  "share_weights": true,
  "share_strategy": "cycle",
  "n_unique_blocks": null,
  "step_cache": false,
  "adaptive_depth": false,
  "marker_ffn": false,
  "recursion_mode": "token",
  "router_capacity": null,
  "router_alpha": 1.0,
  "router_temp": 1.0,
  "router_type": "linear",
  "router_z_coeff": 0.001,
  "router_balance_coeff": 0.1,
  "gene_interaction": "none",
  "interaction_knn": 16,
  "router_prior_beta": 1.0,
  "router_prior_anneal": true,
  "pathway_attn_bias": false,
  "pathway_attn_lambda": 2.0,
  "lambda_marker": 0.1,
  "gamma_diversity": 0.05,
  "beta_compression": 0.01,
  "lr": 0.001,
  "weight_decay": 1e-05,
  "epochs": 150,
  "patience": 15,
  "seed": 0,
  "device": "cuda"
 },
 "heads": {
  "cell_type": {
   "accuracy": 0.6452866861030127,
   "macro_f1": 0.46518292808416817,
   "weighted_f1": 0.6761847571368071,
   "per_class": {
    "0": {
     "precision": 0.3093812375249501,
     "recall": 0.6326530612244898,
     "f1-score": 0.4155495978552279,
     "support": 245.0
    },
    "1": {
     "precision": 0.554954954954955,
     "recall": 0.5693160813308688,
     "f1-score": 0.5620437956204379,
     "support": 541.0
    },
    "2": {
     "precision": 0.9001610305958132,
     "recall": 0.7335958005249343,
     "f1-score": 0.8083875632682574,
     "support": 4572.0
    },
    "3": {
     "precision": 0.10933940774487472,
     "recall": 0.14906832298136646,
     "f1-score": 0.12614980289093297,
     "support": 322.0
    },
    "4": {
     "precision": 0.53125,
     "recall": 0.38990825688073394,
     "f1-score": 0.4497354497354497,
     "support": 654.0
    },
    "5": {
     "precision": 0.5973154362416108,
     "recall": 0.6180555555555556,
     "f1-score": 0.6075085324232082,
     "support": 576.0
    },
    "6": {
     "precision": 0.18984547461368653,
     "recall": 0.5870307167235495,
     "f1-score": 0.28690575479566305,
     "support": 293.0
    },
    "accuracy": 0.6452866861030127,
    "macro avg": {
     "precision": 0.4560353630965558,
     "recall": 0.5256611136030712,
     "f1-score": 0.46518292808416817,
     "support": 7203.0
    },
    "weighted avg": {
     "precision": 0.7321794350047381,
     "recall": 0.6452866861030127,
     "f1-score": 0.6761847571368071,
     "support": 7203.0
    }
   }
  }
 }
}