{
 "task": "stad",
 "arm": "expert_k3",
 "pos_class": 1,
 "n_folds": 10,
 "pos_f1": [
  0.6826285745098756,
  0.03680551320580367
 ],
 "pos_precision": [
  0.5512091102848231,
  0.013859576010581832
 ],
 "pos_recall": [
  0.9033816425120772,
  0.10639892357950989
 ],
 "maj_f1": [
  0.6826285745098756,
  0.03680551320580367
 ],
 "macro_f1": [
  0.411406183217555,
  0.05359818228434792
 ],
 "accuracy": [
  0.5422274463708493,
  0.027355214622128938
 ]
}