{
 "dataset": "Spleen",
 "mode": "learned",
 "K": 1,
 "seed": 1,
 "n_markers": 128,
 "test_macro_f1": 59.3672350511581,
 "test_accuracy": 66.36566450653352,
 "val_macro_f1": 59.13721875666976,
 "n_features": 1089,
 "n_classes": 28,
 "n_samples": 94129,
 "learned_lambda": 0.4599505364894867,
 "bio_anchor_have": false
}