{
 "dataset": "Spleen",
 "mode": "learned",
 "K": 1,
 "seed": 0,
 "n_markers": 128,
 "test_macro_f1": 56.35507712110426,
 "test_accuracy": 63.96472962923616,
 "val_macro_f1": 55.27042741322641,
 "n_features": 1089,
 "n_classes": 28,
 "n_samples": 94129,
 "learned_lambda": 0.373925119638443,
 "bio_anchor_have": false
}