{
 "task": "pan_meta_pri_3modal",
 "arm": "token_k3",
 "pos_class": 1,
 "n_folds": 10,
 "pos_f1": [
  0.8931401474508167,
  0.032399987890383675
 ],
 "pos_precision": [
  0.8810795902918386,
  0.049267855013092686
 ],
 "pos_recall": [
  0.9098744292237443,
  0.0560455943560646
 ],
 "maj_f1": [
  0.9952237113847859,
  0.0014210776841614122
 ],
 "macro_f1": [
  0.9441819294178012,
  0.016893067050744687
 ],
 "accuracy": [
  0.9908574665588178,
  0.0027187633483709136
 ]
}