{
 "task": "blca",
 "arm": "vanilla",
 "pos_class": 1,
 "n_folds": 10,
 "pos_f1": [
  0.5651690441541102,
  0.2796420582761474
 ],
 "pos_precision": [
  0.6239154528641551,
  0.10343573804799473
 ],
 "pos_recall": [
  0.6183501683501684,
  0.36161146690454904
 ],
 "maj_f1": [
  0.5651690441541102,
  0.2796420582761474
 ],
 "macro_f1": [
  0.4046895901975482,
  0.0830645488311625
 ],
 "accuracy": [
  0.5274074074074073,
  0.14249166702466415
 ]
}