{
 "dataset": "stad",
 "method": "Random Forest",
 "n_folds": 5,
 "seed": 42,
 "n_features": 3000,
 "n_classes": 2,
 "n_samples": 414,
 "cv_macro_f1": {
  "mean": 49.02439959126632,
  "std": 7.801433213578927,
  "folds": [
   55.00366300366301,
   33.91100702576112,
   49.87479746648991,
   54.76506112829578,
   51.56746933212176
  ]
 }
}