{
 "task": "blca",
 "arm": "vanilla",
 "pos_class": 1,
 "n_folds": 10,
 "pos_f1": [
  0.7883599384345814,
  0.022070810767683358
 ],
 "pos_precision": [
  0.6701956414553571,
  0.009549766682534638
 ],
 "pos_recall": [
  0.9578114478114477,
  0.0458486592933961
 ],
 "maj_f1": [
  0.7883599384345814,
  0.022070810767683358
 ],
 "macro_f1": [
  0.41055158099331424,
  0.016549113150519434
 ],
 "accuracy": [
  0.6534413580246914,
  0.028564147833553436
 ]
}