{
 "dataset": "Oesophagus",
 "mode": "route_random",
 "K": 4,
 "seed": 0,
 "test_macro_f1": 61.14150908615845,
 "test_accuracy": 79.49213568315331,
 "n_features": 1089,
 "n_classes": 18,
 "n_samples": 87947
}