{
 "dataset": "Oesophagus",
 "mode": "route_random",
 "K": 4,
 "seed": 1,
 "test_macro_f1": 55.257428515295935,
 "test_accuracy": 78.78718969111237,
 "n_features": 1089,
 "n_classes": 18,
 "n_samples": 87947
}