{
 "dataset": "Oesophagus",
 "mode": "route_random",
 "K": 4,
 "seed": 2,
 "test_macro_f1": 52.8852833311664,
 "test_accuracy": 79.45044532878529,
 "n_features": 1089,
 "n_classes": 18,
 "n_samples": 87947
}