{
 "dataset": "Oesophagus",
 "mode": "route_coexpr",
 "K": 4,
 "seed": 0,
 "test_macro_f1": 61.72928805766244,
 "test_accuracy": 83.48682963805192,
 "n_features": 1089,
 "n_classes": 18,
 "n_samples": 87947
}