{
 "dataset": "Oesophagus",
 "mode": "route_random",
 "K": 4,
 "seed": 3,
 "test_macro_f1": 57.94315323519529,
 "test_accuracy": 83.51714989577411,
 "n_features": 1089,
 "n_classes": 18,
 "n_samples": 87947
}