{
 "dataset": "Oesophagus",
 "mode": "route_coexpr",
 "K": 4,
 "seed": 1,
 "test_macro_f1": 55.17528642930264,
 "test_accuracy": 79.82944855031268,
 "n_features": 1089,
 "n_classes": 18,
 "n_samples": 87947
}