{
 "dataset": "Oesophagus",
 "mode": "route_random",
 "K": 4,
 "seed": 4,
 "test_macro_f1": 59.77201490632289,
 "test_accuracy": 83.61569073337122,
 "n_features": 1089,
 "n_classes": 18,
 "n_samples": 87947
}