{
 "dataset": "Oesophagus",
 "mode": "route_coexpr",
 "K": 4,
 "seed": 2,
 "test_macro_f1": 52.01412362447917,
 "test_accuracy": 77.0020845177184,
 "n_features": 1089,
 "n_classes": 18,
 "n_samples": 87947
}