{
 "dataset": "Oesophagus",
 "mode": "smooth_coexpr",
 "K": 4,
 "seed": 3,
 "test_macro_f1": 58.05943747113367,
 "test_accuracy": 84.55940875497441,
 "n_features": 1089,
 "n_classes": 18,
 "n_samples": 87947
}