{
 "dataset": "Oesophagus",
 "mode": "smooth_random",
 "K": 4,
 "seed": 3,
 "test_macro_f1": 55.5968436874373,
 "test_accuracy": 82.92211483797612,
 "n_features": 1089,
 "n_classes": 18,
 "n_samples": 87947
}