{
 "dataset": "Oesophagus",
 "mode": "smooth_random",
 "K": 4,
 "seed": 0,
 "test_macro_f1": 59.766311975701946,
 "test_accuracy": 79.64373697176426,
 "n_features": 1089,
 "n_classes": 18,
 "n_samples": 87947
}