{
 "dataset": "Oesophagus",
 "mode": "smooth_coexpr",
 "K": 4,
 "seed": 1,
 "test_macro_f1": 55.80181467762921,
 "test_accuracy": 80.61777525108963,
 "n_features": 1089,
 "n_classes": 18,
 "n_samples": 87947
}