{
 "dataset": "Oesophagus",
 "mode": "smooth_coexpr",
 "K": 4,
 "seed": 2,
 "test_macro_f1": 55.9421190457126,
 "test_accuracy": 82.40667045669888,
 "n_features": 1089,
 "n_classes": 18,
 "n_samples": 87947
}