{
 "dataset": "Oesophagus",
 "mode": "smooth_coexpr",
 "K": 4,
 "seed": 4,
 "test_macro_f1": 62.405531014532954,
 "test_accuracy": 84.88914155770324,
 "n_features": 1089,
 "n_classes": 18,
 "n_samples": 87947
}