{
 "dataset": "Oesophagus",
 "mode": "smooth_random",
 "K": 4,
 "seed": 2,
 "test_macro_f1": 52.873210423644636,
 "test_accuracy": 80.76179647527005,
 "n_features": 1089,
 "n_classes": 18,
 "n_samples": 87947
}