{
 "task": "stad",
 "arm": "fixed_k2",
 "pos_class": 1,
 "n_folds": 10,
 "pos_f1": [
  0.666856024231354,
  0.06444304640293709
 ],
 "pos_precision": [
  0.5523674679044692,
  0.02153553653600368
 ],
 "pos_recall": [
  0.8558937198067632,
  0.1486103803863651
 ],
 "maj_f1": [
  0.666856024231354,
  0.06444304640293709
 ],
 "macro_f1": [
  0.43787181377206386,
  0.05322932715699083
 ],
 "accuracy": [
  0.5410960916838083,
  0.03953176214858873
 ]
}