{
 "dataset": "lung",
 "n_samples": 57020,
 "n_features": 1089,
 "n_classes": 25,
 "n_train": 33926,
 "n_test": 17106,
 "transformer_params": 75168,
 "total_params": 215955,
 "config": {
  "heads": [
   "cell_type"
  ],
  "cohorts": null,
  "n_hvg": null,
  "n_channels": 1,
  "batch_size": 128,
  "val_frac": 0.15,
  "test_frac": 0.15,
  "d_model": 96,
  "n_heads": 4,
  "d_ff": 192,
  "dropout": 0.1,
  "n_markers": 128,
  "marker_mode": "router",
  "pathway_pool": "mean",
  "compress_mode": "aggregate",
  "recursive_marker_refine": true,
  "peak_init": true,
  "anneal_markers": true,
  "recursion_depth": 4,
  "share_weights": true,
  "share_strategy": "cycle",
  "n_unique_blocks": null,
  "step_cache": false,
  "adaptive_depth": false,
  "marker_ffn": false,
  "recursion_mode": "token",
  "router_capacity": null,
  "router_alpha": 1.0,
  "router_temp": 1.0,
  "router_type": "linear",
  "router_z_coeff": 0.001,
  "router_balance_coeff": 0.1,
  "gene_interaction": "none",
  "interaction_knn": 16,
  "router_prior_beta": 1.0,
  "router_prior_anneal": true,
  "pathway_attn_bias": false,
  "pathway_attn_lambda": 2.0,
  "lambda_marker": 0.1,
  "gamma_diversity": 0.05,
  "beta_compression": 0.01,
  "lr": 0.001,
  "weight_decay": 1e-05,
  "epochs": 150,
  "patience": 15,
  "seed": 2,
  "device": "cuda"
 },
 "heads": {
  "cell_type": {
   "accuracy": 0.7976733309949725,
   "macro_f1": 0.7331279155791478,
   "weighted_f1": 0.7988319315199658,
   "per_class": {
    "0": {
     "precision": 0.5125348189415042,
     "recall": 0.8034934497816594,
     "f1-score": 0.6258503401360545,
     "support": 229.0
    },
    "1": {
     "precision": 0.9823269513991163,
     "recall": 0.9508196721311475,
     "f1-score": 0.9663165519739225,
     "support": 1403.0
    },
    "2": {
     "precision": 0.882,
     "recall": 0.9483870967741935,
     "f1-score": 0.9139896373056995,
     "support": 465.0
    },
    "3": {
     "precision": 0.9104859335038363,
     "recall": 0.8811881188118812,
     "f1-score": 0.8955974842767296,
     "support": 808.0
    },
    "4": {
     "precision": 0.8721804511278195,
     "recall": 0.8285714285714286,
     "f1-score": 0.8498168498168498,
     "support": 140.0
    },
    "5": {
     "precision": 0.8113207547169812,
     "recall": 0.8775510204081632,
     "f1-score": 0.8431372549019608,
     "support": 49.0
    },
    "6": {
     "precision": 0.6954887218045113,
     "recall": 0.7676348547717843,
     "f1-score": 0.7297830374753451,
     "support": 482.0
    },
    "7": {
     "precision": 0.6805555555555556,
     "recall": 0.6712328767123288,
     "f1-score": 0.6758620689655173,
     "support": 73.0
    },
    "8": {
     "precision": 0.5789473684210527,
     "recall": 0.8918918918918919,
     "f1-score": 0.7021276595744681,
     "support": 37.0
    },
    "9": {
     "precision": 0.30303030303030304,
     "recall": 0.7142857142857143,
     "f1-score": 0.425531914893617,
     "support": 14.0
    },
    "10": {
     "precision": 0.9745699326851159,
     "recall": 0.93943763518385,
     "f1-score": 0.9566813509544787,
     "support": 1387.0
    },
    "11": {
     "precision": 0.7094017094017094,
     "recall": 0.8217821782178217,
     "f1-score": 0.7614678899082569,
     "support": 101.0
    },
    "12": {
     "precision": 0.5454545454545454,
     "recall": 0.8571428571428571,
     "f1-score": 0.6666666666666666,
     "support": 28.0
    },
    "13": {
     "precision": 0.615916955017301,
     "recall": 0.6334519572953736,
     "f1-score": 0.624561403508772,
     "support": 281.0
    },
    "14": {
     "precision": 0.9228813559322034,
     "recall": 0.8042836041358936,
     "f1-score": 0.8595106550907656,
     "support": 1354.0
    },
    "15": {
     "precision": 0.9470782800441014,
     "recall": 0.983963344788087,
     "f1-score": 0.9651685393258427,
     "support": 873.0
    },
    "16": {
     "precision": 0.8408851422550052,
     "recall": 0.8769230769230769,
     "f1-score": 0.85852608929532,
     "support": 1820.0
    },
    "17": {
     "precision": 0.7428571428571429,
     "recall": 0.8253968253968254,
     "f1-score": 0.7819548872180451,
     "support": 252.0
    },
    "18": {
     "precision": 0.8009404388714734,
     "recall": 0.8176,
     "f1-score": 0.8091844813935075,
     "support": 3125.0
    },
    "19": {
     "precision": 0.37037037037037035,
     "recall": 0.7692307692307693,
     "f1-score": 0.5,
     "support": 39.0
    },
    "20": {
     "precision": 0.8809523809523809,
     "recall": 0.8604651162790697,
     "f1-score": 0.8705882352941177,
     "support": 86.0
    },
    "21": {
     "precision": 0.7244488977955912,
     "recall": 0.6685159500693482,
     "f1-score": 0.6953594614089925,
     "support": 2163.0
    },
    "22": {
     "precision": 0.527584020291693,
     "recall": 0.48176027793862186,
     "f1-score": 0.5036319612590799,
     "support": 1727.0
    },
    "23": {
     "precision": 0.5454545454545454,
     "recall": 0.46153846153846156,
     "f1-score": 0.5,
     "support": 26.0
    },
    "24": {
     "precision": 0.28444444444444444,
     "recall": 0.4444444444444444,
     "f1-score": 0.34688346883468835,
     "support": 144.0
    },
    "accuracy": 0.7976733309949725,
    "macro avg": {
     "precision": 0.706484440813132,
     "recall": 0.7832397049089878,
     "f1-score": 0.7331279155791478,
     "support": 17106.0
    },
    "weighted avg": {
     "precision": 0.8035736068729331,
     "recall": 0.7976733309949725,
     "f1-score": 0.7988319315199658,
     "support": 17106.0
    }
   }
  }
 }
}