{
 "dataset": "tcell",
 "n_samples": 24007,
 "n_features": 1089,
 "n_classes": 7,
 "n_train": 14283,
 "n_test": 7203,
 "transformer_params": 75168,
 "total_params": 212463,
 "config": {
  "heads": [
   "cell_type"
  ],
  "cohorts": null,
  "n_hvg": null,
  "n_channels": 1,
  "batch_size": 128,
  "val_frac": 0.15,
  "test_frac": 0.15,
  "d_model": 96,
  "n_heads": 4,
  "d_ff": 192,
  "dropout": 0.1,
  "n_markers": 128,
  "marker_mode": "router",
  "pathway_pool": "mean",
  "compress_mode": "aggregate",
  "recursive_marker_refine": true,
  "peak_init": true,
  "anneal_markers": true,
  "recursion_depth": 4,
  "share_weights": true,
  "share_strategy": "cycle",
  "n_unique_blocks": null,
  "step_cache": false,
  "adaptive_depth": false,
  "marker_ffn": false,
  "recursion_mode": "token",
  "router_capacity": null,
  "router_alpha": 1.0,
  "router_temp": 1.0,
  "router_type": "linear",
  "router_z_coeff": 0.001,
  "router_balance_coeff": 0.1,
  "gene_interaction": "none",
  "interaction_knn": 16,
  "router_prior_beta": 1.0,
  "router_prior_anneal": true,
  "pathway_attn_bias": false,
  "pathway_attn_lambda": 2.0,
  "lambda_marker": 0.1,
  "gamma_diversity": 0.05,
  "beta_compression": 0.01,
  "lr": 0.001,
  "weight_decay": 1e-05,
  "epochs": 150,
  "patience": 15,
  "seed": 2,
  "device": "cuda"
 },
 "heads": {
  "cell_type": {
   "accuracy": 0.6619464112175483,
   "macro_f1": 0.5072741305863403,
   "weighted_f1": 0.6953897944827805,
   "per_class": {
    "0": {
     "precision": 0.4101694915254237,
     "recall": 0.49387755102040815,
     "f1-score": 0.44814814814814813,
     "support": 245.0
    },
    "1": {
     "precision": 0.5268505079825835,
     "recall": 0.6709796672828097,
     "f1-score": 0.5902439024390244,
     "support": 541.0
    },
    "2": {
     "precision": 0.9295141814097164,
     "recall": 0.7239720034995626,
     "f1-score": 0.8139677855649822,
     "support": 4572.0
    },
    "3": {
     "precision": 0.21863117870722434,
     "recall": 0.35714285714285715,
     "f1-score": 0.27122641509433965,
     "support": 322.0
    },
    "4": {
     "precision": 0.4422809457579972,
     "recall": 0.48623853211009177,
     "f1-score": 0.4632192279679534,
     "support": 654.0
    },
    "5": {
     "precision": 0.695906432748538,
     "recall": 0.6197916666666666,
     "f1-score": 0.6556473829201102,
     "support": 576.0
    },
    "6": {
     "precision": 0.20444444444444446,
     "recall": 0.6279863481228669,
     "f1-score": 0.30846605196982396,
     "support": 293.0
    },
    "accuracy": 0.6619464112175483,
    "macro avg": {
     "precision": 0.4896853117965611,
     "recall": 0.5685698036921804,
     "f1-score": 0.5072741305863403,
     "support": 7203.0
    },
    "weighted avg": {
     "precision": 0.7574138266281225,
     "recall": 0.6619464112175483,
     "f1-score": 0.6953897944827805,
     "support": 7203.0
    }
   }
  }
 }
}