{
 "dataset": "Tcell",
 "mode": "route_coexpr",
 "K": 4,
 "seed": 4,
 "test_macro_f1": 55.668341873686764,
 "test_accuracy": 72.84464806330696,
 "n_features": 1089,
 "n_classes": 7,
 "n_samples": 24007
}