{
 "dataset": "Tcell",
 "mode": "route_coexpr",
 "K": 4,
 "seed": 0,
 "test_macro_f1": 46.831152093834596,
 "test_accuracy": 60.68304872969597,
 "n_features": 1089,
 "n_classes": 7,
 "n_samples": 24007
}