{
 "dataset": "Tcell",
 "mode": "route_random",
 "K": 4,
 "seed": 4,
 "test_macro_f1": 52.60726440084721,
 "test_accuracy": 64.59808413161183,
 "n_features": 1089,
 "n_classes": 7,
 "n_samples": 24007
}