{
 "dataset": "Tcell",
 "mode": "route_random",
 "K": 4,
 "seed": 2,
 "test_macro_f1": 49.883807799166114,
 "test_accuracy": 65.90309593225045,
 "n_features": 1089,
 "n_classes": 7,
 "n_samples": 24007
}