{
 "dataset": "Tcell",
 "mode": "route_random",
 "K": 4,
 "seed": 3,
 "test_macro_f1": 49.97546154152657,
 "test_accuracy": 66.51395251978343,
 "n_features": 1089,
 "n_classes": 7,
 "n_samples": 24007
}