{
 "dataset": "Tcell",
 "mode": "route_coexpr",
 "K": 4,
 "seed": 2,
 "test_macro_f1": 50.98580713168401,
 "test_accuracy": 67.47188671386922,
 "n_features": 1089,
 "n_classes": 7,
 "n_samples": 24007
}