{
 "dataset": "Tcell",
 "mode": "smooth_random",
 "K": 4,
 "seed": 3,
 "test_macro_f1": 49.25199438392448,
 "test_accuracy": 65.01457725947522,
 "n_features": 1089,
 "n_classes": 7,
 "n_samples": 24007
}