{
 "dataset": "Tcell",
 "mode": "smooth_random",
 "K": 4,
 "seed": 2,
 "test_macro_f1": 52.68172359872084,
 "test_accuracy": 69.3738719977787,
 "n_features": 1089,
 "n_classes": 7,
 "n_samples": 24007
}