{
 "dataset": "Tcell",
 "mode": "smooth_random",
 "K": 4,
 "seed": 4,
 "test_macro_f1": 54.50863508895855,
 "test_accuracy": 65.87532972372622,
 "n_features": 1089,
 "n_classes": 7,
 "n_samples": 24007
}