{
 "dataset": "Tcell",
 "mode": "smooth_coexpr",
 "K": 4,
 "seed": 1,
 "test_macro_f1": 58.54139147849801,
 "test_accuracy": 72.16437595446342,
 "n_features": 1089,
 "n_classes": 7,
 "n_samples": 24007
}