{
 "dataset": "Tcell",
 "mode": "smooth_random",
 "K": 4,
 "seed": 1,
 "test_macro_f1": 45.89435834714221,
 "test_accuracy": 59.600166597251146,
 "n_features": 1089,
 "n_classes": 7,
 "n_samples": 24007
}