{
 "family": "pnet",
 "cohort": "blca",
 "task": "response",
 "mode": "learned",
 "K": 2,
 "n_features": 3000,
 "n_classes": 2,
 "n_samples": 404,
 "n_folds": 5,
 "seed": 42,
 "val_frac": 0.1,
 "cv_macro_f1": {
  "mean": 43.64924817343033,
  "std": 5.2418410047907935,
  "folds": [
   46.09193623278131,
   33.32317073170732,
   44.6583850931677,
   46.81818181818181,
   47.354566991313504
  ]
 },
 "cv_accuracy": {
  "mean": 52.51543209876543,
  "std": 13.757575402783292,
  "folds": [
   46.913580246913575,
   33.33333333333333,
   45.67901234567901,
   67.90123456790124,
   68.75
  ]
 }
}