{
 "dataset": "Segerstolpe",
 "mode": "learned",
 "K": 1,
 "seed": 1,
 "n_markers": 128,
 "test_macro_f1": 66.78707948271771,
 "test_accuracy": 87.48043818466354,
 "val_macro_f1": 80.39460925258895,
 "n_features": 2000,
 "n_classes": 11,
 "n_samples": 2127,
 "learned_lambda": 0.22317826747894287,
 "bio_anchor_have": false
}