{
 "dataset": "Segerstolpe",
 "mode": "learned",
 "K": 1,
 "seed": 2,
 "n_markers": 128,
 "test_macro_f1": 70.7479181836556,
 "test_accuracy": 90.61032863849765,
 "val_macro_f1": 74.25131135901914,
 "n_features": 2000,
 "n_classes": 11,
 "n_samples": 2127,
 "learned_lambda": 0.23030740022659302,
 "bio_anchor_have": false
}