{
 "task": "pan_meta_pri_3modal",
 "arm": "fixed_k4",
 "pos_class": 1,
 "n_folds": 10,
 "pos_f1": [
  0.8817309264088863,
  0.035491347899128695
 ],
 "pos_precision": [
  0.8726994987834104,
  0.05830945279670226
 ],
 "pos_recall": [
  0.8960806697108067,
  0.056030333504902684
 ],
 "maj_f1": [
  0.9947059543286562,
  0.0017019856093461831
 ],
 "macro_f1": [
  0.9382184403687711,
  0.018574612065288675
 ],
 "accuracy": [
  0.9898673675489169,
  0.0032436378115727046
 ]
}