{
 "family": "pnet",
 "cohort": "blca",
 "task": "response",
 "mode": "learned",
 "K": 4,
 "n_features": 3000,
 "n_classes": 2,
 "n_samples": 404,
 "n_folds": 5,
 "seed": 42,
 "val_frac": 0.1,
 "cv_macro_f1": {
  "mean": 46.0392316017316,
  "std": 5.961369664257257,
  "folds": [
   43.35664335664335,
   43.13186813186813,
   38.18681318681318,
   55.00000000000001,
   50.52083333333333
  ]
 },
 "cv_accuracy": {
  "mean": 48.03086419753087,
  "std": 6.352460708200431,
  "folds": [
   50.617283950617285,
   43.20987654320987,
   38.2716049382716,
   55.55555555555556,
   52.5
  ]
 }
}