{
 "task": "panmeta_response",
 "arm": "expert_k3",
 "pos_class": 1,
 "n_folds": 10,
 "pos_f1": [
  0.8971422085765657,
  0.02048957801584719
 ],
 "pos_precision": [
  0.8739934763311746,
  0.05317625897993709
 ],
 "pos_recall": [
  0.9266552511415526,
  0.04668255438429994
 ],
 "maj_f1": [
  0.9953109951614975,
  0.0010900363593190198
 ],
 "macro_f1": [
  0.9462266018690316,
  0.01077435668388253
 ],
 "accuracy": [
  0.9910321221124372,
  0.002068963962718849
 ]
}