{
 "dataset": "baron",
 "config": "adaptive",
 "seed": 2,
 "n_classes": 14,
 "n_test": 2571,
 "nll": 0.596039705009038,
 "ece": 0.07802242887026488,
 "brier": 0.3189045921059205,
 "conf": 0.8237604346160136,
 "auroc": 0.8207087745081666
}