{
 "dataset": "blca",
 "config": "adaptive",
 "seed": 2,
 "n_classes": 2,
 "n_test": 81,
 "nll": 0.692587983024628,
 "ece": 0.000712356632027622,
 "brier": 0.4994409337856329,
 "conf": 0.5068851961382005,
 "auroc": 0.5414634146341464
}