{
 "dataset": "common_class",
 "config": "adaptive",
 "seed": 2,
 "n_classes": 19,
 "n_test": 8250,
 "nll": 0.636080327034591,
 "ece": 0.02001400070159048,
 "brier": 0.27404455514790144,
 "conf": 0.7880851207407216,
 "auroc": 0.8903142950209262
}