{
 "dataset": "lung",
 "config": "adaptive",
 "seed": 2,
 "n_classes": 25,
 "n_test": 17106,
 "nll": 0.6077731222447699,
 "ece": 0.012078328262708835,
 "brier": 0.3003940138209245,
 "conf": 0.7930561665759368,
 "auroc": 0.8389907370156263
}