{
 "dataset": "oesophagus",
 "config": "adaptive",
 "seed": 2,
 "n_classes": 18,
 "n_test": 26385,
 "nll": 0.689523753073962,
 "ece": 0.01889934320070909,
 "brier": 0.3293095915042472,
 "conf": 0.7538609336771196,
 "auroc": 0.8124950895765167
}