{
 "dataset": "pancreas",
 "config": "adaptive",
 "seed": 2,
 "n_classes": 15,
 "n_test": 2127,
 "nll": 0.3247918218899898,
 "ece": 0.01757279876400583,
 "brier": 0.14638699142148523,
 "conf": 0.9156053992609603,
 "auroc": 0.8212050455572193
}