{
 "dataset": "panmeta_subtype",
 "config": "adaptive",
 "seed": 2,
 "n_classes": 32,
 "n_test": 1718,
 "nll": 1.0127981318296264,
 "ece": 0.027822672348094022,
 "brier": 0.41497646328019233,
 "conf": 0.6736485850614468,
 "auroc": 0.8323705078667576
}