{
 "dataset": "prostate",
 "config": "adaptive",
 "seed": 2,
 "n_classes": 2,
 "n_test": 203,
 "nll": 7.039587011309159,
 "ece": 0.2892221593703944,
 "brier": 0.6366889101965275,
 "conf": 0.9218091727108803,
 "auroc": 0.2794182702941827
}