{
 "dataset": "prototype",
 "config": "adaptive",
 "seed": 2,
 "n_classes": 10,
 "n_test": 27174,
 "nll": 0.1838906035104306,
 "ece": 0.02742166405686808,
 "brier": 0.07478550659136074,
 "conf": 0.9811274121984739,
 "auroc": 0.9318865818416403
}