{
 "dataset": "segerstolpe",
 "config": "adaptive",
 "seed": 2,
 "n_classes": 10,
 "n_test": 637,
 "nll": 2.2937412591603943,
 "ece": 0.02614998977978708,
 "brier": 0.898320517938135,
 "conf": 0.1088578595137765,
 "auroc": 0.575085468281771
}