{
 "dataset": "spleen",
 "config": "adaptive",
 "seed": 2,
 "n_classes": 28,
 "n_test": 28239,
 "nll": 1.1278493622637615,
 "ece": 0.043618211981335864,
 "brier": 0.5117546990398093,
 "conf": 0.6533778053680702,
 "auroc": 0.7583654460460465
}