{
 "dataset": "stad",
 "config": "adaptive",
 "seed": 2,
 "n_classes": 2,
 "n_test": 83,
 "nll": 0.6973886371159282,
 "ece": 0.11181427448749665,
 "brier": 0.5042397516222912,
 "conf": 0.5094046359332798,
 "auroc": 0.4933333333333333
}