{
 "dataset": "tabula_muris",
 "config": "adaptive",
 "seed": 2,
 "n_classes": 55,
 "n_test": 16458,
 "nll": 0.8765789405582712,
 "ece": 0.08449688667824368,
 "brier": 0.2866420230468205,
 "conf": 0.9017286280806013,
 "auroc": 0.8082964140235703
}