{
 "dataset": "tcell",
 "config": "adaptive",
 "seed": 2,
 "n_classes": 7,
 "n_test": 7203,
 "nll": 1.0317227998166918,
 "ece": 0.12489821691879328,
 "brier": 0.5231493912384042,
 "conf": 0.5393725395620119,
 "auroc": 0.7015737417827657
}