{
 "family": "pnet",
 "cohort": "stad",
 "task": "response",
 "mode": "learned",
 "K": 3,
 "n_features": 3000,
 "n_classes": 2,
 "n_samples": 414,
 "n_folds": 5,
 "seed": 42,
 "val_frac": 0.1,
 "cv_macro_f1": {
  "mean": 53.38148673803367,
  "std": 9.510952658057176,
  "folds": [
   42.16456634544107,
   69.43585211371335,
   45.751633986928105,
   56.59644404601822,
   52.95893719806764
  ]
 },
 "cv_accuracy": {
  "mean": 54.10520129297679,
  "std": 9.458741457221937,
  "folds": [
   43.373493975903614,
   69.87951807228916,
   45.78313253012048,
   57.831325301204814,
   53.65853658536586
  ]
 }
}