{
 "task": "blca",
 "arm": "biomor",
 "pos_class": 1,
 "n_folds": 10,
 "pos_f1": [
  0.7294181135303992,
  0.2105617459034079
 ],
 "pos_precision": [
  0.6580230555230555,
  0.053124610723446444
 ],
 "pos_recall": [
  0.887003367003367,
  0.2782818077917334
 ],
 "maj_f1": [
  0.7294181135303992,
  0.2105617459034079
 ],
 "macro_f1": [
  0.4036535690159638,
  0.050572688796246566
 ],
 "accuracy": [
  0.6337345679012347,
  0.10498347338021902
 ]
}