{
 "task": "panmeta_response",
 "arm": "biomor",
 "pos_class": 1,
 "n_folds": 10,
 "pos_f1": [
  0.8998041220577401,
  0.028557385326738932
 ],
 "pos_precision": [
  0.8975054095192296,
  0.0626508971184646
 ],
 "pos_recall": [
  0.9071347031963469,
  0.04225813063782092
 ],
 "maj_f1": [
  0.9955279892762168,
  0.001449523862500449
 ],
 "macro_f1": [
  0.9476660556669785,
  0.014988243714209726
 ],
 "accuracy": [
  0.9914395726363022,
  0.002757010012474172
 ]
}