{
 "dataset": "Segerstolpe",
 "mode": "learned",
 "K": 4,
 "seed": 2,
 "n_markers": 128,
 "test_macro_f1": 68.87923112347268,
 "test_accuracy": 89.2018779342723,
 "val_macro_f1": 72.58965239251711,
 "n_features": 2000,
 "n_classes": 11,
 "n_samples": 2127,
 "learned_lambda": 0.21968254446983337,
 "bio_anchor_have": false
}