{
 "dataset": "Segerstolpe",
 "mode": "learned",
 "K": 4,
 "seed": 1,
 "n_markers": 128,
 "test_macro_f1": 65.8266543126311,
 "test_accuracy": 89.358372456964,
 "val_macro_f1": 77.89254351839784,
 "n_features": 2000,
 "n_classes": 11,
 "n_samples": 2127,
 "learned_lambda": 0.22002463042736053,
 "bio_anchor_have": false
}