{
 "dataset": "Segerstolpe",
 "mode": "learned",
 "K": 4,
 "seed": 0,
 "n_markers": 128,
 "test_macro_f1": 61.818783435571426,
 "test_accuracy": 88.26291079812206,
 "val_macro_f1": 72.25239685414276,
 "n_features": 2000,
 "n_classes": 11,
 "n_samples": 2127,
 "learned_lambda": 0.22590216994285583,
 "bio_anchor_have": false
}