{
 "dataset": "Spleen",
 "mode": "learned",
 "K": 3,
 "seed": 2,
 "n_markers": 128,
 "test_macro_f1": 59.32140910406217,
 "test_accuracy": 68.8445058252771,
 "val_macro_f1": 59.842072236274625,
 "n_features": 1089,
 "n_classes": 28,
 "n_samples": 94129,
 "learned_lambda": 0.49002891778945923,
 "bio_anchor_have": false
}