{
 "dataset": "Spleen",
 "mode": "learned",
 "K": 3,
 "seed": 0,
 "n_markers": 128,
 "test_macro_f1": 56.65429790912789,
 "test_accuracy": 65.47682283366974,
 "val_macro_f1": 58.999080249157686,
 "n_features": 1089,
 "n_classes": 28,
 "n_samples": 94129,
 "learned_lambda": 0.44232943654060364,
 "bio_anchor_have": false
}