{
 "dataset": "common_class",
 "K": 100,
 "seed": 0,
 "val_macro_f1": 4.217242301948397,
 "test_macro_f1": 4.125344504684424,
 "test_accuracy": 12.23030303030303
}