{
 "dataset": "common_class",
 "K": 32,
 "seed": 0,
 "val_macro_f1": 4.282440580745209,
 "test_macro_f1": 4.099766400664612,
 "test_accuracy": 11.709090909090909
}