{
 "dataset": "common_class",
 "K": 48,
 "seed": 0,
 "val_macro_f1": 1.47729366416123,
 "test_macro_f1": 1.5570692382482436,
 "test_accuracy": 11.284848484848485
}