{
 "dataset": "common_class",
 "K": 5,
 "seed": 0,
 "val_macro_f1": 70.08567723110262,
 "test_macro_f1": 68.4130894479477,
 "test_accuracy": 83.01818181818182
}