{
 "dataset": "common_class",
 "K": 80,
 "seed": 0,
 "val_macro_f1": 3.041599836185683,
 "test_macro_f1": 3.0238922609340264,
 "test_accuracy": 5.151515151515151
}