{
 "task": "prostate",
 "arm": "expert_k3",
 "pos_class": 1,
 "n_folds": 10,
 "pos_f1": [
  0.6234724863507282,
  0.07765918791432999
 ],
 "pos_precision": [
  0.5552661131252947,
  0.1283301609903352
 ],
 "pos_recall": [
  0.7746494798733605,
  0.138459252092729
 ],
 "maj_f1": [
  0.6433449729898678,
  0.3237497354951732
 ],
 "macro_f1": [
  0.6334087296702979,
  0.19605595032058182
 ],
 "accuracy": [
  0.6673072233331708,
  0.17259639854524492
 ]
}