{
 "dataset": "pancreas",
 "K": 100,
 "seed": 0,
 "val_macro_f1": 3.571428571428571,
 "test_macro_f1": 5.346528678755695,
 "test_accuracy": 41.654913023037146
}