{
 "dataset": "pancreas",
 "K": 20,
 "seed": 0,
 "val_macro_f1": 82.11907914730547,
 "test_macro_f1": 52.421966116354845,
 "test_accuracy": 90.03291020216267
}