{
 "dataset": "pancreas",
 "K": 2,
 "seed": 0,
 "val_macro_f1": 74.95901115248927,
 "test_macro_f1": 49.25879029831409,
 "test_accuracy": 82.98072402444758
}