{
 "dataset": "pancreas",
 "K": 32,
 "seed": 0,
 "val_macro_f1": 79.3062344168169,
 "test_macro_f1": 54.52986401617218,
 "test_accuracy": 87.40009402914903
}