{
 "dataset": "pancreas",
 "K": 48,
 "seed": 0,
 "val_macro_f1": 75.57989972338567,
 "test_macro_f1": 50.86064700329697,
 "test_accuracy": 84.0620592383639
}