{
 "dataset": "pancreas",
 "K": 4,
 "seed": 1,
 "val_macro_f1": 84.24174911231862,
 "test_macro_f1": 57.22603652316484,
 "test_accuracy": 92.2425952045134
}