{
 "dataset": "pancreas",
 "K": 4,
 "seed": 0,
 "val_macro_f1": 80.80621246828883,
 "test_macro_f1": 59.89732858262092,
 "test_accuracy": 88.99858956276445
}