{
 "dataset": "pancreas",
 "K": 5,
 "seed": 1,
 "val_macro_f1": 73.93548160868482,
 "test_macro_f1": 54.3154923327672,
 "test_accuracy": 92.7127409496944
}