{
 "dataset": "pancreas",
 "K": 5,
 "seed": 0,
 "val_macro_f1": 74.58939045951125,
 "test_macro_f1": 54.5052559134931,
 "test_accuracy": 89.42172073342736
}