{
 "dataset": "pancreas",
 "K": 80,
 "seed": 0,
 "val_macro_f1": 72.80864124528833,
 "test_macro_f1": 50.516272596373234,
 "test_accuracy": 87.58815232722144
}