{
 "dataset": "pancreas",
 "K": 8,
 "seed": 0,
 "val_macro_f1": 77.50456972097669,
 "test_macro_f1": 55.63749045391515,
 "test_accuracy": 90.12693935119887
}