{
 "dataset": "Baron",
 "method": "NearestCentroid",
 "seed": 0,
 "test_macro_f1": 81.62716318919811,
 "test_accuracy": 88.05912096460521,
 "n_features": 2000,
 "n_classes": 13,
 "n_samples": 8569
}