{
 "dataset": "Baron",
 "method": "NearestCentroid",
 "seed": 2,
 "test_macro_f1": 81.3988651450837,
 "test_accuracy": 87.35900427849086,
 "n_features": 2000,
 "n_classes": 13,
 "n_samples": 8569
}