{
 "dataset": "Baron",
 "method": "Random Forest",
 "seed": 2,
 "test_macro_f1": 85.1941092060636,
 "test_accuracy": 98.36639439906651,
 "n_features": 2000,
 "n_classes": 13,
 "n_samples": 8569
}