{
 "dataset": "lung",
 "n_samples": 57020,
 "n_features": 1089,
 "n_classes": 25,
 "n_train": 33926,
 "n_test": 17106,
 "transformer_params": 75168,
 "total_params": 194355,
 "config": {
  "heads": [
   "cell_type"
  ],
  "cohorts": null,
  "n_hvg": null,
  "n_channels": 1,
  "batch_size": 128,
  "val_frac": 0.15,
  "test_frac": 0.15,
  "d_model": 96,
  "n_heads": 4,
  "d_ff": 192,
  "dropout": 0.1,
  "n_markers": 128,
  "marker_mode": "variance",
  "pathway_pool": "mean",
  "compress_mode": "aggregate",
  "recursive_marker_refine": true,
  "peak_init": true,
  "anneal_markers": true,
  "recursion_depth": 4,
  "share_weights": true,
  "share_strategy": "cycle",
  "n_unique_blocks": null,
  "step_cache": false,
  "adaptive_depth": false,
  "marker_ffn": false,
  "recursion_mode": "expert",
  "router_capacity": null,
  "router_alpha": 1.0,
  "router_temp": 1.0,
  "router_type": "linear",
  "router_z_coeff": 0.001,
  "router_balance_coeff": 0.1,
  "gene_interaction": "none",
  "interaction_knn": 16,
  "router_prior_beta": 1.0,
  "router_prior_anneal": true,
  "pathway_attn_bias": false,
  "pathway_attn_lambda": 2.0,
  "lambda_marker": 0.1,
  "gamma_diversity": 0.05,
  "beta_compression": 0.01,
  "lr": 0.001,
  "weight_decay": 1e-05,
  "epochs": 150,
  "patience": 15,
  "seed": 1,
  "device": "cuda"
 },
 "heads": {
  "cell_type": {
   "accuracy": 0.7547644101484859,
   "macro_f1": 0.6968802461281066,
   "weighted_f1": 0.7644137258107871,
   "per_class": {
    "0": {
     "precision": 0.6160337552742616,
     "recall": 0.6375545851528385,
     "f1-score": 0.6266094420600858,
     "support": 229.0
    },
    "1": {
     "precision": 0.9536516853932584,
     "recall": 0.9679258731290092,
     "f1-score": 0.9607357622921825,
     "support": 1403.0
    },
    "2": {
     "precision": 0.7840466926070039,
     "recall": 0.8666666666666667,
     "f1-score": 0.8232890704800817,
     "support": 465.0
    },
    "3": {
     "precision": 0.9008567931456548,
     "recall": 0.9108910891089109,
     "f1-score": 0.9058461538461539,
     "support": 808.0
    },
    "4": {
     "precision": 0.9008264462809917,
     "recall": 0.7785714285714286,
     "f1-score": 0.8352490421455939,
     "support": 140.0
    },
    "5": {
     "precision": 0.7115384615384616,
     "recall": 0.7551020408163265,
     "f1-score": 0.7326732673267327,
     "support": 49.0
    },
    "6": {
     "precision": 0.7221135029354208,
     "recall": 0.7655601659751037,
     "f1-score": 0.743202416918429,
     "support": 482.0
    },
    "7": {
     "precision": 0.6,
     "recall": 0.4520547945205479,
     "f1-score": 0.515625,
     "support": 73.0
    },
    "8": {
     "precision": 0.6808510638297872,
     "recall": 0.8648648648648649,
     "f1-score": 0.7619047619047619,
     "support": 37.0
    },
    "9": {
     "precision": 0.625,
     "recall": 0.7142857142857143,
     "f1-score": 0.6666666666666666,
     "support": 14.0
    },
    "10": {
     "precision": 0.9492219492219492,
     "recall": 0.8356164383561644,
     "f1-score": 0.8888036809815951,
     "support": 1387.0
    },
    "11": {
     "precision": 0.6642335766423357,
     "recall": 0.900990099009901,
     "f1-score": 0.7647058823529411,
     "support": 101.0
    },
    "12": {
     "precision": 0.5555555555555556,
     "recall": 0.7142857142857143,
     "f1-score": 0.625,
     "support": 28.0
    },
    "13": {
     "precision": 0.6768707482993197,
     "recall": 0.708185053380783,
     "f1-score": 0.6921739130434783,
     "support": 281.0
    },
    "14": {
     "precision": 0.8787425149700598,
     "recall": 0.8670605612998523,
     "f1-score": 0.8728624535315985,
     "support": 1354.0
    },
    "15": {
     "precision": 0.7950819672131147,
     "recall": 0.8888888888888888,
     "f1-score": 0.8393726338561385,
     "support": 873.0
    },
    "16": {
     "precision": 0.8848758465011287,
     "recall": 0.8615384615384616,
     "f1-score": 0.8730512249443207,
     "support": 1820.0
    },
    "17": {
     "precision": 0.5737265415549598,
     "recall": 0.8492063492063492,
     "f1-score": 0.6848,
     "support": 252.0
    },
    "18": {
     "precision": 0.8302568218298555,
     "recall": 0.66208,
     "f1-score": 0.7366921844400925,
     "support": 3125.0
    },
    "19": {
     "precision": 0.3559322033898305,
     "recall": 0.5384615384615384,
     "f1-score": 0.42857142857142855,
     "support": 39.0
    },
    "20": {
     "precision": 0.7052631578947368,
     "recall": 0.7790697674418605,
     "f1-score": 0.7403314917127072,
     "support": 86.0
    },
    "21": {
     "precision": 0.7455303933253874,
     "recall": 0.5783633841886269,
     "f1-score": 0.651392866441031,
     "support": 2163.0
    },
    "22": {
     "precision": 0.43722172751558325,
     "recall": 0.5686160972785177,
     "f1-score": 0.4943367732192298,
     "support": 1727.0
    },
    "23": {
     "precision": 0.3333333333333333,
     "recall": 0.34615384615384615,
     "f1-score": 0.33962264150943394,
     "support": 26.0
    },
    "24": {
     "precision": 0.1368421052631579,
     "recall": 0.5416666666666666,
     "f1-score": 0.2184873949579832,
     "support": 144.0
    },
    "accuracy": 0.7547644101484859,
    "macro avg": {
     "precision": 0.680704273740606,
     "recall": 0.7341464035699432,
     "f1-score": 0.6968802461281066,
     "support": 17106.0
    },
    "weighted avg": {
     "precision": 0.786379907780067,
     "recall": 0.7547644101484859,
     "f1-score": 0.7644137258107871,
     "support": 17106.0
    }
   }
  }
 }
}