{
 "dataset": "oesophagus",
 "n_samples": 87947,
 "n_features": 1089,
 "n_classes": 18,
 "n_train": 52327,
 "n_test": 26385,
 "transformer_params": 75168,
 "total_params": 192997,
 "config": {
  "heads": [
   "cell_type"
  ],
  "cohorts": null,
  "n_hvg": null,
  "n_channels": 1,
  "batch_size": 128,
  "val_frac": 0.15,
  "test_frac": 0.15,
  "d_model": 96,
  "n_heads": 4,
  "d_ff": 192,
  "dropout": 0.1,
  "n_markers": 128,
  "marker_mode": "variance",
  "pathway_pool": "mean",
  "compress_mode": "aggregate",
  "recursive_marker_refine": true,
  "peak_init": true,
  "anneal_markers": true,
  "recursion_depth": 4,
  "share_weights": true,
  "share_strategy": "cycle",
  "n_unique_blocks": null,
  "step_cache": false,
  "adaptive_depth": false,
  "marker_ffn": false,
  "recursion_mode": "expert",
  "router_capacity": null,
  "router_alpha": 1.0,
  "router_temp": 1.0,
  "router_type": "linear",
  "router_z_coeff": 0.001,
  "router_balance_coeff": 0.1,
  "gene_interaction": "none",
  "interaction_knn": 16,
  "router_prior_beta": 1.0,
  "router_prior_anneal": true,
  "pathway_attn_bias": false,
  "pathway_attn_lambda": 2.0,
  "lambda_marker": 0.1,
  "gamma_diversity": 0.05,
  "beta_compression": 0.01,
  "lr": 0.001,
  "weight_decay": 1e-05,
  "epochs": 150,
  "patience": 15,
  "seed": 1,
  "device": "cuda"
 },
 "heads": {
  "cell_type": {
   "accuracy": 0.8214136820162972,
   "macro_f1": 0.6222854764650293,
   "weighted_f1": 0.8262922089641387,
   "per_class": {
    "0": {
     "precision": 0.4457831325301205,
     "recall": 0.5323741007194245,
     "f1-score": 0.4852459016393443,
     "support": 139.0
    },
    "1": {
     "precision": 0.5951417004048583,
     "recall": 0.6336206896551724,
     "f1-score": 0.6137787056367432,
     "support": 232.0
    },
    "2": {
     "precision": 0.7735470941883767,
     "recall": 0.8596881959910914,
     "f1-score": 0.8143459915611815,
     "support": 449.0
    },
    "3": {
     "precision": 0.6864406779661016,
     "recall": 0.801980198019802,
     "f1-score": 0.7397260273972602,
     "support": 101.0
    },
    "4": {
     "precision": 0.5153846153846153,
     "recall": 0.5929203539823009,
     "f1-score": 0.551440329218107,
     "support": 226.0
    },
    "5": {
     "precision": 0.7509965453095934,
     "recall": 0.8666053357865685,
     "f1-score": 0.8046697038724373,
     "support": 3261.0
    },
    "6": {
     "precision": 0.9672753142044107,
     "recall": 0.8082028928076085,
     "f1-score": 0.8806131260794473,
     "support": 15141.0
    },
    "7": {
     "precision": 0.7060622914349277,
     "recall": 0.8463333333333334,
     "f1-score": 0.769860521528199,
     "support": 3000.0
    },
    "8": {
     "precision": 0.6780786918753193,
     "recall": 0.9668488160291439,
     "f1-score": 0.7971166841868148,
     "support": 2745.0
    },
    "9": {
     "precision": 0.7916666666666666,
     "recall": 0.7169811320754716,
     "f1-score": 0.7524752475247525,
     "support": 53.0
    },
    "10": {
     "precision": 0.45161290322580644,
     "recall": 0.875,
     "f1-score": 0.5957446808510638,
     "support": 16.0
    },
    "11": {
     "precision": 0.2653061224489796,
     "recall": 0.40625,
     "f1-score": 0.32098765432098764,
     "support": 32.0
    },
    "12": {
     "precision": 0.5185185185185185,
     "recall": 0.4117647058823529,
     "f1-score": 0.45901639344262296,
     "support": 34.0
    },
    "13": {
     "precision": 0.5535714285714286,
     "recall": 0.62,
     "f1-score": 0.5849056603773585,
     "support": 100.0
    },
    "14": {
     "precision": 0.24271844660194175,
     "recall": 0.4166666666666667,
     "f1-score": 0.3067484662576687,
     "support": 60.0
    },
    "15": {
     "precision": 0.6903553299492385,
     "recall": 0.8947368421052632,
     "f1-score": 0.7793696275071633,
     "support": 152.0
    },
    "16": {
     "precision": 0.5157232704402516,
     "recall": 0.4049382716049383,
     "f1-score": 0.4536652835408022,
     "support": 405.0
    },
    "17": {
     "precision": 0.45104895104895104,
     "recall": 0.5397489539748954,
     "f1-score": 0.49142857142857144,
     "support": 239.0
    },
    "accuracy": 0.8214136820162972,
    "macro avg": {
     "precision": 0.5888462055983392,
     "recall": 0.6774811382574463,
     "f1-score": 0.6222854764650293,
     "support": 26385.0
    },
    "weighted avg": {
     "precision": 0.8479826191340263,
     "recall": 0.8214136820162972,
     "f1-score": 0.8262922089641387,
     "support": 26385.0
    }
   }
  }
 }
}