{
 "dataset": "spleen",
 "n_samples": 94129,
 "n_features": 1089,
 "n_classes": 28,
 "n_train": 56006,
 "n_test": 28239,
 "transformer_params": 75168,
 "total_params": 194937,
 "config": {
  "heads": [
   "cell_type"
  ],
  "cohorts": null,
  "n_hvg": null,
  "n_channels": 1,
  "batch_size": 128,
  "val_frac": 0.15,
  "test_frac": 0.15,
  "d_model": 96,
  "n_heads": 4,
  "d_ff": 192,
  "dropout": 0.1,
  "n_markers": 128,
  "marker_mode": "variance",
  "pathway_pool": "mean",
  "compress_mode": "aggregate",
  "recursive_marker_refine": true,
  "peak_init": true,
  "anneal_markers": true,
  "recursion_depth": 4,
  "share_weights": true,
  "share_strategy": "cycle",
  "n_unique_blocks": null,
  "step_cache": false,
  "adaptive_depth": false,
  "marker_ffn": false,
  "recursion_mode": "expert",
  "router_capacity": null,
  "router_alpha": 1.0,
  "router_temp": 1.0,
  "router_type": "linear",
  "router_z_coeff": 0.001,
  "router_balance_coeff": 0.1,
  "gene_interaction": "none",
  "interaction_knn": 16,
  "router_prior_beta": 1.0,
  "router_prior_anneal": true,
  "pathway_attn_bias": false,
  "pathway_attn_lambda": 2.0,
  "lambda_marker": 0.1,
  "gamma_diversity": 0.05,
  "beta_compression": 0.01,
  "lr": 0.001,
  "weight_decay": 1e-05,
  "epochs": 150,
  "patience": 15,
  "seed": 1,
  "device": "cuda"
 },
 "heads": {
  "cell_type": {
   "accuracy": 0.624384716172669,
   "macro_f1": 0.5456426207950594,
   "weighted_f1": 0.6331918593675043,
   "per_class": {
    "0": {
     "precision": 0.6506849315068494,
     "recall": 0.7251908396946565,
     "f1-score": 0.6859205776173285,
     "support": 131.0
    },
    "1": {
     "precision": 0.416551724137931,
     "recall": 0.4561933534743202,
     "f1-score": 0.43547224224945924,
     "support": 662.0
    },
    "2": {
     "precision": 0.7551714366676112,
     "recall": 0.5454359394187475,
     "f1-score": 0.6333927510398099,
     "support": 4886.0
    },
    "3": {
     "precision": 0.714497528830313,
     "recall": 0.7808786460208859,
     "f1-score": 0.746214728148658,
     "support": 5554.0
    },
    "4": {
     "precision": 0.34951456310679613,
     "recall": 0.7346938775510204,
     "f1-score": 0.47368421052631576,
     "support": 49.0
    },
    "5": {
     "precision": 0.5454545454545454,
     "recall": 0.5833333333333334,
     "f1-score": 0.5637583892617449,
     "support": 72.0
    },
    "6": {
     "precision": 0.7003968253968254,
     "recall": 0.8266978922716628,
     "f1-score": 0.7583243823845328,
     "support": 427.0
    },
    "7": {
     "precision": 0.4444444444444444,
     "recall": 0.7272727272727273,
     "f1-score": 0.5517241379310345,
     "support": 11.0
    },
    "8": {
     "precision": 0.48484848484848486,
     "recall": 0.6233766233766234,
     "f1-score": 0.5454545454545454,
     "support": 77.0
    },
    "9": {
     "precision": 0.13139931740614336,
     "recall": 0.45294117647058824,
     "f1-score": 0.2037037037037037,
     "support": 170.0
    },
    "10": {
     "precision": 0.4052757793764988,
     "recall": 0.5434083601286174,
     "f1-score": 0.4642857142857143,
     "support": 311.0
    },
    "11": {
     "precision": 0.9288461538461539,
     "recall": 0.8306104901117799,
     "f1-score": 0.8769859282796187,
     "support": 1163.0
    },
    "12": {
     "precision": 0.7895335608646189,
     "recall": 0.7229166666666667,
     "f1-score": 0.754758020663404,
     "support": 1920.0
    },
    "13": {
     "precision": 0.847910592808552,
     "recall": 0.7800625838176128,
     "f1-score": 0.8125727590221188,
     "support": 2237.0
    },
    "14": {
     "precision": 0.3729903536977492,
     "recall": 0.6444444444444445,
     "f1-score": 0.4725050916496945,
     "support": 180.0
    },
    "15": {
     "precision": 0.46710526315789475,
     "recall": 0.6574074074074074,
     "f1-score": 0.5461538461538461,
     "support": 540.0
    },
    "16": {
     "precision": 0.640479360852197,
     "recall": 0.6447721179624665,
     "f1-score": 0.642618570474282,
     "support": 746.0
    },
    "17": {
     "precision": 0.7327586206896551,
     "recall": 0.6463878326996197,
     "f1-score": 0.6868686868686869,
     "support": 526.0
    },
    "18": {
     "precision": 0.2857142857142857,
     "recall": 0.3333333333333333,
     "f1-score": 0.3076923076923077,
     "support": 24.0
    },
    "19": {
     "precision": 0.6882270823638902,
     "recall": 0.44494584837545126,
     "f1-score": 0.5404714050794811,
     "support": 3324.0
    },
    "20": {
     "precision": 0.3432708688245315,
     "recall": 0.49086479902557856,
     "f1-score": 0.40401002506265665,
     "support": 821.0
    },
    "21": {
     "precision": 0.31643625192012287,
     "recall": 0.6390899689762151,
     "f1-score": 0.4232876712328767,
     "support": 967.0
    },
    "22": {
     "precision": 0.21652892561983472,
     "recall": 0.43234323432343236,
     "f1-score": 0.28854625550660795,
     "support": 303.0
    },
    "23": {
     "precision": 0.3152,
     "recall": 0.6314102564102564,
     "f1-score": 0.4204909284951974,
     "support": 312.0
    },
    "24": {
     "precision": 0.6356821589205397,
     "recall": 0.5721997300944669,
     "f1-score": 0.6022727272727273,
     "support": 741.0
    },
    "25": {
     "precision": 0.7232,
     "recall": 0.30073186959414505,
     "f1-score": 0.424812030075188,
     "support": 1503.0
    },
    "26": {
     "precision": 0.38684503901895206,
     "recall": 0.7139917695473251,
     "f1-score": 0.5018076644974693,
     "support": 486.0
    },
    "27": {
     "precision": 0.5,
     "recall": 0.5208333333333334,
     "f1-score": 0.5102040816326531,
     "support": 96.0
    },
    "accuracy": 0.624384716172669,
    "macro avg": {
     "precision": 0.5281774321241222,
     "recall": 0.6073488733977399,
     "f1-score": 0.5456426207950594,
     "support": 28239.0
    },
    "weighted avg": {
     "precision": 0.6756965909218726,
     "recall": 0.624384716172669,
     "f1-score": 0.6331918593675043,
     "support": 28239.0
    }
   }
  }
 }
}