{
 "dataset": "tcell",
 "n_samples": 24007,
 "n_features": 1089,
 "n_classes": 7,
 "n_train": 14283,
 "n_test": 7203,
 "transformer_params": 75168,
 "total_params": 190863,
 "config": {
  "heads": [
   "cell_type"
  ],
  "cohorts": null,
  "n_hvg": null,
  "n_channels": 1,
  "batch_size": 128,
  "val_frac": 0.15,
  "test_frac": 0.15,
  "d_model": 96,
  "n_heads": 4,
  "d_ff": 192,
  "dropout": 0.1,
  "n_markers": 128,
  "marker_mode": "variance",
  "pathway_pool": "mean",
  "compress_mode": "aggregate",
  "recursive_marker_refine": true,
  "peak_init": true,
  "anneal_markers": true,
  "recursion_depth": 4,
  "share_weights": true,
  "share_strategy": "cycle",
  "n_unique_blocks": null,
  "step_cache": false,
  "adaptive_depth": false,
  "marker_ffn": false,
  "recursion_mode": "expert",
  "router_capacity": null,
  "router_alpha": 1.0,
  "router_temp": 1.0,
  "router_type": "linear",
  "router_z_coeff": 0.001,
  "router_balance_coeff": 0.1,
  "gene_interaction": "none",
  "interaction_knn": 16,
  "router_prior_beta": 1.0,
  "router_prior_anneal": true,
  "pathway_attn_bias": false,
  "pathway_attn_lambda": 2.0,
  "lambda_marker": 0.1,
  "gamma_diversity": 0.05,
  "beta_compression": 0.01,
  "lr": 0.001,
  "weight_decay": 1e-05,
  "epochs": 150,
  "patience": 15,
  "seed": 1,
  "device": "cuda"
 },
 "heads": {
  "cell_type": {
   "accuracy": 0.65847563515202,
   "macro_f1": 0.5242957557108644,
   "weighted_f1": 0.700456815098359,
   "per_class": {
    "0": {
     "precision": 0.4,
     "recall": 0.4489795918367347,
     "f1-score": 0.4230769230769231,
     "support": 245.0
    },
    "1": {
     "precision": 0.723292469352014,
     "recall": 0.7634011090573013,
     "f1-score": 0.7428057553956835,
     "support": 541.0
    },
    "2": {
     "precision": 0.9206807037784829,
     "recall": 0.6981627296587927,
     "f1-score": 0.7941286229630551,
     "support": 4572.0
    },
    "3": {
     "precision": 0.15405405405405406,
     "recall": 0.17701863354037267,
     "f1-score": 0.16473988439306358,
     "support": 322.0
    },
    "4": {
     "precision": 0.5182370820668692,
     "recall": 0.5214067278287462,
     "f1-score": 0.5198170731707317,
     "support": 654.0
    },
    "5": {
     "precision": 0.812992125984252,
     "recall": 0.7170138888888888,
     "f1-score": 0.7619926199261993,
     "support": 576.0
    },
    "6": {
     "precision": 0.1602658788774003,
     "recall": 0.7406143344709898,
     "f1-score": 0.26350941105039466,
     "support": 293.0
    },
    "accuracy": 0.65847563515202,
    "macro avg": {
     "precision": 0.5270746163018675,
     "recall": 0.5809424307545467,
     "f1-score": 0.5242957557108644,
     "support": 7203.0
    },
    "weighted avg": {
     "precision": 0.7777908132375133,
     "recall": 0.65847563515202,
     "f1-score": 0.700456815098359,
     "support": 7203.0
    }
   }
  }
 }
}