{
 "family": "pnet",
 "cohort": "blca",
 "task": "response",
 "mode": "learned",
 "K": 2,
 "n_features": 3000,
 "n_classes": 2,
 "n_samples": 404,
 "n_folds": 5,
 "seed": 42,
 "val_frac": 0.1,
 "cv_macro_f1": {
  "mean": 47.82419558923274,
  "std": 4.316302416566188,
  "folds": [
   51.35529946437267,
   49.689440993788814,
   39.35828877005348,
   50.0,
   48.717948717948715
  ]
 },
 "cv_accuracy": {
  "mean": 51.0,
  "std": 6.000609632190155,
  "folds": [
   54.32098765432099,
   50.617283950617285,
   39.50617283950617,
   55.55555555555556,
   55.00000000000001
  ]
 },
 "cv_pos_f1": {
  "mean": 77.36324853590773,
  "std": 5.03352303963292,
  "folds": [
   67.88990825688074,
   80.88235294117648,
   81.48148148148148,
   80.0,
   76.5625
  ]
 }
}