{
 "dataset": "baron",
 "n_samples": 8569,
 "n_features": 1936,
 "n_classes": 14,
 "n_train": 5098,
 "n_test": 2571,
 "transformer_params": 1183872,
 "total_params": 2284829,
 "config": {
  "heads": [
   "cell_type"
  ],
  "cohorts": null,
  "n_hvg": null,
  "n_channels": 1,
  "batch_size": 128,
  "val_frac": 0.15,
  "test_frac": 0.15,
  "d_model": 384,
  "n_heads": 4,
  "d_ff": 768,
  "dropout": 0.1,
  "n_markers": 128,
  "marker_mode": "router",
  "pathway_pool": "mean",
  "compress_mode": "aggregate",
  "recursive_marker_refine": true,
  "peak_init": true,
  "anneal_markers": true,
  "recursion_depth": 4,
  "share_weights": true,
  "share_strategy": "cycle",
  "n_unique_blocks": null,
  "step_cache": false,
  "adaptive_depth": false,
  "marker_ffn": false,
  "recursion_mode": "fixed",
  "router_capacity": null,
  "router_alpha": 1.0,
  "router_temp": 1.0,
  "router_type": "linear",
  "router_z_coeff": 0.001,
  "router_balance_coeff": 0.1,
  "gene_interaction": "none",
  "interaction_knn": 16,
  "router_prior_beta": 1.0,
  "router_prior_anneal": true,
  "pathway_attn_bias": false,
  "pathway_attn_lambda": 2.0,
  "lambda_marker": 0.1,
  "gamma_diversity": 0.05,
  "beta_compression": 0.01,
  "lr": 0.001,
  "weight_decay": 1e-05,
  "epochs": 80,
  "patience": 12,
  "seed": 0,
  "device": "cuda"
 },
 "heads": {
  "cell_type": {
   "accuracy": 0.6958381952547646,
   "macro_f1": 0.5084007632570169,
   "weighted_f1": 0.7158855788147743,
   "per_class": {
    "0": {
     "precision": 0.8272727272727273,
     "recall": 0.9512195121951219,
     "f1-score": 0.8849270664505673,
     "support": 287.0
    },
    "1": {
     "precision": 0.6822429906542056,
     "recall": 0.8588235294117647,
     "f1-score": 0.7604166666666666,
     "support": 85.0
    },
    "2": {
     "precision": 0.8266423357664233,
     "recall": 0.6489971346704871,
     "f1-score": 0.7271268057784912,
     "support": 698.0
    },
    "3": {
     "precision": 0.8693957115009746,
     "recall": 0.5883905013192612,
     "f1-score": 0.7018095987411487,
     "support": 758.0
    },
    "4": {
     "precision": 0.3684210526315789,
     "recall": 0.7388888888888889,
     "f1-score": 0.49168207024029575,
     "support": 180.0
    },
    "5": {
     "precision": 0.9138576779026217,
     "recall": 0.7554179566563467,
     "f1-score": 0.8271186440677966,
     "support": 323.0
    },
    "6": {
     "precision": 0.6666666666666666,
     "recall": 0.8157894736842105,
     "f1-score": 0.7337278106508875,
     "support": 76.0
    },
    "7": {
     "precision": 0.0,
     "recall": 0.0,
     "f1-score": 0.0,
     "support": 5.0
    },
    "8": {
     "precision": 0.24521072796934865,
     "recall": 0.8311688311688312,
     "f1-score": 0.378698224852071,
     "support": 77.0
    },
    "9": {
     "precision": 0.6,
     "recall": 0.7058823529411765,
     "f1-score": 0.6486486486486487,
     "support": 17.0
    },
    "10": {
     "precision": 0.2857142857142857,
     "recall": 0.8571428571428571,
     "f1-score": 0.42857142857142855,
     "support": 7.0
    },
    "11": {
     "precision": 0.6764705882352942,
     "recall": 0.4423076923076923,
     "f1-score": 0.5348837209302325,
     "support": 52.0
    },
    "12": {
     "precision": 0.0,
     "recall": 0.0,
     "f1-score": 0.0,
     "support": 4.0
    },
    "13": {
     "precision": 0.0,
     "recall": 0.0,
     "f1-score": 0.0,
     "support": 2.0
    },
    "accuracy": 0.6958381952547646,
    "macro avg": {
     "precision": 0.4972781974510091,
     "recall": 0.5852877664561884,
     "f1-score": 0.5084007632570169,
     "support": 2571.0
    },
    "weighted avg": {
     "precision": 0.7817317811592204,
     "recall": 0.6958381952547646,
     "f1-score": 0.7158855788147743,
     "support": 2571.0
    }
   }
  }
 }
}