{
 "dataset": "common_class",
 "n_samples": 27499,
 "n_features": 1089,
 "n_classes": 19,
 "n_train": 16361,
 "n_test": 8250,
 "transformer_params": 1183872,
 "total_params": 1963431,
 "config": {
  "heads": [
   "cell_type"
  ],
  "cohorts": null,
  "n_hvg": null,
  "n_channels": 1,
  "batch_size": 128,
  "val_frac": 0.15,
  "test_frac": 0.15,
  "d_model": 384,
  "n_heads": 4,
  "d_ff": 768,
  "dropout": 0.1,
  "n_markers": 128,
  "marker_mode": "router",
  "pathway_pool": "mean",
  "compress_mode": "aggregate",
  "recursive_marker_refine": true,
  "peak_init": true,
  "anneal_markers": true,
  "recursion_depth": 4,
  "share_weights": true,
  "share_strategy": "cycle",
  "n_unique_blocks": null,
  "step_cache": false,
  "adaptive_depth": false,
  "marker_ffn": false,
  "recursion_mode": "fixed",
  "router_capacity": null,
  "router_alpha": 1.0,
  "router_temp": 1.0,
  "router_type": "linear",
  "router_z_coeff": 0.001,
  "router_balance_coeff": 0.1,
  "gene_interaction": "none",
  "interaction_knn": 16,
  "router_prior_beta": 1.0,
  "router_prior_anneal": true,
  "pathway_attn_bias": false,
  "pathway_attn_lambda": 2.0,
  "lambda_marker": 0.1,
  "gamma_diversity": 0.05,
  "beta_compression": 0.01,
  "lr": 0.001,
  "weight_decay": 1e-05,
  "epochs": 80,
  "patience": 12,
  "seed": 0,
  "device": "cuda"
 },
 "heads": {
  "cell_type": {
   "accuracy": 0.5945454545454546,
   "macro_f1": 0.36914322249664794,
   "weighted_f1": 0.6195210775178756,
   "per_class": {
    "0": {
     "precision": 0.2719298245614035,
     "recall": 0.8157894736842105,
     "f1-score": 0.40789473684210525,
     "support": 76.0
    },
    "1": {
     "precision": 0.39487179487179486,
     "recall": 0.23547400611620795,
     "f1-score": 0.2950191570881226,
     "support": 327.0
    },
    "2": {
     "precision": 0.3895582329317269,
     "recall": 0.40756302521008403,
     "f1-score": 0.39835728952772076,
     "support": 238.0
    },
    "3": {
     "precision": 0.19334719334719336,
     "recall": 0.5568862275449101,
     "f1-score": 0.28703703703703703,
     "support": 167.0
    },
    "4": {
     "precision": 0.11312217194570136,
     "recall": 0.15625,
     "f1-score": 0.13123359580052493,
     "support": 160.0
    },
    "5": {
     "precision": 0.2208067940552017,
     "recall": 0.42448979591836733,
     "f1-score": 0.2905027932960894,
     "support": 245.0
    },
    "6": {
     "precision": 0.22108843537414966,
     "recall": 0.5462184873949579,
     "f1-score": 0.31476997578692495,
     "support": 119.0
    },
    "7": {
     "precision": 0.6130841121495327,
     "recall": 0.488822652757079,
     "f1-score": 0.5439469320066335,
     "support": 671.0
    },
    "8": {
     "precision": 0.1610738255033557,
     "recall": 0.3333333333333333,
     "f1-score": 0.2171945701357466,
     "support": 144.0
    },
    "9": {
     "precision": 0.31376975169300225,
     "recall": 0.33737864077669905,
     "f1-score": 0.32514619883040935,
     "support": 412.0
    },
    "10": {
     "precision": 0.2709677419354839,
     "recall": 0.25301204819277107,
     "f1-score": 0.2616822429906542,
     "support": 166.0
    },
    "11": {
     "precision": 0.49318181818181817,
     "recall": 0.4246575342465753,
     "f1-score": 0.45636172450052576,
     "support": 511.0
    },
    "12": {
     "precision": 0.676056338028169,
     "recall": 0.09090909090909091,
     "f1-score": 0.16026711185308848,
     "support": 528.0
    },
    "13": {
     "precision": 0.12355212355212356,
     "recall": 0.3404255319148936,
     "f1-score": 0.1813031161473088,
     "support": 94.0
    },
    "14": {
     "precision": 0.0374331550802139,
     "recall": 0.5,
     "f1-score": 0.06965174129353234,
     "support": 14.0
    },
    "15": {
     "precision": 0.37888198757763975,
     "recall": 0.3034825870646766,
     "f1-score": 0.3370165745856354,
     "support": 201.0
    },
    "16": {
     "precision": 0.9838523644752019,
     "recall": 0.9649321266968326,
     "f1-score": 0.9743003997715591,
     "support": 884.0
    },
    "17": {
     "precision": 0.9777190332326284,
     "recall": 0.7927127985303123,
     "f1-score": 0.8755495434562056,
     "support": 3266.0
    },
    "18": {
     "precision": 0.3829787234042553,
     "recall": 0.6666666666666666,
     "f1-score": 0.4864864864864865,
     "support": 27.0
    },
    "accuracy": 0.5945454545454546,
    "macro avg": {
     "precision": 0.3798566011526629,
     "recall": 0.4546844224714562,
     "f1-score": 0.36914322249664794,
     "support": 8250.0
    },
    "weighted avg": {
     "precision": 0.6972959212470461,
     "recall": 0.5945454545454546,
     "f1-score": 0.6195210775178756,
     "support": 8250.0
    }
   }
  }
 }
}