{
 "dataset": "prototype",
 "n_samples": 90579,
 "n_features": 752,
 "n_classes": 10,
 "n_train": 53894,
 "n_test": 27174,
 "transformer_params": 1183872,
 "total_params": 1827093,
 "config": {
  "heads": [
   "cell_type"
  ],
  "cohorts": null,
  "n_hvg": null,
  "n_channels": 1,
  "batch_size": 128,
  "val_frac": 0.15,
  "test_frac": 0.15,
  "d_model": 384,
  "n_heads": 4,
  "d_ff": 768,
  "dropout": 0.1,
  "n_markers": 128,
  "marker_mode": "router",
  "pathway_pool": "mean",
  "compress_mode": "aggregate",
  "recursive_marker_refine": true,
  "peak_init": true,
  "anneal_markers": true,
  "recursion_depth": 4,
  "share_weights": true,
  "share_strategy": "cycle",
  "n_unique_blocks": null,
  "step_cache": false,
  "adaptive_depth": false,
  "marker_ffn": false,
  "recursion_mode": "fixed",
  "router_capacity": null,
  "router_alpha": 1.0,
  "router_temp": 1.0,
  "router_type": "linear",
  "router_z_coeff": 0.001,
  "router_balance_coeff": 0.1,
  "gene_interaction": "none",
  "interaction_knn": 16,
  "router_prior_beta": 1.0,
  "router_prior_anneal": true,
  "pathway_attn_bias": false,
  "pathway_attn_lambda": 2.0,
  "lambda_marker": 0.1,
  "gamma_diversity": 0.05,
  "beta_compression": 0.01,
  "lr": 0.001,
  "weight_decay": 1e-05,
  "epochs": 80,
  "patience": 12,
  "seed": 0,
  "device": "cuda"
 },
 "heads": {
  "cell_type": {
   "accuracy": 0.9520865533230294,
   "macro_f1": 0.9476855214733906,
   "weighted_f1": 0.9520271185949164,
   "per_class": {
    "0": {
     "precision": 0.9645308924485125,
     "recall": 0.9813736903376019,
     "f1-score": 0.9728793998845932,
     "support": 859.0
    },
    "1": {
     "precision": 0.973026973026973,
     "recall": 0.9596059113300492,
     "f1-score": 0.9662698412698413,
     "support": 1015.0
    },
    "2": {
     "precision": 0.9366681964203764,
     "recall": 0.951071761416589,
     "f1-score": 0.9438150289017341,
     "support": 2146.0
    },
    "3": {
     "precision": 0.9547600314712824,
     "recall": 0.9573964497041421,
     "f1-score": 0.9560764230844987,
     "support": 2535.0
    },
    "4": {
     "precision": 0.9012567324955116,
     "recall": 0.8858823529411765,
     "f1-score": 0.8935034114506081,
     "support": 1700.0
    },
    "5": {
     "precision": 0.896850753080785,
     "recall": 0.9212376933895922,
     "f1-score": 0.9088806660499538,
     "support": 2133.0
    },
    "6": {
     "precision": 0.953639846743295,
     "recall": 0.9228772710418984,
     "f1-score": 0.9380064066327491,
     "support": 2697.0
    },
    "7": {
     "precision": 0.9469073068161906,
     "recall": 0.971767667685668,
     "f1-score": 0.9591764288249911,
     "support": 5561.0
    },
    "8": {
     "precision": 0.9712945073143804,
     "recall": 0.9282511210762332,
     "f1-score": 0.9492851362287564,
     "support": 3791.0
    },
    "9": {
     "precision": 0.9849246231155779,
     "recall": 0.9930335655478151,
     "f1-score": 0.9889624724061811,
     "support": 4737.0
    },
    "accuracy": 0.9520865533230294,
    "macro avg": {
     "precision": 0.9483859862932885,
     "recall": 0.9472497484470767,
     "f1-score": 0.9476855214733906,
     "support": 27174.0
    },
    "weighted avg": {
     "precision": 0.9522765791527185,
     "recall": 0.9520865533230294,
     "f1-score": 0.9520271185949164,
     "support": 27174.0
    }
   }
  }
 }
}