{
 "dataset": "tabula_muris",
 "n_samples": 54865,
 "n_features": 1089,
 "n_classes": 55,
 "n_train": 32645,
 "n_test": 16458,
 "transformer_params": 1183872,
 "total_params": 1991151,
 "config": {
  "heads": [
   "cell_type"
  ],
  "cohorts": null,
  "n_hvg": null,
  "n_channels": 1,
  "batch_size": 128,
  "val_frac": 0.15,
  "test_frac": 0.15,
  "d_model": 384,
  "n_heads": 4,
  "d_ff": 768,
  "dropout": 0.1,
  "n_markers": 128,
  "marker_mode": "router",
  "pathway_pool": "mean",
  "compress_mode": "aggregate",
  "recursive_marker_refine": true,
  "peak_init": true,
  "anneal_markers": true,
  "recursion_depth": 4,
  "share_weights": true,
  "share_strategy": "cycle",
  "n_unique_blocks": null,
  "step_cache": false,
  "adaptive_depth": false,
  "marker_ffn": false,
  "recursion_mode": "fixed",
  "router_capacity": null,
  "router_alpha": 1.0,
  "router_temp": 1.0,
  "router_type": "linear",
  "router_z_coeff": 0.001,
  "router_balance_coeff": 0.1,
  "gene_interaction": "none",
  "interaction_knn": 16,
  "router_prior_beta": 1.0,
  "router_prior_anneal": true,
  "pathway_attn_bias": false,
  "pathway_attn_lambda": 2.0,
  "lambda_marker": 0.1,
  "gamma_diversity": 0.05,
  "beta_compression": 0.01,
  "lr": 0.001,
  "weight_decay": 1e-05,
  "epochs": 80,
  "patience": 12,
  "seed": 0,
  "device": "cuda"
 },
 "heads": {
  "cell_type": {
   "accuracy": 0.6527524608093328,
   "macro_f1": 0.5356695377297248,
   "weighted_f1": 0.6859179923664305,
   "per_class": {
    "0": {
     "precision": 0.9684025746050322,
     "recall": 0.6651929260450161,
     "f1-score": 0.7886585656421253,
     "support": 2488.0
    },
    "1": {
     "precision": 0.020155038759689922,
     "recall": 1.0,
     "f1-score": 0.03951367781155015,
     "support": 13.0
    },
    "2": {
     "precision": 0.17647058823529413,
     "recall": 0.15,
     "f1-score": 0.16216216216216217,
     "support": 20.0
    },
    "3": {
     "precision": 0.7142857142857143,
     "recall": 0.45454545454545453,
     "f1-score": 0.5555555555555556,
     "support": 11.0
    },
    "4": {
     "precision": 0.8753894080996885,
     "recall": 0.42479213907785335,
     "f1-score": 0.5720101781170484,
     "support": 1323.0
    },
    "5": {
     "precision": 0.9680851063829787,
     "recall": 0.875,
     "f1-score": 0.9191919191919192,
     "support": 104.0
    },
    "6": {
     "precision": 0.7432432432432432,
     "recall": 0.9322033898305084,
     "f1-score": 0.8270676691729323,
     "support": 118.0
    },
    "7": {
     "precision": 0.9485232067510548,
     "recall": 0.8470233609645818,
     "f1-score": 0.8949044585987261,
     "support": 1327.0
    },
    "8": {
     "precision": 0.6666666666666666,
     "recall": 0.8888888888888888,
     "f1-score": 0.7619047619047619,
     "support": 18.0
    },
    "9": {
     "precision": 0.8956521739130435,
     "recall": 0.2853185595567867,
     "f1-score": 0.4327731092436975,
     "support": 361.0
    },
    "10": {
     "precision": 0.9787234042553191,
     "recall": 0.5257142857142857,
     "f1-score": 0.6840148698884758,
     "support": 350.0
    },
    "11": {
     "precision": 0.5273109243697479,
     "recall": 0.7339181286549707,
     "f1-score": 0.6136919315403423,
     "support": 342.0
    },
    "12": {
     "precision": 0.6153846153846154,
     "recall": 0.8888888888888888,
     "f1-score": 0.7272727272727273,
     "support": 18.0
    },
    "13": {
     "precision": 0.06862745098039216,
     "recall": 0.9333333333333333,
     "f1-score": 0.1278538812785388,
     "support": 15.0
    },
    "14": {
     "precision": 0.22058823529411764,
     "recall": 0.3125,
     "f1-score": 0.25862068965517243,
     "support": 48.0
    },
    "15": {
     "precision": 0.0,
     "recall": 0.0,
     "f1-score": 0.0,
     "support": 13.0
    },
    "16": {
     "precision": 0.6,
     "recall": 0.375,
     "f1-score": 0.46153846153846156,
     "support": 8.0
    },
    "17": {
     "precision": 0.5483870967741935,
     "recall": 0.8947368421052632,
     "f1-score": 0.68,
     "support": 19.0
    },
    "18": {
     "precision": 0.9333333333333333,
     "recall": 0.7368421052631579,
     "f1-score": 0.8235294117647058,
     "support": 19.0
    },
    "19": {
     "precision": 0.7995337995337995,
     "recall": 0.40211019929660025,
     "f1-score": 0.5351014040561622,
     "support": 853.0
    },
    "20": {
     "precision": 0.3333333333333333,
     "recall": 0.125,
     "f1-score": 0.18181818181818182,
     "support": 8.0
    },
    "21": {
     "precision": 0.8308270676691729,
     "recall": 0.8467432950191571,
     "f1-score": 0.8387096774193549,
     "support": 261.0
    },
    "22": {
     "precision": 0.7727272727272727,
     "recall": 0.7391304347826086,
     "f1-score": 0.7555555555555555,
     "support": 46.0
    },
    "23": {
     "precision": 0.5833333333333334,
     "recall": 0.3088235294117647,
     "f1-score": 0.40384615384615385,
     "support": 68.0
    },
    "24": {
     "precision": 0.7837837837837838,
     "recall": 0.7981651376146789,
     "f1-score": 0.7909090909090909,
     "support": 218.0
    },
    "25": {
     "precision": 0.627906976744186,
     "recall": 0.9557522123893806,
     "f1-score": 0.7578947368421053,
     "support": 113.0
    },
    "26": {
     "precision": 0.9649122807017544,
     "recall": 0.4661016949152542,
     "f1-score": 0.6285714285714286,
     "support": 118.0
    },
    "27": {
     "precision": 0.9792843691148776,
     "recall": 0.9829867674858223,
     "f1-score": 0.9811320754716981,
     "support": 529.0
    },
    "28": {
     "precision": 0.028397565922920892,
     "recall": 0.4117647058823529,
     "f1-score": 0.05313092979127135,
     "support": 34.0
    },
    "29": {
     "precision": 0.8013245033112583,
     "recall": 0.5960591133004927,
     "f1-score": 0.6836158192090396,
     "support": 406.0
    },
    "30": {
     "precision": 0.8692614770459082,
     "recall": 0.9436619718309859,
     "f1-score": 0.9049350649350649,
     "support": 923.0
    },
    "31": {
     "precision": 0.5573770491803278,
     "recall": 0.288135593220339,
     "f1-score": 0.37988826815642457,
     "support": 118.0
    },
    "32": {
     "precision": 0.0,
     "recall": 0.0,
     "f1-score": 0.0,
     "support": 14.0
    },
    "33": {
     "precision": 0.6271186440677966,
     "recall": 0.2781954887218045,
     "f1-score": 0.3854166666666667,
     "support": 133.0
    },
    "34": {
     "precision": 0.7484662576687117,
     "recall": 0.8652482269503546,
     "f1-score": 0.8026315789473685,
     "support": 141.0
    },
    "35": {
     "precision": 0.9906832298136646,
     "recall": 0.8885793871866295,
     "f1-score": 0.9368575624082232,
     "support": 359.0
    },
    "36": {
     "precision": 0.8837209302325582,
     "recall": 0.9620253164556962,
     "f1-score": 0.9212121212121213,
     "support": 79.0
    },
    "37": {
     "precision": 0.172,
     "recall": 0.44329896907216493,
     "f1-score": 0.2478386167146974,
     "support": 97.0
    },
    "38": {
     "precision": 0.8846153846153846,
     "recall": 0.3333333333333333,
     "f1-score": 0.4842105263157895,
     "support": 138.0
    },
    "39": {
     "precision": 0.5904761904761905,
     "recall": 0.8920863309352518,
     "f1-score": 0.7106017191977078,
     "support": 139.0
    },
    "40": {
     "precision": 0.3902439024390244,
     "recall": 0.20202020202020202,
     "f1-score": 0.26622296173044924,
     "support": 396.0
    },
    "41": {
     "precision": 0.8,
     "recall": 0.5714285714285714,
     "f1-score": 0.6666666666666666,
     "support": 7.0
    },
    "42": {
     "precision": 0.7142857142857143,
     "recall": 0.6666666666666666,
     "f1-score": 0.6896551724137931,
     "support": 15.0
    },
    "43": {
     "precision": 0.8733302625518194,
     "recall": 0.8054375531011045,
     "f1-score": 0.838011049723757,
     "support": 2354.0
    },
    "44": {
     "precision": 0.2509865824782952,
     "recall": 0.9325513196480938,