{
 "dataset": "Lung",
 "mode": "learned",
 "K": 3,
 "seed": 2,
 "n_markers": 128,
 "test_macro_f1": 79.89085060657837,
 "test_accuracy": 86.36735648310534,
 "val_macro_f1": 79.46596333985951,
 "n_features": 1089,
 "n_classes": 25,
 "n_samples": 57020,
 "learned_lambda": 0.6614919900894165,
 "bio_anchor_have": false
}