{
 "dataset": "Lung",
 "mode": "learned",
 "K": 3,
 "seed": 1,
 "n_markers": 128,
 "test_macro_f1": 78.52973280786665,
 "test_accuracy": 86.8993335671694,
 "val_macro_f1": 77.50535188357118,
 "n_features": 1089,
 "n_classes": 25,
 "n_samples": 57020,
 "learned_lambda": 0.7892030477523804,
 "bio_anchor_have": false
}