{
 "task": "pan_meta_pri_3modal",
 "arm": "vanilla",
 "pos_class": 1,
 "n_folds": 10,
 "pos_f1": [
  0.8874869082118314,
  0.02177691633970105
 ],
 "pos_precision": [
  0.8793485934382996,
  0.0468147933827729
 ],
 "pos_recall": [
  0.8988964992389651,
  0.037759455755624456
 ],
 "maj_f1": [
  0.9949807965273315,
  0.0010614964710552576
 ],
 "macro_f1": [
  0.9412338523695816,
  0.011407244718984516
 ],
 "accuracy": [
  0.9903910969060338,
  0.0020226196100933394
 ]
}