{
 "dataset": "Segerstolpe",
 "method": "NearestCentroid",
 "n_folds": 5,
 "seed": 42,
 "n_features": 2000,
 "n_classes": 11,
 "n_samples": 2127,
 "cv_macro_f1": {
  "mean": 73.49416269396818,
  "std": 8.39277303931276,
  "folds": [
   83.18716263680886,
   76.87295247083902,
   77.67656732780245,
   71.21043245766127,
   58.523698576729245
  ]
 }
}