{
 "family": "pnet",
 "cohort": "prostate",
 "task": "response",
 "mode": "learned",
 "K": 2,
 "n_features": 3000,
 "n_classes": 2,
 "n_samples": 1011,
 "n_folds": 5,
 "seed": 42,
 "val_frac": 0.1,
 "cv_macro_f1": {
  "mean": 60.336992500969096,
  "std": 0.8715898850633028,
  "folds": [
   59.357218124341415,
   61.32952306966679,
   60.26029055690072,
   61.32952306966679,
   59.40840768426976
  ]
 },
 "cv_accuracy": {
  "mean": 63.700434082817154,
  "std": 1.817112677108402,
  "folds": [
   62.5615763546798,
   65.84158415841584,
   61.386138613861384,
   65.84158415841584,
   62.87128712871287
  ]
 }
}