{
 "dataset": "baron",
 "mode": "random",
 "seed": 1,
 "n_samples": 8569,
 "n_features": 1936,
 "n_classes": 14,
 "n_train": 5098,
 "n_test": 2571,
 "transformer_params": 75168,
 "total_params": 295133,
 "accuracy": 0.7969661610268378,
 "macro_f1": 0.5606576087014474,
 "weighted_f1": 0.8081163477731382,
 "beta": 1.0,
 "knn": 16,
 "anneal": true
}