{
 "dataset": "baron",
 "mode": "coexpr",
 "seed": 2,
 "n_samples": 8569,
 "n_features": 1936,
 "n_classes": 14,
 "n_train": 5098,
 "n_test": 2571,
 "transformer_params": 75168,
 "total_params": 295133,
 "accuracy": 0.7611824192921043,
 "macro_f1": 0.5767183580235312,
 "weighted_f1": 0.7935522123587001,
 "beta": 1.0,
 "knn": 16,
 "anneal": true
}