{
 "dataset": "baron",
 "mode": "random",
 "seed": 2,
 "n_samples": 8569,
 "n_features": 1936,
 "n_classes": 14,
 "n_train": 5098,
 "n_test": 2571,
 "transformer_params": 75168,
 "total_params": 295133,
 "accuracy": 0.8494749124854143,
 "macro_f1": 0.6037677735862443,
 "weighted_f1": 0.8549140965392263,
 "beta": 1.0,
 "knn": 16,
 "anneal": true
}