{
 "dataset": "baron",
 "mode": "random",
 "seed": 0,
 "n_samples": 8569,
 "n_features": 1936,
 "n_classes": 14,
 "n_train": 5098,
 "n_test": 2571,
 "transformer_params": 75168,
 "total_params": 295133,
 "accuracy": 0.8724231816413847,
 "macro_f1": 0.6398365034921094,
 "weighted_f1": 0.8791312680441831,
 "beta": 1.0,
 "knn": 16,
 "anneal": true
}