{
 "dataset": "baron",
 "mode": "none",
 "seed": 0,
 "n_samples": 8569,
 "n_features": 1936,
 "n_classes": 14,
 "n_train": 5098,
 "n_test": 2571,
 "transformer_params": 75168,
 "total_params": 295133,
 "accuracy": 0.8634772462077013,
 "macro_f1": 0.6375056547828716,
 "weighted_f1": 0.8694252585136374,
 "beta": 1.0,
 "knn": 16,
 "anneal": true
}