{
 "dataset": "common_class",
 "mode": "coexpr",
 "seed": 2,
 "n_samples": 27499,
 "n_features": 1089,
 "n_classes": 19,
 "n_train": 16361,
 "n_test": 8250,
 "transformer_params": 75168,
 "total_params": 214791,
 "accuracy": 0.8533333333333334,
 "macro_f1": 0.6971104437426586,
 "weighted_f1": 0.8554871077444262,
 "beta": 1.0,
 "knn": 16,
 "anneal": true
}