{
 "dataset": "common_class",
 "mode": "random",
 "seed": 1,
 "n_samples": 27499,
 "n_features": 1089,
 "n_classes": 19,
 "n_train": 16361,
 "n_test": 8250,
 "transformer_params": 75168,
 "total_params": 214791,
 "accuracy": 0.8389090909090909,
 "macro_f1": 0.6903059598805401,
 "weighted_f1": 0.8424354656155416,
 "beta": 1.0,
 "knn": 16,
 "anneal": true
}