{
 "dataset": "common_class",
 "mode": "random",
 "seed": 2,
 "n_samples": 27499,
 "n_features": 1089,
 "n_classes": 19,
 "n_train": 16361,
 "n_test": 8250,
 "transformer_params": 75168,
 "total_params": 214791,
 "accuracy": 0.8494545454545455,
 "macro_f1": 0.6990790763702018,
 "weighted_f1": 0.852611420734607,
 "beta": 1.0,
 "knn": 16,
 "anneal": true
}