{
 "dataset": "common_class",
 "mode": "coexpr",
 "seed": 1,
 "n_samples": 27499,
 "n_features": 1089,
 "n_classes": 19,
 "n_train": 16361,
 "n_test": 8250,
 "transformer_params": 75168,
 "total_params": 214791,
 "accuracy": 0.8453333333333334,
 "macro_f1": 0.7320940306359812,
 "weighted_f1": 0.8479294605274739,
 "beta": 1.0,
 "knn": 16,
 "anneal": true
}