{
 "dataset": "common_class",
 "mode": "none",
 "seed": 1,
 "n_samples": 27499,
 "n_features": 1089,
 "n_classes": 19,
 "n_train": 16361,
 "n_test": 8250,
 "transformer_params": 75168,
 "total_params": 214791,
 "accuracy": 0.8298181818181818,
 "macro_f1": 0.6969989132241753,
 "weighted_f1": 0.8331826718940695,
 "beta": 1.0,
 "knn": 16,
 "anneal": true
}