{
 "dataset": "common_class",
 "mode": "none",
 "seed": 0,
 "n_samples": 27499,
 "n_features": 1089,
 "n_classes": 19,
 "n_train": 16361,
 "n_test": 8250,
 "transformer_params": 75168,
 "total_params": 214791,
 "accuracy": 0.8061818181818182,
 "macro_f1": 0.6635395539231004,
 "weighted_f1": 0.8141203614248185,
 "beta": 1.0,
 "knn": 16,
 "anneal": true
}