{
 "dataset": "lung",
 "mode": "coexpr",
 "seed": 1,
 "n_samples": 57020,
 "n_features": 1089,
 "n_classes": 25,
 "n_train": 33926,
 "n_test": 17106,
 "transformer_params": 75168,
 "total_params": 215955,
 "accuracy": 0.790307494446393,
 "macro_f1": 0.7035836430098218,
 "weighted_f1": 0.7951508877530241,
 "beta": 1.0,
 "knn": 16,
 "anneal": true
}