{
 "dataset": "lung",
 "mode": "random",
 "seed": 2,
 "n_samples": 57020,
 "n_features": 1089,
 "n_classes": 25,
 "n_train": 33926,
 "n_test": 17106,
 "transformer_params": 75168,
 "total_params": 215955,
 "accuracy": 0.7999532327838186,
 "macro_f1": 0.7436610782572278,
 "weighted_f1": 0.8045644923374551,
 "beta": 1.0,
 "knn": 16,
 "anneal": true
}