{
 "dataset": "lung",
 "mode": "random",
 "seed": 1,
 "n_samples": 57020,
 "n_features": 1089,
 "n_classes": 25,
 "n_train": 33926,
 "n_test": 17106,
 "transformer_params": 75168,
 "total_params": 215955,
 "accuracy": 0.8144510698000702,
 "macro_f1": 0.7078330861526161,
 "weighted_f1": 0.8186090683020845,
 "beta": 1.0,
 "knn": 16,
 "anneal": true
}