{
 "dataset": "oesophagus",
 "mode": "random",
 "seed": 0,
 "n_samples": 87947,
 "n_features": 1089,
 "n_classes": 18,
 "n_train": 52327,
 "n_test": 26385,
 "transformer_params": 75168,
 "total_params": 214597,
 "accuracy": 0.8275914345271935,
 "macro_f1": 0.6098194089847175,
 "weighted_f1": 0.8341890583090912,
 "beta": 1.0,
 "knn": 16,
 "anneal": true
}