{
 "dataset": "oesophagus",
 "mode": "coexpr",
 "seed": 1,
 "n_samples": 87947,
 "n_features": 1089,
 "n_classes": 18,
 "n_train": 52327,
 "n_test": 26385,
 "transformer_params": 75168,
 "total_params": 214597,
 "accuracy": 0.7996588971006253,
 "macro_f1": 0.53168074401492,
 "weighted_f1": 0.8077251204714064,
 "beta": 1.0,
 "knn": 16,
 "anneal": true
}