{
 "dataset": "oesophagus",
 "mode": "coexpr",
 "seed": 0,
 "n_samples": 87947,
 "n_features": 1089,
 "n_classes": 18,
 "n_train": 52327,
 "n_test": 26385,
 "transformer_params": 75168,
 "total_params": 214597,
 "accuracy": 0.8341102899374645,
 "macro_f1": 0.6354493776818095,
 "weighted_f1": 0.8380236991316582,
 "beta": 1.0,
 "knn": 16,
 "anneal": true
}