{
 "dataset": "oesophagus",
 "mode": "none",
 "seed": 1,
 "n_samples": 87947,
 "n_features": 1089,
 "n_classes": 18,
 "n_train": 52327,
 "n_test": 26385,
 "transformer_params": 75168,
 "total_params": 214597,
 "accuracy": 0.8088686753837407,
 "macro_f1": 0.5311847280789278,
 "weighted_f1": 0.8183030565643064,
 "beta": 1.0,
 "knn": 16,
 "anneal": true
}