{
 "dataset": "oesophagus",
 "mode": "coexpr",
 "seed": 2,
 "n_samples": 87947,
 "n_features": 1089,
 "n_classes": 18,
 "n_train": 52327,
 "n_test": 26385,
 "transformer_params": 75168,
 "total_params": 214597,
 "accuracy": 0.7874549933674436,
 "macro_f1": 0.5286856681102393,
 "weighted_f1": 0.7978761949931991,
 "beta": 1.0,
 "knn": 16,
 "anneal": true
}