{
 "dataset": "prototype",
 "mode": "none",
 "seed": 0,
 "n_samples": 90579,
 "n_features": 752,
 "n_classes": 10,
 "n_train": 53894,
 "n_test": 27174,
 "transformer_params": 75168,
 "total_params": 180693,
 "accuracy": 0.9484801648634724,
 "macro_f1": 0.9425927089725443,
 "weighted_f1": 0.9484360080805371,
 "beta": 1.0,
 "knn": 16,
 "anneal": true
}