{
 "dataset": "prototype",
 "mode": "none",
 "seed": 2,
 "n_samples": 90579,
 "n_features": 752,
 "n_classes": 10,
 "n_train": 53894,
 "n_test": 27174,
 "transformer_params": 75168,
 "total_params": 180693,
 "accuracy": 0.943548980643262,
 "macro_f1": 0.9370792704855763,
 "weighted_f1": 0.9434621618520113,
 "beta": 1.0,
 "knn": 16,
 "anneal": true
}