{
 "dataset": "prototype",
 "mode": "random",
 "seed": 2,
 "n_samples": 90579,
 "n_features": 752,
 "n_classes": 10,
 "n_train": 53894,
 "n_test": 27174,
 "transformer_params": 75168,
 "total_params": 180693,
 "accuracy": 0.9449105762861559,
 "macro_f1": 0.9381985201602028,
 "weighted_f1": 0.9449362490336906,
 "beta": 1.0,
 "knn": 16,
 "anneal": true
}