{
 "dataset": "prototype",
 "mode": "coexpr",
 "seed": 0,
 "n_samples": 90579,
 "n_features": 752,
 "n_classes": 10,
 "n_train": 53894,
 "n_test": 27174,
 "transformer_params": 75168,
 "total_params": 180693,
 "accuracy": 0.9457937734599249,
 "macro_f1": 0.9416288882354203,
 "weighted_f1": 0.9459498916505102,
 "beta": 1.0,
 "knn": 16,
 "anneal": true
}