{
 "dataset": "prototype",
 "mode": "coexpr",
 "seed": 2,
 "n_samples": 90579,
 "n_features": 752,
 "n_classes": 10,
 "n_train": 53894,
 "n_test": 27174,
 "transformer_params": 75168,
 "total_params": 180693,
 "accuracy": 0.9448001766394347,
 "macro_f1": 0.9371387921808143,
 "weighted_f1": 0.9448602741844245,
 "beta": 1.0,
 "knn": 16,
 "anneal": true
}