{
 "dataset": "segerstolpe",
 "mode": "none",
 "seed": 0,
 "n_samples": 2122,
 "n_features": 1936,
 "n_classes": 10,
 "n_train": 1262,
 "n_test": 637,
 "transformer_params": 75168,
 "total_params": 294357,
 "accuracy": 0.15855572998430142,
 "macro_f1": 0.06554060881647088,
 "weighted_f1": 0.09182289077541608,
 "beta": 1.0,
 "knn": 16,
 "anneal": true
}