{
 "dataset": "segerstolpe",
 "mode": "coexpr",
 "seed": 0,
 "n_samples": 2122,
 "n_features": 1936,
 "n_classes": 10,
 "n_train": 1262,
 "n_test": 637,
 "transformer_params": 75168,
 "total_params": 294357,
 "accuracy": 0.152276295133438,
 "macro_f1": 0.06486908670366068,
 "weighted_f1": 0.08940497828096698,
 "beta": 1.0,
 "knn": 16,
 "anneal": true
}