{
 "dataset": "segerstolpe",
 "mode": "coexpr",
 "seed": 2,
 "n_samples": 2122,
 "n_features": 1936,
 "n_classes": 10,
 "n_train": 1262,
 "n_test": 637,
 "transformer_params": 75168,
 "total_params": 294357,
 "accuracy": 0.20251177394034536,
 "macro_f1": 0.08992616933647664,
 "weighted_f1": 0.21882727321454193,
 "beta": 1.0,
 "knn": 16,
 "anneal": true
}