{
 "dataset": "segerstolpe",
 "mode": "random",
 "seed": 2,
 "n_samples": 2122,
 "n_features": 1936,
 "n_classes": 10,
 "n_train": 1262,
 "n_test": 637,
 "transformer_params": 75168,
 "total_params": 294357,
 "accuracy": 0.17111459968602827,
 "macro_f1": 0.07742431607164998,
 "weighted_f1": 0.18375082967502182,
 "beta": 1.0,
 "knn": 16,
 "anneal": true
}