{
 "dataset": "segerstolpe",
 "mode": "coexpr",
 "seed": 1,
 "n_samples": 2122,
 "n_features": 1936,
 "n_classes": 10,
 "n_train": 1262,
 "n_test": 637,
 "transformer_params": 75168,
 "total_params": 294357,
 "accuracy": 0.1664050235478807,
 "macro_f1": 0.09827270284740923,
 "weighted_f1": 0.18946210584284445,
 "beta": 1.0,
 "knn": 16,
 "anneal": true
}