{
 "dataset": "segerstolpe",
 "mode": "none",
 "seed": 2,
 "n_samples": 2122,
 "n_features": 1936,
 "n_classes": 10,
 "n_train": 1262,
 "n_test": 637,
 "transformer_params": 75168,
 "total_params": 294357,
 "accuracy": 0.10361067503924647,
 "macro_f1": 0.05240446769320508,
 "weighted_f1": 0.0758582328103541,
 "beta": 1.0,
 "knn": 16,
 "anneal": true
}