{
 "dataset": "spleen",
 "mode": "random",
 "seed": 1,
 "n_samples": 94129,
 "n_features": 1089,
 "n_classes": 28,
 "n_train": 56006,
 "n_test": 28239,
 "transformer_params": 75168,
 "total_params": 216537,
 "accuracy": 0.5100393073409115,
 "macro_f1": 0.4534863719450177,
 "weighted_f1": 0.5314871560057306,
 "beta": 1.0,
 "knn": 16,
 "anneal": true
}