{
 "dataset": "spleen",
 "mode": "coexpr",
 "seed": 1,
 "n_samples": 94129,
 "n_features": 1089,
 "n_classes": 28,
 "n_train": 56006,
 "n_test": 28239,
 "transformer_params": 75168,
 "total_params": 216537,
 "accuracy": 0.5438577853323417,
 "macro_f1": 0.4679830113985766,
 "weighted_f1": 0.5586552416509023,
 "beta": 1.0,
 "knn": 16,
 "anneal": true
}