{
 "dataset": "spleen",
 "mode": "none",
 "seed": 2,
 "n_samples": 94129,
 "n_features": 1089,
 "n_classes": 28,
 "n_train": 56006,
 "n_test": 28239,
 "transformer_params": 75168,
 "total_params": 216537,
 "accuracy": 0.6042352774531676,
 "macro_f1": 0.5348534315918607,
 "weighted_f1": 0.616048496467282,
 "beta": 1.0,
 "knn": 16,
 "anneal": true
}