{
 "dataset": "spleen",
 "mode": "none",
 "seed": 0,
 "n_samples": 94129,
 "n_features": 1089,
 "n_classes": 28,
 "n_train": 56006,
 "n_test": 28239,
 "transformer_params": 75168,
 "total_params": 216537,
 "accuracy": 0.5839796026771487,
 "macro_f1": 0.49875382064882645,
 "weighted_f1": 0.5981366033639698,
 "beta": 1.0,
 "knn": 16,
 "anneal": true
}