{
 "dataset": "spleen",
 "mode": "none",
 "seed": 1,
 "n_samples": 94129,
 "n_features": 1089,
 "n_classes": 28,
 "n_train": 56006,
 "n_test": 28239,
 "transformer_params": 75168,
 "total_params": 216537,
 "accuracy": 0.5779241474556465,
 "macro_f1": 0.47935074511038656,
 "weighted_f1": 0.5869819993996844,
 "beta": 1.0,
 "knn": 16,
 "anneal": true
}