{
 "dataset": "tcell",
 "mode": "random",
 "seed": 2,
 "n_samples": 24007,
 "n_features": 1089,
 "n_classes": 7,
 "n_train": 14283,
 "n_test": 7203,
 "transformer_params": 75168,
 "total_params": 212463,
 "accuracy": 0.6863806747188671,
 "macro_f1": 0.49452491480049016,
 "weighted_f1": 0.708382573082162,
 "beta": 1.0,
 "knn": 16,
 "anneal": true
}