{
 "dataset": "tcell",
 "mode": "coexpr",
 "seed": 2,
 "n_samples": 24007,
 "n_features": 1089,
 "n_classes": 7,
 "n_train": 14283,
 "n_test": 7203,
 "transformer_params": 75168,
 "total_params": 212463,
 "accuracy": 0.6802721088435374,
 "macro_f1": 0.5040829112534365,
 "weighted_f1": 0.7060663890437808,
 "beta": 1.0,
 "knn": 16,
 "anneal": true
}