{
 "dataset": "tcell",
 "mode": "none",
 "seed": 0,
 "n_samples": 24007,
 "n_features": 1089,
 "n_classes": 7,
 "n_train": 14283,
 "n_test": 7203,
 "transformer_params": 75168,
 "total_params": 212463,
 "accuracy": 0.7133138969873664,
 "macro_f1": 0.5146305797739074,
 "weighted_f1": 0.7255124619157095,
 "beta": 1.0,
 "knn": 16,
 "anneal": true
}