{
 "dataset": "tcell",
 "mode": "none",
 "seed": 2,
 "n_samples": 24007,
 "n_features": 1089,
 "n_classes": 7,
 "n_train": 14283,
 "n_test": 7203,
 "transformer_params": 75168,
 "total_params": 212463,
 "accuracy": 0.702207413577676,
 "macro_f1": 0.5306648236788514,
 "weighted_f1": 0.7263316885313233,
 "beta": 1.0,
 "knn": 16,
 "anneal": true
}