{
 "dataset": "tcell",
 "mode": "none",
 "seed": 1,
 "n_samples": 24007,
 "n_features": 1089,
 "n_classes": 7,
 "n_train": 14283,
 "n_test": 7203,
 "transformer_params": 75168,
 "total_params": 212463,
 "accuracy": 0.6598639455782312,
 "macro_f1": 0.4558399884460211,
 "weighted_f1": 0.6858125908226327,
 "beta": 1.0,
 "knn": 16,
 "anneal": true
}