{
 "dataset": "Baron",
 "mode": "learned",
 "K": 4,
 "seed": 1,
 "n_markers": 1024,
 "test_macro_f1": 85.20776947873601,
 "test_accuracy": 96.38273045507584,
 "n_features": 2000,
 "n_classes": 13,
 "n_samples": 8569,
 "learned_lambda": 0.25917068123817444
}