{
 "dataset": "Baron",
 "mode": "learned",
 "K": 4,
 "seed": 0,
 "n_markers": 1024,
 "test_macro_f1": 80.3172026435501,
 "test_accuracy": 94.67133411124075,
 "n_features": 2000,
 "n_classes": 13,
 "n_samples": 8569,
 "learned_lambda": 0.25838300585746765
}