{
 "task": "pan_meta_pri",
 "arm": "fixed_k2",
 "pos_class": 1,
 "n_folds": 10,
 "pos_f1": [
  0.5245167260177549,
  0.08874537638786005
 ],
 "pos_precision": [
  0.5875902963842392,
  0.1074663478509193
 ],
 "pos_recall": [
  0.5039383561643836,
  0.12326541511583941
 ],
 "maj_f1": [
  0.9809672754857811,
  0.004597200304394794
 ],
 "macro_f1": [
  0.752742000751768,
  0.04559815109612896
 ],
 "accuracy": [
  0.9634535775776761,
  0.00859253432409513
 ]
}