{
 "dataset": "Oesophagus",
 "mode": "learned",
 "K": 4,
 "seed": 1,
 "n_markers": 128,
 "test_macro_f1": 68.73944982836467,
 "test_accuracy": 88.5010422588592,
 "val_macro_f1": 72.28171061833136,
 "n_features": 1089,
 "n_classes": 18,
 "n_samples": 87947,
 "learned_lambda": 0.6525938510894775,
 "bio_anchor_have": false
}