{
 "dataset": "Spleen",
 "mode": "learned",
 "K": 4,
 "seed": 2,
 "n_markers": 128,
 "test_macro_f1": 58.734273706240835,
 "test_accuracy": 69.66252346046248,
 "val_macro_f1": 60.73894922815287,
 "n_features": 1089,
 "n_classes": 28,
 "n_samples": 94129,
 "learned_lambda": 0.6532197594642639,
 "bio_anchor_have": false
}