{
 "dataset": "Spleen",
 "mode": "learned",
 "K": 4,
 "seed": 0,
 "n_markers": 128,
 "test_macro_f1": 58.01539508210885,
 "test_accuracy": 69.74042990190871,
 "val_macro_f1": 59.22497361616862,
 "n_features": 1089,
 "n_classes": 28,
 "n_samples": 94129,
 "learned_lambda": 0.6593697667121887,
 "bio_anchor_have": false
}