{
 "dataset": "Muraro",
 "mode": "learned",
 "K": 4,
 "seed": 2,
 "n_markers": 1024,
 "test_macro_f1": 81.5300831513869,
 "test_accuracy": 81.00470957613814,
 "n_features": 2000,
 "n_classes": 9,
 "n_samples": 2122,
 "learned_lambda": 0.22467385232448578
}