{
 "dataset": "baron",
 "config": "bio",
 "seed": 2,
 "n_classes": 14,
 "n_test": 2571,
 "nll": 0.6280614976584947,
 "ece": 0.07105264213154314,
 "brier": 0.3050313248583865,
 "conf": 0.8629565481374696,
 "auroc": 0.7893739235674719
}