{
 "dataset": "blca",
 "config": "bio",
 "seed": 2,
 "n_classes": 2,
 "n_test": 81,
 "nll": 0.6927648658651547,
 "ece": 0.02553629509649219,
 "brier": 0.4996177626419109,
 "conf": 0.5070177765779736,
 "auroc": 0.5775335775335775
}