{
 "dataset": "common_class",
 "config": "bio",
 "seed": 2,
 "n_classes": 19,
 "n_test": 8250,
 "nll": 0.6590193543399128,
 "ece": 0.020354548840145988,
 "brier": 0.28251958086193213,
 "conf": 0.792425955102006,
 "auroc": 0.8805933828954089
}