{
 "dataset": "lung",
 "config": "bio",
 "seed": 2,
 "n_classes": 25,
 "n_test": 17106,
 "nll": 0.6352661745930431,
 "ece": 0.057369745812475684,
 "brier": 0.2839615823828187,
 "conf": 0.8631994597958289,
 "auroc": 0.8299138160068098
}