{
 "dataset": "oesophagus",
 "config": "bio",
 "seed": 2,
 "n_classes": 18,
 "n_test": 26385,
 "nll": 0.6206764814399238,
 "ece": 0.03457673755486781,
 "brier": 0.3062220418588702,
 "conf": 0.8194545090159251,
 "auroc": 0.804062169454365
}