{
 "dataset": "pancreas",
 "config": "bio",
 "seed": 2,
 "n_classes": 15,
 "n_test": 2127,
 "nll": 0.38450066248372944,
 "ece": 0.021463181640288483,
 "brier": 0.1045076149580193,
 "conf": 0.9532482818544769,
 "auroc": 0.8360537869632394
}