{
 "dataset": "panmeta_subtype",
 "config": "bio",
 "seed": 2,
 "n_classes": 32,
 "n_test": 1718,
 "nll": 1.0380160417491227,
 "ece": 0.03749681913856888,
 "brier": 0.42404898470286606,
 "conf": 0.6671051645116116,
 "auroc": 0.8266203074917151
}