{
 "dataset": "prostate",
 "config": "bio",
 "seed": 2,
 "n_classes": 2,
 "n_test": 203,
 "nll": 7.047831197352071,
 "ece": 0.32071976587639495,
 "brier": 0.6833121242165686,
 "conf": 0.9359043638480424,
 "auroc": 0.3725652714463324
}