{
 "dataset": "prototype",
 "config": "bio",
 "seed": 2,
 "n_classes": 10,
 "n_test": 27174,
 "nll": 0.2131346041616723,
 "ece": 0.03154947649972867,
 "brier": 0.08063016577414212,
 "conf": 0.9826754683809515,
 "auroc": 0.932148258084273
}