{
 "dataset": "segerstolpe",
 "config": "bio",
 "seed": 2,
 "n_classes": 10,
 "n_test": 637,
 "nll": 2.2614432489659624,
 "ece": 0.11695625033272322,
 "brier": 0.8967259321698211,
 "conf": 0.13181900377005812,
 "auroc": 0.2764792899408284
}