{
 "dataset": "spleen",
 "config": "bio",
 "seed": 2,
 "n_classes": 28,
 "n_test": 28239,
 "nll": 1.2226704476706485,
 "ece": 0.060141163864406814,
 "brier": 0.5417044379771109,
 "conf": 0.6479509204040824,
 "auroc": 0.7474019717255723
}