{
 "dataset": "stad",
 "config": "bio",
 "seed": 2,
 "n_classes": 2,
 "n_test": 83,
 "nll": 0.6974220711874545,
 "ece": 0.11182452270331605,
 "brier": 0.5042731654405016,
 "conf": 0.5094148841490992,
 "auroc": 0.49151515151515146
}