{
 "dataset": "tabula_muris",
 "config": "bio",
 "seed": 2,
 "n_classes": 55,
 "n_test": 16458,
 "nll": 0.8350113410894889,
 "ece": 0.08572074122929765,
 "brier": 0.26908342135807095,
 "conf": 0.9180708054696687,
 "auroc": 0.816313277008373
}