{
 "dataset": "tcell",
 "config": "bio",
 "seed": 2,
 "n_classes": 7,
 "n_test": 7203,
 "nll": 0.9642485239965779,
 "ece": 0.04744280767529265,
 "brier": 0.495194617205333,
 "conf": 0.625411347032625,
 "auroc": 0.687148166839308
}