{
 "dataset": "Xin",
 "mode": "learned",
 "K": 4,
 "seed": 2,
 "n_markers": 128,
 "test_macro_f1": 71.60396190307965,
 "test_accuracy": 89.28571428571429,
 "val_macro_f1": 79.95183982683983,
 "n_features": 2000,
 "n_classes": 4,
 "n_samples": 1492,
 "learned_lambda": 0.21404527127742767,
 "bio_anchor_have": false
}