{
 "dataset": "Xin",
 "mode": "learned",
 "K": 4,
 "seed": 0,
 "n_markers": 128,
 "test_macro_f1": 63.49028647284703,
 "test_accuracy": 76.33928571428571,
 "val_macro_f1": 65.35042850091982,
 "n_features": 2000,
 "n_classes": 4,
 "n_samples": 1492,
 "learned_lambda": 0.20811499655246735,
 "bio_anchor_have": false
}