{
 "family": "pnet",
 "cohort": "prostate",
 "task": "response",
 "mode": "curated",
 "K": 4,
 "n_features": 3000,
 "n_classes": 2,
 "n_samples": 1011,
 "n_folds": 5,
 "seed": 42,
 "val_frac": 0.1,
 "cv_macro_f1": {
  "mean": 64.5997312914271,
  "std": 3.142772177221768,
  "folds": [
   64.84645578388363,
   69.78632478632478,
   60.07187780772687,
   65.01650165016501,
   63.277496429035196
  ]
 },
 "cv_accuracy": {
  "mean": 70.12827391113497,
  "std": 4.255734990362871,
  "folds": [
   70.44334975369459,
   72.27722772277228,
   61.88118811881188,
   73.76237623762376,
   72.27722772277228
  ]
 }
}