{
 "dataset": "Wang",
 "mode": "learned",
 "K": 4,
 "seed": 0,
 "n_markers": 128,
 "test_macro_f1": 30.483207774610836,
 "test_accuracy": 50.0,
 "val_macro_f1": 36.822681770416956,
 "n_features": 2000,
 "n_classes": 7,
 "n_samples": 457,
 "learned_lambda": 0.20484676957130432,
 "bio_anchor_have": false
}