{
 "dataset": "Wang",
 "mode": "learned",
 "K": 4,
 "seed": 1,
 "n_markers": 128,
 "test_macro_f1": 46.78489773903854,
 "test_accuracy": 61.59420289855072,
 "val_macro_f1": 52.14361661730082,
 "n_features": 2000,
 "n_classes": 7,
 "n_samples": 457,
 "learned_lambda": 0.21078044176101685,
 "bio_anchor_have": false
}