{
 "dataset": "baron",
 "n_samples": 8569,
 "n_features": 1936,
 "n_classes": 14,
 "n_train": 5098,
 "n_test": 2571,
 "transformer_params": 4735488,
 "total_params": 5836445,
 "config": {
  "heads": [
   "cell_type"
  ],
  "cohorts": null,
  "n_hvg": null,
  "n_channels": 1,
  "batch_size": 128,
  "val_frac": 0.15,
  "test_frac": 0.15,
  "d_model": 384,
  "n_heads": 4,
  "d_ff": 768,
  "dropout": 0.1,
  "n_markers": 128,
  "marker_mode": "router",
  "pathway_pool": "mean",
  "compress_mode": "aggregate",
  "recursive_marker_refine": true,
  "peak_init": true,
  "anneal_markers": true,
  "recursion_depth": 4,
  "share_weights": false,
  "share_strategy": "cycle",
  "n_unique_blocks": null,
  "step_cache": false,
  "adaptive_depth": false,
  "marker_ffn": false,
  "recursion_mode": "fixed",
  "router_capacity": null,
  "router_alpha": 1.0,
  "router_temp": 1.0,
  "router_type": "linear",
  "router_z_coeff": 0.001,
  "router_balance_coeff": 0.1,
  "gene_interaction": "none",
  "interaction_knn": 16,
  "router_prior_beta": 1.0,
  "router_prior_anneal": true,
  "pathway_attn_bias": false,
  "pathway_attn_lambda": 2.0,
  "lambda_marker": 0.1,
  "gamma_diversity": 0.05,
  "beta_compression": 0.01,
  "lr": 0.001,
  "weight_decay": 1e-05,
  "epochs": 80,
  "patience": 12,
  "seed": 0,
  "device": "cuda"
 },
 "heads": {
  "cell_type": {
   "accuracy": 0.8125243096071567,
   "macro_f1": 0.6263038373852153,
   "weighted_f1": 0.8187869652194866,
   "per_class": {
    "0": {
     "precision": 0.8639240506329114,
     "recall": 0.9512195121951219,
     "f1-score": 0.9054726368159204,
     "support": 287.0
    },
    "1": {
     "precision": 0.6637931034482759,
     "recall": 0.9058823529411765,
     "f1-score": 0.7661691542288557,
     "support": 85.0
    },
    "2": {
     "precision": 0.8887147335423198,
     "recall": 0.8123209169054442,
     "f1-score": 0.8488023952095808,
     "support": 698.0
    },
    "3": {
     "precision": 0.8712871287128713,
     "recall": 0.8126649076517151,
     "f1-score": 0.8409556313993174,
     "support": 758.0
    },
    "4": {
     "precision": 0.6446700507614214,
     "recall": 0.7055555555555556,
     "f1-score": 0.6737400530503979,
     "support": 180.0
    },
    "5": {
     "precision": 0.9259259259259259,
     "recall": 0.8513931888544891,
     "f1-score": 0.8870967741935484,
     "support": 323.0
    },
    "6": {
     "precision": 0.7011494252873564,
     "recall": 0.8026315789473685,
     "f1-score": 0.7484662576687117,
     "support": 76.0
    },
    "7": {
     "precision": 0.041666666666666664,
     "recall": 0.2,
     "f1-score": 0.06896551724137931,
     "support": 5.0
    },
    "8": {
     "precision": 0.4857142857142857,
     "recall": 0.6623376623376623,
     "f1-score": 0.5604395604395604,
     "support": 77.0
    },
    "9": {
     "precision": 0.7272727272727273,
     "recall": 0.47058823529411764,
     "f1-score": 0.5714285714285714,
     "support": 17.0
    },
    "10": {
     "precision": 0.46153846153846156,
     "recall": 0.8571428571428571,
     "f1-score": 0.6,
     "support": 7.0
    },
    "11": {
     "precision": 0.5319148936170213,
     "recall": 0.4807692307692308,
     "f1-score": 0.5050505050505051,
     "support": 52.0
    },
    "12": {
     "precision": 0.08333333333333333,
     "recall": 0.25,
     "f1-score": 0.125,
     "support": 4.0
    },
    "13": {
     "precision": 1.0,
     "recall": 0.5,
     "f1-score": 0.6666666666666666,
     "support": 2.0
    },
    "accuracy": 0.8125243096071567,
    "macro avg": {
     "precision": 0.6350646276038271,
     "recall": 0.6616075713281955,
     "f1-score": 0.6263038373852153,
     "support": 2571.0
    },
    "weighted avg": {
     "precision": 0.8310870595736176,
     "recall": 0.8125243096071567,
     "f1-score": 0.8187869652194866,
     "support": 2571.0
    }
   }
  }
 }
}