{
 "dataset": "common_class",
 "n_samples": 27499,
 "n_features": 1089,
 "n_classes": 19,
 "n_train": 16361,
 "n_test": 8250,
 "transformer_params": 4735488,
 "total_params": 5515047,
 "config": {
  "heads": [
   "cell_type"
  ],
  "cohorts": null,
  "n_hvg": null,
  "n_channels": 1,
  "batch_size": 128,
  "val_frac": 0.15,
  "test_frac": 0.15,
  "d_model": 384,
  "n_heads": 4,
  "d_ff": 768,
  "dropout": 0.1,
  "n_markers": 128,
  "marker_mode": "router",
  "pathway_pool": "mean",
  "compress_mode": "aggregate",
  "recursive_marker_refine": true,
  "peak_init": true,
  "anneal_markers": true,
  "recursion_depth": 4,
  "share_weights": false,
  "share_strategy": "cycle",
  "n_unique_blocks": null,
  "step_cache": false,
  "adaptive_depth": false,
  "marker_ffn": false,
  "recursion_mode": "fixed",
  "router_capacity": null,
  "router_alpha": 1.0,
  "router_temp": 1.0,
  "router_type": "linear",
  "router_z_coeff": 0.001,
  "router_balance_coeff": 0.1,
  "gene_interaction": "none",
  "interaction_knn": 16,
  "router_prior_beta": 1.0,
  "router_prior_anneal": true,
  "pathway_attn_bias": false,
  "pathway_attn_lambda": 2.0,
  "lambda_marker": 0.1,
  "gamma_diversity": 0.05,
  "beta_compression": 0.01,
  "lr": 0.001,
  "weight_decay": 1e-05,
  "epochs": 80,
  "patience": 12,
  "seed": 0,
  "device": "cuda"
 },
 "heads": {
  "cell_type": {
   "accuracy": 0.6402424242424243,
   "macro_f1": 0.3985697050095734,
   "weighted_f1": 0.6508746923103846,
   "per_class": {
    "0": {
     "precision": 0.41732283464566927,
     "recall": 0.6973684210526315,
     "f1-score": 0.5221674876847291,
     "support": 76.0
    },
    "1": {
     "precision": 0.4827586206896552,
     "recall": 0.0856269113149847,
     "f1-score": 0.14545454545454545,
     "support": 327.0
    },
    "2": {
     "precision": 0.35853658536585364,
     "recall": 0.6176470588235294,
     "f1-score": 0.4537037037037037,
     "support": 238.0
    },
    "3": {
     "precision": 0.2318840579710145,
     "recall": 0.38323353293413176,
     "f1-score": 0.28893905191873587,
     "support": 167.0
    },
    "4": {
     "precision": 0.16587677725118483,
     "recall": 0.21875,
     "f1-score": 0.18867924528301888,
     "support": 160.0
    },
    "5": {
     "precision": 0.37404580152671757,
     "recall": 0.2,
     "f1-score": 0.26063829787234044,
     "support": 245.0
    },
    "6": {
     "precision": 0.21052631578947367,
     "recall": 0.6386554621848739,
     "f1-score": 0.31666666666666665,
     "support": 119.0
    },
    "7": {
     "precision": 0.6566125290023201,
     "recall": 0.4217585692995529,
     "f1-score": 0.5136116152450091,
     "support": 671.0
    },
    "8": {
     "precision": 0.13488372093023257,
     "recall": 0.4027777777777778,
     "f1-score": 0.20209059233449478,
     "support": 144.0
    },
    "9": {
     "precision": 0.4045307443365696,
     "recall": 0.30339805825242716,
     "f1-score": 0.34674063800277394,
     "support": 412.0
    },
    "10": {
     "precision": 0.21372031662269128,
     "recall": 0.4879518072289157,
     "f1-score": 0.29724770642201837,
     "support": 166.0
    },
    "11": {
     "precision": 0.6777777777777778,
     "recall": 0.23874755381604695,
     "f1-score": 0.35311143270622286,
     "support": 511.0
    },
    "12": {
     "precision": 0.40547588005215124,
     "recall": 0.5890151515151515,
     "f1-score": 0.4803088803088803,
     "support": 528.0
    },
    "13": {
     "precision": 0.19727891156462585,
     "recall": 0.30851063829787234,
     "f1-score": 0.24066390041493776,
     "support": 94.0
    },
    "14": {
     "precision": 0.15384615384615385,
     "recall": 0.14285714285714285,
     "f1-score": 0.14814814814814814,
     "support": 14.0
    },
    "15": {
     "precision": 0.4855072463768116,
     "recall": 0.3333333333333333,
     "f1-score": 0.3952802359882006,
     "support": 201.0
    },
    "16": {
     "precision": 0.9871345029239766,
     "recall": 0.9547511312217195,
     "f1-score": 0.9706728004600345,
     "support": 884.0
    },
    "17": {
     "precision": 0.9662545940527898,
     "recall": 0.8854868340477648,
     "f1-score": 0.9241092826330085,
     "support": 3266.0
    },
    "18": {
     "precision": 0.47058823529411764,
     "recall": 0.5925925925925926,
     "f1-score": 0.5245901639344263,
     "support": 27.0
    },
    "accuracy": 0.6402424242424243,
    "macro avg": {
     "precision": 0.4207664003168309,
     "recall": 0.44749799876581314,
     "f1-score": 0.3985697050095734,
     "support": 8250.0
    },
    "weighted avg": {
     "precision": 0.7077411642787075,
     "recall": 0.6402424242424243,
     "f1-score": 0.6508746923103846,
     "support": 8250.0
    }
   }
  }
 }
}