{
 "dataset": "lung",
 "n_samples": 57020,
 "n_features": 1089,
 "n_classes": 25,
 "n_train": 33926,
 "n_test": 17106,
 "transformer_params": 4735488,
 "total_params": 5519667,
 "config": {
  "heads": [
   "cell_type"
  ],
  "cohorts": null,
  "n_hvg": null,
  "n_channels": 1,
  "batch_size": 128,
  "val_frac": 0.15,
  "test_frac": 0.15,
  "d_model": 384,
  "n_heads": 4,
  "d_ff": 768,
  "dropout": 0.1,
  "n_markers": 128,
  "marker_mode": "router",
  "pathway_pool": "mean",
  "compress_mode": "aggregate",
  "recursive_marker_refine": true,
  "peak_init": true,
  "anneal_markers": true,
  "recursion_depth": 4,
  "share_weights": false,
  "share_strategy": "cycle",
  "n_unique_blocks": null,
  "step_cache": false,
  "adaptive_depth": false,
  "marker_ffn": false,
  "recursion_mode": "fixed",
  "router_capacity": null,
  "router_alpha": 1.0,
  "router_temp": 1.0,
  "router_type": "linear",
  "router_z_coeff": 0.001,
  "router_balance_coeff": 0.1,
  "gene_interaction": "none",
  "interaction_knn": 16,
  "router_prior_beta": 1.0,
  "router_prior_anneal": true,
  "pathway_attn_bias": false,
  "pathway_attn_lambda": 2.0,
  "lambda_marker": 0.1,
  "gamma_diversity": 0.05,
  "beta_compression": 0.01,
  "lr": 0.001,
  "weight_decay": 1e-05,
  "epochs": 80,
  "patience": 12,
  "seed": 0,
  "device": "cuda"
 },
 "heads": {
  "cell_type": {
   "accuracy": 0.6566701742078803,
   "macro_f1": 0.5387065364367066,
   "weighted_f1": 0.6916443514501618,
   "per_class": {
    "0": {
     "precision": 0.1235657546337158,
     "recall": 0.611353711790393,
     "f1-score": 0.2055800293685756,
     "support": 229.0
    },
    "1": {
     "precision": 0.9568706118355065,
     "recall": 0.6799714896650035,
     "f1-score": 0.795,
     "support": 1403.0
    },
    "2": {
     "precision": 0.9459459459459459,
     "recall": 0.9032258064516129,
     "f1-score": 0.9240924092409241,
     "support": 465.0
    },
    "3": {
     "precision": 0.6955017301038062,
     "recall": 0.4975247524752475,
     "f1-score": 0.5800865800865801,
     "support": 808.0
    },
    "4": {
     "precision": 0.4583333333333333,
     "recall": 0.7857142857142857,
     "f1-score": 0.5789473684210527,
     "support": 140.0
    },
    "5": {
     "precision": 0.15047021943573669,
     "recall": 0.9795918367346939,
     "f1-score": 0.2608695652173913,
     "support": 49.0
    },
    "6": {
     "precision": 0.5305164319248826,
     "recall": 0.46887966804979253,
     "f1-score": 0.4977973568281938,
     "support": 482.0
    },
    "7": {
     "precision": 0.16611295681063123,
     "recall": 0.684931506849315,
     "f1-score": 0.26737967914438504,
     "support": 73.0
    },
    "8": {
     "precision": 0.6470588235294118,
     "recall": 0.5945945945945946,
     "f1-score": 0.6197183098591549,
     "support": 37.0
    },
    "9": {
     "precision": 0.6666666666666666,
     "recall": 0.7142857142857143,
     "f1-score": 0.6896551724137931,
     "support": 14.0
    },
    "10": {
     "precision": 0.9053916581892166,
     "recall": 0.6416726748377793,
     "f1-score": 0.7510548523206751,
     "support": 1387.0
    },
    "11": {
     "precision": 0.2453416149068323,
     "recall": 0.7821782178217822,
     "f1-score": 0.3735224586288416,
     "support": 101.0
    },
    "12": {
     "precision": 0.10396039603960396,
     "recall": 0.75,
     "f1-score": 0.1826086956521739,
     "support": 28.0
    },
    "13": {
     "precision": 0.3867595818815331,
     "recall": 0.7900355871886121,
     "f1-score": 0.519298245614035,
     "support": 281.0
    },
    "14": {
     "precision": 0.8606782768102658,
     "recall": 0.6935007385524372,
     "f1-score": 0.7680981595092025,
     "support": 1354.0
    },
    "15": {
     "precision": 0.49932975871313673,
     "recall": 0.8533791523482245,
     "f1-score": 0.6300211416490487,
     "support": 873.0
    },
    "16": {
     "precision": 0.9426470588235294,
     "recall": 0.7043956043956044,
     "f1-score": 0.8062893081761007,
     "support": 1820.0
    },
    "17": {
     "precision": 0.5369649805447471,
     "recall": 0.5476190476190477,
     "f1-score": 0.5422396856581533,
     "support": 252.0
    },
    "18": {
     "precision": 0.9170833333333334,
     "recall": 0.70432,
     "f1-score": 0.7967420814479638,
     "support": 3125.0
    },
    "19": {
     "precision": 0.2987012987012987,
     "recall": 0.5897435897435898,
     "f1-score": 0.39655172413793105,
     "support": 39.0
    },
    "20": {
     "precision": 0.37640449438202245,
     "recall": 0.7790697674418605,
     "f1-score": 0.5075757575757576,
     "support": 86.0
    },
    "21": {
     "precision": 0.7619672131147541,
     "recall": 0.5372168284789643,
     "f1-score": 0.6301518438177874,
     "support": 2163.0
    },
    "22": {
     "precision": 0.5807381776239908,
     "recall": 0.5830920671685003,
     "f1-score": 0.5819127419820861,
     "support": 1727.0
    },
    "23": {
     "precision": 0.22950819672131148,
     "recall": 0.5384615384615384,
     "f1-score": 0.3218390804597701,
     "support": 26.0
    },
    "24": {
     "precision": 0.16804407713498623,
     "recall": 0.4236111111111111,
     "f1-score": 0.2406311637080868,
     "support": 144.0
    },
    "accuracy": 0.6566701742078803,
    "macro avg": {
     "precision": 0.5261825036456079,
     "recall": 0.6735347716711881,
     "f1-score": 0.5387065364367066,
     "support": 17106.0
    },
    "weighted avg": {
     "precision": 0.7705343654838955,
     "recall": 0.6566701742078803,
     "f1-score": 0.6916443514501618,
     "support": 17106.0
    }
   }
  }
 }
}