{
 "dataset": "oesophagus",
 "n_samples": 87947,
 "n_features": 1089,
 "n_classes": 18,
 "n_train": 52327,
 "n_test": 26385,
 "transformer_params": 4735488,
 "total_params": 5514277,
 "config": {
  "heads": [
   "cell_type"
  ],
  "cohorts": null,
  "n_hvg": null,
  "n_channels": 1,
  "batch_size": 128,
  "val_frac": 0.15,
  "test_frac": 0.15,
  "d_model": 384,
  "n_heads": 4,
  "d_ff": 768,
  "dropout": 0.1,
  "n_markers": 128,
  "marker_mode": "router",
  "pathway_pool": "mean",
  "compress_mode": "aggregate",
  "recursive_marker_refine": true,
  "peak_init": true,
  "anneal_markers": true,
  "recursion_depth": 4,
  "share_weights": false,
  "share_strategy": "cycle",
  "n_unique_blocks": null,
  "step_cache": false,
  "adaptive_depth": false,
  "marker_ffn": false,
  "recursion_mode": "fixed",
  "router_capacity": null,
  "router_alpha": 1.0,
  "router_temp": 1.0,
  "router_type": "linear",
  "router_z_coeff": 0.001,
  "router_balance_coeff": 0.1,
  "gene_interaction": "none",
  "interaction_knn": 16,
  "router_prior_beta": 1.0,
  "router_prior_anneal": true,
  "pathway_attn_bias": false,
  "pathway_attn_lambda": 2.0,
  "lambda_marker": 0.1,
  "gamma_diversity": 0.05,
  "beta_compression": 0.01,
  "lr": 0.001,
  "weight_decay": 1e-05,
  "epochs": 80,
  "patience": 12,
  "seed": 0,
  "device": "cuda"
 },
 "heads": {
  "cell_type": {
   "accuracy": 0.7369717642599962,
   "macro_f1": 0.49832038508979287,
   "weighted_f1": 0.7528054547724768,
   "per_class": {
    "0": {
     "precision": 0.35,
     "recall": 0.2014388489208633,
     "f1-score": 0.2557077625570776,
     "support": 139.0
    },
    "1": {
     "precision": 0.5975609756097561,
     "recall": 0.21120689655172414,
     "f1-score": 0.31210191082802546,
     "support": 232.0
    },
    "2": {
     "precision": 0.6190476190476191,
     "recall": 0.8685968819599109,
     "f1-score": 0.7228915662650602,
     "support": 449.0
    },
    "3": {
     "precision": 0.8048780487804879,
     "recall": 0.32673267326732675,
     "f1-score": 0.4647887323943662,
     "support": 101.0
    },
    "4": {
     "precision": 0.6261682242990654,
     "recall": 0.5929203539823009,
     "f1-score": 0.6090909090909091,
     "support": 226.0
    },
    "5": {
     "precision": 0.4335349775089189,
     "recall": 0.8570990493713585,
     "f1-score": 0.5758137618459003,
     "support": 3261.0
    },
    "6": {
     "precision": 0.9471308273287612,
     "recall": 0.7205600686876692,
     "f1-score": 0.8184546136534133,
     "support": 15141.0
    },
    "7": {
     "precision": 0.8004307250538406,
     "recall": 0.7433333333333333,
     "f1-score": 0.7708261320428621,
     "support": 3000.0
    },
    "8": {
     "precision": 0.7650147686248769,
     "recall": 0.8491803278688524,
     "f1-score": 0.8049033149171271,
     "support": 2745.0
    },
    "9": {
     "precision": 0.6417910447761194,
     "recall": 0.8113207547169812,
     "f1-score": 0.7166666666666667,
     "support": 53.0
    },
    "10": {
     "precision": 0.275,
     "recall": 0.6875,
     "f1-score": 0.39285714285714285,
     "support": 16.0
    },
    "11": {
     "precision": 0.16666666666666666,
     "recall": 0.1875,
     "f1-score": 0.17647058823529413,
     "support": 32.0
    },
    "12": {
     "precision": 0.3333333333333333,
     "recall": 0.7941176470588235,
     "f1-score": 0.46956521739130436,
     "support": 34.0
    },
    "13": {
     "precision": 0.30859375,
     "recall": 0.79,
     "f1-score": 0.4438202247191011,
     "support": 100.0
    },
    "14": {
     "precision": 0.07234042553191489,
     "recall": 0.2833333333333333,
     "f1-score": 0.1152542372881356,
     "support": 60.0
    },
    "15": {
     "precision": 0.5721925133689839,
     "recall": 0.7039473684210527,
     "f1-score": 0.6312684365781711,
     "support": 152.0
    },
    "16": {
     "precision": 0.4,
     "recall": 0.5333333333333333,
     "f1-score": 0.45714285714285713,
     "support": 405.0
    },
    "17": {
     "precision": 0.4020618556701031,
     "recall": 0.16317991631799164,
     "f1-score": 0.23214285714285715,
     "support": 239.0
    },
    "accuracy": 0.7369717642599962,
    "macro avg": {
     "precision": 0.5064303197555804,
     "recall": 0.5736278215069364,
     "f1-score": 0.49832038508979287,
     "support": 26385.0
    },
    "weighted avg": {
     "precision": 0.8102677203069694,
     "recall": 0.7369717642599962,
     "f1-score": 0.7528054547724768,
     "support": 26385.0
    }
   }
  }
 }
}