{
 "dataset": "prototype",
 "n_samples": 90579,
 "n_features": 752,
 "n_classes": 10,
 "n_train": 53894,
 "n_test": 27174,
 "transformer_params": 4735488,
 "total_params": 5378709,
 "config": {
  "heads": [
   "cell_type"
  ],
  "cohorts": null,
  "n_hvg": null,
  "n_channels": 1,
  "batch_size": 128,
  "val_frac": 0.15,
  "test_frac": 0.15,
  "d_model": 384,
  "n_heads": 4,
  "d_ff": 768,
  "dropout": 0.1,
  "n_markers": 128,
  "marker_mode": "router",
  "pathway_pool": "mean",
  "compress_mode": "aggregate",
  "recursive_marker_refine": true,
  "peak_init": true,
  "anneal_markers": true,
  "recursion_depth": 4,
  "share_weights": false,
  "share_strategy": "cycle",
  "n_unique_blocks": null,
  "step_cache": false,
  "adaptive_depth": false,
  "marker_ffn": false,
  "recursion_mode": "fixed",
  "router_capacity": null,
  "router_alpha": 1.0,
  "router_temp": 1.0,
  "router_type": "linear",
  "router_z_coeff": 0.001,
  "router_balance_coeff": 0.1,
  "gene_interaction": "none",
  "interaction_knn": 16,
  "router_prior_beta": 1.0,
  "router_prior_anneal": true,
  "pathway_attn_bias": false,
  "pathway_attn_lambda": 2.0,
  "lambda_marker": 0.1,
  "gamma_diversity": 0.05,
  "beta_compression": 0.01,
  "lr": 0.001,
  "weight_decay": 1e-05,
  "epochs": 80,
  "patience": 12,
  "seed": 0,
  "device": "cuda"
 },
 "heads": {
  "cell_type": {
   "accuracy": 0.8838595716493707,
   "macro_f1": 0.878201473116,
   "weighted_f1": 0.8848251821950538,
   "per_class": {
    "0": {
     "precision": 0.9044038668098818,
     "recall": 0.980209545983702,
     "f1-score": 0.9407821229050279,
     "support": 859.0
    },
    "1": {
     "precision": 0.8721804511278195,
     "recall": 0.9142857142857143,
     "f1-score": 0.8927368927368927,
     "support": 1015.0
    },
    "2": {
     "precision": 0.9250128402670775,
     "recall": 0.8392357875116496,
     "f1-score": 0.8800390911311996,
     "support": 2146.0
    },
    "3": {
     "precision": 0.9134539732494099,
     "recall": 0.9159763313609467,
     "f1-score": 0.9147134134331298,
     "support": 2535.0
    },
    "4": {
     "precision": 0.8283987915407856,
     "recall": 0.8064705882352942,
     "f1-score": 0.8172876304023845,
     "support": 1700.0
    },
    "5": {
     "precision": 0.6994912790697675,
     "recall": 0.9024847632442569,
     "f1-score": 0.7881269191402251,
     "support": 2133.0
    },
    "6": {
     "precision": 0.8327471668620555,
     "recall": 0.7901371894697813,
     "f1-score": 0.810882800608828,
     "support": 2697.0
    },
    "7": {
     "precision": 0.9107447413303013,
     "recall": 0.8642330516094228,
     "f1-score": 0.8868794980623731,
     "support": 5561.0
    },
    "8": {
     "precision": 0.8753585397653194,
     "recall": 0.8855183328936956,
     "f1-score": 0.8804091266719118,
     "support": 3791.0
    },
    "9": {
     "precision": 0.983304423243712,
     "recall": 0.9573569769896559,
     "f1-score": 0.9701572360680286,
     "support": 4737.0
    },
    "accuracy": 0.8838595716493707,
    "macro avg": {
     "precision": 0.874509607326613,
     "recall": 0.885590828158412,
     "f1-score": 0.878201473116,
     "support": 27174.0
    },
    "weighted avg": {
     "precision": 0.8887204752145631,
     "recall": 0.8838595716493707,
     "f1-score": 0.8848251821950538,
     "support": 27174.0
    }
   }
  }
 }
}