{
 "dataset": "Segerstolpe",
 "mode": "learned",
 "K": 4,
 "seed": 0,
 "n_markers": 128,
 "test_macro_f1": 66.09580870682187,
 "test_accuracy": 90.29733959311424,
 "val_macro_f1": 73.5608239109988,
 "n_features": 2000,
 "n_classes": 11,
 "n_samples": 2127,
 "learned_lambda": 0.23394951224327087,
 "bio_anchor_have": false
}