{
 "dataset": "Xin",
 "mode": "learned",
 "K": 3,
 "seed": 2,
 "n_markers": 128,
 "test_macro_f1": 70.69644664496539,
 "test_accuracy": 87.94642857142857,
 "val_macro_f1": 62.37680969823827,
 "n_features": 2000,
 "n_classes": 4,
 "n_samples": 1492,
 "learned_lambda": 0.2117234766483307,
 "bio_anchor_have": false
}