{
 "dataset": "Segerstolpe",
 "mode": "learned",
 "K": 3,
 "seed": 1,
 "n_markers": 128,
 "test_macro_f1": 61.024814841437106,
 "test_accuracy": 82.62910798122066,
 "val_macro_f1": 62.96468785334592,
 "n_features": 2000,
 "n_classes": 11,
 "n_samples": 2127,
 "learned_lambda": 0.22321763634681702,
 "bio_anchor_have": false
}