{
 "dataset": "Segerstolpe",
 "mode": "learned",
 "K": 3,
 "seed": 0,
 "n_markers": 128,
 "test_macro_f1": 76.49600285261788,
 "test_accuracy": 91.70579029733959,
 "val_macro_f1": 67.1551138477581,
 "n_features": 2000,
 "n_classes": 11,
 "n_samples": 2127,
 "learned_lambda": 0.21899090707302094,
 "bio_anchor_have": false
}