{
 "task": "stad",
 "arm": "vanilla",
 "pos_class": 1,
 "n_folds": 10,
 "pos_f1": [
  0.6673242078473034,
  0.026159386009631046
 ],
 "pos_precision": [
  0.5521133570550776,
  0.022733440325882957
 ],
 "pos_recall": [
  0.8532367149758455,
  0.09706438112858877
 ],
 "maj_f1": [
  0.6673242078473034,
  0.026159386009631046
 ],
 "macro_f1": [
  0.42973849408333137,
  0.06643761886957561
 ],
 "accuracy": [
  0.5349838377901852,
  0.024957074983164282
 ]
}