{
 "dataset": "baron",
 "n_samples": 8569,
 "n_features": 1936,
 "n_classes": 14,
 "n_train": 5098,
 "n_test": 2571,
 "transformer_params": 75168,
 "total_params": 307421,
 "config": {
  "heads": [
   "cell_type"
  ],
  "cohorts": null,
  "n_hvg": null,
  "n_channels": 1,
  "batch_size": 128,
  "val_frac": 0.15,
  "test_frac": 0.15,
  "d_model": 96,
  "n_heads": 4,
  "d_ff": 192,
  "dropout": 0.1,
  "n_markers": 256,
  "marker_mode": "router",
  "pathway_pool": "mean",
  "compress_mode": "aggregate",
  "recursive_marker_refine": true,
  "peak_init": true,
  "anneal_markers": true,
  "recursion_depth": 4,
  "share_weights": true,
  "share_strategy": "cycle",
  "n_unique_blocks": null,
  "step_cache": false,
  "adaptive_depth": false,
  "marker_ffn": false,
  "recursion_mode": "expert",
  "router_capacity": null,
  "router_alpha": 1.0,
  "router_temp": 1.0,
  "router_type": "linear",
  "router_z_coeff": 0.001,
  "router_balance_coeff": 0.1,
  "gene_interaction": "none",
  "interaction_knn": 16,
  "router_prior_beta": 1.0,
  "router_prior_anneal": true,
  "pathway_attn_bias": false,
  "pathway_attn_lambda": 2.0,
  "lambda_marker": 0.1,
  "gamma_diversity": 0.05,
  "beta_compression": 0.01,
  "lr": 0.001,
  "weight_decay": 1e-05,
  "epochs": 80,
  "patience": 12,
  "seed": 2,
  "device": "cuda"
 },
 "heads": {
  "cell_type": {
   "accuracy": 0.9144301828082458,
   "macro_f1": 0.6582017264195155,
   "weighted_f1": 0.9162632860718039,
   "per_class": {
    "0": {
     "precision": 0.9387755102040817,
     "recall": 0.9616724738675958,
     "f1-score": 0.9500860585197934,
     "support": 287.0
    },
    "1": {
     "precision": 0.8695652173913043,
     "recall": 0.9411764705882353,
     "f1-score": 0.903954802259887,
     "support": 85.0
    },
    "2": {
     "precision": 0.9564564564564565,
     "recall": 0.9126074498567335,
     "f1-score": 0.9340175953079178,
     "support": 698.0
    },
    "3": {
     "precision": 0.9679144385026738,
     "recall": 0.9551451187335093,
     "f1-score": 0.9614873837981408,
     "support": 758.0
    },
    "4": {
     "precision": 0.8268156424581006,
     "recall": 0.8222222222222222,
     "f1-score": 0.8245125348189415,
     "support": 180.0
    },
    "5": {
     "precision": 0.9519230769230769,
     "recall": 0.9195046439628483,
     "f1-score": 0.9354330708661417,
     "support": 323.0
    },
    "6": {
     "precision": 0.8372093023255814,
     "recall": 0.9473684210526315,
     "f1-score": 0.8888888888888888,
     "support": 76.0
    },
    "7": {
     "precision": 0.0,
     "recall": 0.0,
     "f1-score": 0.0,
     "support": 5.0
    },
    "8": {
     "precision": 0.5080645161290323,
     "recall": 0.8181818181818182,
     "f1-score": 0.6268656716417911,
     "support": 77.0
    },
    "9": {
     "precision": 0.8571428571428571,
     "recall": 0.7058823529411765,
     "f1-score": 0.7741935483870968,
     "support": 17.0
    },
    "10": {
     "precision": 0.6666666666666666,
     "recall": 0.5714285714285714,
     "f1-score": 0.6153846153846154,
     "support": 7.0
    },
    "11": {
     "precision": 0.8837209302325582,
     "recall": 0.7307692307692307,
     "f1-score": 0.8,
     "support": 52.0
    },
    "12": {
     "precision": 0.0,
     "recall": 0.0,
     "f1-score": 0.0,
     "support": 4.0
    },
    "13": {
     "precision": 0.0,
     "recall": 0.0,
     "f1-score": 0.0,
     "support": 2.0
    },
    "accuracy": 0.9144301828082458,
    "macro avg": {
     "precision": 0.6617324724594563,
     "recall": 0.6632827695431838,
     "f1-score": 0.6582017264195155,
     "support": 2571.0
    },
    "weighted avg": {
     "precision": 0.9213791496366961,
     "recall": 0.9144301828082458,
     "f1-score": 0.9162632860718039,
     "support": 2571.0
    }
   }
  }
 }
}