{
 "dataset": "common_class",
 "n_samples": 27499,
 "n_features": 1089,
 "n_classes": 19,
 "n_train": 16361,
 "n_test": 8250,
 "transformer_params": 75168,
 "total_params": 227079,
 "config": {
  "heads": [
   "cell_type"
  ],
  "cohorts": null,
  "n_hvg": null,
  "n_channels": 1,
  "batch_size": 128,
  "val_frac": 0.15,
  "test_frac": 0.15,
  "d_model": 96,
  "n_heads": 4,
  "d_ff": 192,
  "dropout": 0.1,
  "n_markers": 256,
  "marker_mode": "router",
  "pathway_pool": "mean",
  "compress_mode": "aggregate",
  "recursive_marker_refine": true,
  "peak_init": true,
  "anneal_markers": true,
  "recursion_depth": 4,
  "share_weights": true,
  "share_strategy": "cycle",
  "n_unique_blocks": null,
  "step_cache": false,
  "adaptive_depth": false,
  "marker_ffn": false,
  "recursion_mode": "expert",
  "router_capacity": null,
  "router_alpha": 1.0,
  "router_temp": 1.0,
  "router_type": "linear",
  "router_z_coeff": 0.001,
  "router_balance_coeff": 0.1,
  "gene_interaction": "none",
  "interaction_knn": 16,
  "router_prior_beta": 1.0,
  "router_prior_anneal": true,
  "pathway_attn_bias": false,
  "pathway_attn_lambda": 2.0,
  "lambda_marker": 0.1,
  "gamma_diversity": 0.05,
  "beta_compression": 0.01,
  "lr": 0.001,
  "weight_decay": 1e-05,
  "epochs": 80,
  "patience": 12,
  "seed": 2,
  "device": "cuda"
 },
 "heads": {
  "cell_type": {
   "accuracy": 0.8557575757575757,
   "macro_f1": 0.7494626301035542,
   "weighted_f1": 0.8577218033628694,
   "per_class": {
    "0": {
     "precision": 0.8552631578947368,
     "recall": 0.8552631578947368,
     "f1-score": 0.8552631578947368,
     "support": 76.0
    },
    "1": {
     "precision": 0.7716049382716049,
     "recall": 0.764525993883792,
     "f1-score": 0.7680491551459293,
     "support": 327.0
    },
    "2": {
     "precision": 0.7378640776699029,
     "recall": 0.6386554621848739,
     "f1-score": 0.6846846846846847,
     "support": 238.0
    },
    "3": {
     "precision": 0.6529411764705882,
     "recall": 0.6646706586826348,
     "f1-score": 0.658753709198813,
     "support": 167.0
    },
    "4": {
     "precision": 0.6288659793814433,
     "recall": 0.7625,
     "f1-score": 0.6892655367231638,
     "support": 160.0
    },
    "5": {
     "precision": 0.7915057915057915,
     "recall": 0.8367346938775511,
     "f1-score": 0.8134920634920635,
     "support": 245.0
    },
    "6": {
     "precision": 0.5714285714285714,
     "recall": 0.6722689075630253,
     "f1-score": 0.6177606177606177,
     "support": 119.0
    },
    "7": {
     "precision": 0.8033946251768034,
     "recall": 0.8464977645305514,
     "f1-score": 0.8243831640058055,
     "support": 671.0
    },
    "8": {
     "precision": 0.6497175141242938,
     "recall": 0.7986111111111112,
     "f1-score": 0.7165109034267912,
     "support": 144.0
    },
    "9": {
     "precision": 0.7518072289156627,
     "recall": 0.7572815533980582,
     "f1-score": 0.75453446191052,
     "support": 412.0
    },
    "10": {
     "precision": 0.639344262295082,
     "recall": 0.7048192771084337,
     "f1-score": 0.670487106017192,
     "support": 166.0
    },
    "11": {
     "precision": 0.837890625,
     "recall": 0.8395303326810176,
     "f1-score": 0.8387096774193549,
     "support": 511.0
    },
    "12": {
     "precision": 0.782392026578073,
     "recall": 0.8920454545454546,
     "f1-score": 0.8336283185840708,
     "support": 528.0
    },
    "13": {
     "precision": 0.6739130434782609,
     "recall": 0.6595744680851063,
     "f1-score": 0.6666666666666666,
     "support": 94.0
    },
    "14": {
     "precision": 0.8181818181818182,
     "recall": 0.6428571428571429,
     "f1-score": 0.72,
     "support": 14.0
    },
    "15": {
     "precision": 0.4293193717277487,
     "recall": 0.4079601990049751,
     "f1-score": 0.41836734693877553,
     "support": 201.0
    },
    "16": {
     "precision": 0.9851428571428571,
     "recall": 0.9751131221719457,
     "f1-score": 0.9801023308698124,
     "support": 884.0
    },
    "17": {
     "precision": 0.982444733420026,
     "recall": 0.9252908756889161,
     "f1-score": 0.9530116682434563,
     "support": 3266.0
    },
    "18": {
     "precision": 0.65,
     "recall": 0.9629629629629629,
     "f1-score": 0.7761194029850746,
     "support": 27.0
    },
    "accuracy": 0.8557575757575757,
    "macro avg": {
     "precision": 0.7375274630875404,
     "recall": 0.7687980599069627,
     "f1-score": 0.7494626301035542,
     "support": 8250.0
    },
    "weighted avg": {
     "precision": 0.8621162919398366,
     "recall": 0.8557575757575757,
     "f1-score": 0.8577218033628694,
     "support": 8250.0
    }
   }
  }
 }
}