{
 "dataset": "oesophagus",
 "n_samples": 87947,
 "n_features": 1089,
 "n_classes": 18,
 "n_train": 52327,
 "n_test": 26385,
 "transformer_params": 75168,
 "total_params": 226885,
 "config": {
  "heads": [
   "cell_type"
  ],
  "cohorts": null,
  "n_hvg": null,
  "n_channels": 1,
  "batch_size": 128,
  "val_frac": 0.15,
  "test_frac": 0.15,
  "d_model": 96,
  "n_heads": 4,
  "d_ff": 192,
  "dropout": 0.1,
  "n_markers": 256,
  "marker_mode": "router",
  "pathway_pool": "mean",
  "compress_mode": "aggregate",
  "recursive_marker_refine": true,
  "peak_init": true,
  "anneal_markers": true,
  "recursion_depth": 4,
  "share_weights": true,
  "share_strategy": "cycle",
  "n_unique_blocks": null,
  "step_cache": false,
  "adaptive_depth": false,
  "marker_ffn": false,
  "recursion_mode": "expert",
  "router_capacity": null,
  "router_alpha": 1.0,
  "router_temp": 1.0,
  "router_type": "linear",
  "router_z_coeff": 0.001,
  "router_balance_coeff": 0.1,
  "gene_interaction": "none",
  "interaction_knn": 16,
  "router_prior_beta": 1.0,
  "router_prior_anneal": true,
  "pathway_attn_bias": false,
  "pathway_attn_lambda": 2.0,
  "lambda_marker": 0.1,
  "gamma_diversity": 0.05,
  "beta_compression": 0.01,
  "lr": 0.001,
  "weight_decay": 1e-05,
  "epochs": 80,
  "patience": 12,
  "seed": 2,
  "device": "cuda"
 },
 "heads": {
  "cell_type": {
   "accuracy": 0.8307371612658707,
   "macro_f1": 0.5962691458473914,
   "weighted_f1": 0.8366713624188584,
   "per_class": {
    "0": {
     "precision": 0.29328621908127206,
     "recall": 0.5971223021582733,
     "f1-score": 0.3933649289099526,
     "support": 139.0
    },
    "1": {
     "precision": 0.6013513513513513,
     "recall": 0.38362068965517243,
     "f1-score": 0.46842105263157896,
     "support": 232.0
    },
    "2": {
     "precision": 0.9214285714285714,
     "recall": 0.8619153674832962,
     "f1-score": 0.8906789413118527,
     "support": 449.0
    },
    "3": {
     "precision": 0.6410256410256411,
     "recall": 0.49504950495049505,
     "f1-score": 0.5586592178770949,
     "support": 101.0
    },
    "4": {
     "precision": 0.5242718446601942,
     "recall": 0.7168141592920354,
     "f1-score": 0.6056074766355141,
     "support": 226.0
    },
    "5": {
     "precision": 0.6739130434782609,
     "recall": 0.9030972094449555,
     "f1-score": 0.7718516577119644,
     "support": 3261.0
    },
    "6": {
     "precision": 0.9724513618677043,
     "recall": 0.825308764282412,
     "f1-score": 0.8928584187774642,
     "support": 15141.0
    },
    "7": {
     "precision": 0.8188666885031117,
     "recall": 0.8333333333333334,
     "f1-score": 0.8260366760284157,
     "support": 3000.0
    },
    "8": {
     "precision": 0.7280966767371602,
     "recall": 0.9657559198542806,
     "f1-score": 0.8302536799248356,
     "support": 2745.0
    },
    "9": {
     "precision": 0.6938775510204082,
     "recall": 0.6415094339622641,
     "f1-score": 0.6666666666666666,
     "support": 53.0
    },
    "10": {
     "precision": 0.8571428571428571,
     "recall": 0.375,
     "f1-score": 0.5217391304347826,
     "support": 16.0
    },
    "11": {
     "precision": 0.6774193548387096,
     "recall": 0.65625,
     "f1-score": 0.6666666666666666,
     "support": 32.0
    },
    "12": {
     "precision": 0.19658119658119658,
     "recall": 0.6764705882352942,
     "f1-score": 0.304635761589404,
     "support": 34.0
    },
    "13": {
     "precision": 0.51,
     "recall": 0.51,
     "f1-score": 0.51,
     "support": 100.0
    },
    "14": {
     "precision": 0.22727272727272727,
     "recall": 0.25,
     "f1-score": 0.23809523809523808,
     "support": 60.0
    },
    "15": {
     "precision": 0.6353591160220995,
     "recall": 0.756578947368421,
     "f1-score": 0.6906906906906907,
     "support": 152.0
    },
    "16": {
     "precision": 0.40992167101827676,
     "recall": 0.38765432098765434,
     "f1-score": 0.39847715736040606,
     "support": 405.0
    },
    "17": {
     "precision": 0.44816053511705684,
     "recall": 0.5606694560669456,
     "f1-score": 0.49814126394052044,
     "support": 239.0
    },
    "accuracy": 0.8307371612658707,
    "macro avg": {
     "precision": 0.6016903559525887,
     "recall": 0.6331194442819351,
     "f1-score": 0.5962691458473914,
     "support": 26385.0
    },
    "weighted avg": {
     "precision": 0.8590927902608476,
     "recall": 0.8307371612658707,
     "f1-score": 0.8366713624188584,
     "support": 26385.0
    }
   }
  }
 }
}