{
 "dataset": "tabula_muris",
 "n_samples": 54865,
 "n_features": 1089,
 "n_classes": 55,
 "n_train": 32645,
 "n_test": 16458,
 "transformer_params": 75168,
 "total_params": 234063,
 "config": {
  "heads": [
   "cell_type"
  ],
  "cohorts": null,
  "n_hvg": null,
  "n_channels": 1,
  "batch_size": 128,
  "val_frac": 0.15,
  "test_frac": 0.15,
  "d_model": 96,
  "n_heads": 4,
  "d_ff": 192,
  "dropout": 0.1,
  "n_markers": 256,
  "marker_mode": "router",
  "pathway_pool": "mean",
  "compress_mode": "aggregate",
  "recursive_marker_refine": true,
  "peak_init": true,
  "anneal_markers": true,
  "recursion_depth": 4,
  "share_weights": true,
  "share_strategy": "cycle",
  "n_unique_blocks": null,
  "step_cache": false,
  "adaptive_depth": false,
  "marker_ffn": false,
  "recursion_mode": "expert",
  "router_capacity": null,
  "router_alpha": 1.0,
  "router_temp": 1.0,
  "router_type": "linear",
  "router_z_coeff": 0.001,
  "router_balance_coeff": 0.1,
  "gene_interaction": "none",
  "interaction_knn": 16,
  "router_prior_beta": 1.0,
  "router_prior_anneal": true,
  "pathway_attn_bias": false,
  "pathway_attn_lambda": 2.0,
  "lambda_marker": 0.1,
  "gamma_diversity": 0.05,
  "beta_compression": 0.01,
  "lr": 0.001,
  "weight_decay": 1e-05,
  "epochs": 80,
  "patience": 12,
  "seed": 2,
  "device": "cuda"
 },
 "heads": {
  "cell_type": {
   "accuracy": 0.8013124316441852,
   "macro_f1": 0.70554444532746,
   "weighted_f1": 0.8145842189636404,
   "per_class": {
    "0": {
     "precision": 0.9680900985452839,
     "recall": 0.8291800643086816,
     "f1-score": 0.8932669408962979,
     "support": 2488.0
    },
    "1": {
     "precision": 0.050314465408805034,
     "recall": 0.6153846153846154,
     "f1-score": 0.09302325581395349,
     "support": 13.0
    },
    "2": {
     "precision": 0.6190476190476191,
     "recall": 0.65,
     "f1-score": 0.6341463414634146,
     "support": 20.0
    },
    "3": {
     "precision": 0.6666666666666666,
     "recall": 0.36363636363636365,
     "f1-score": 0.47058823529411764,
     "support": 11.0
    },
    "4": {
     "precision": 0.9332669322709163,
     "recall": 0.7082388510959939,
     "f1-score": 0.8053287494628276,
     "support": 1323.0
    },
    "5": {
     "precision": 0.9583333333333334,
     "recall": 0.8846153846153846,
     "f1-score": 0.92,
     "support": 104.0
    },
    "6": {
     "precision": 0.6132596685082873,
     "recall": 0.940677966101695,
     "f1-score": 0.7424749163879598,
     "support": 118.0
    },
    "7": {
     "precision": 0.9631849315068494,
     "recall": 0.8477769404672193,
     "f1-score": 0.9018036072144289,
     "support": 1327.0
    },
    "8": {
     "precision": 0.875,
     "recall": 0.7777777777777778,
     "f1-score": 0.8235294117647058,
     "support": 18.0
    },
    "9": {
     "precision": 0.7611111111111111,
     "recall": 0.37950138504155123,
     "f1-score": 0.5064695009242144,
     "support": 361.0
    },
    "10": {
     "precision": 0.9853479853479854,
     "recall": 0.7685714285714286,
     "f1-score": 0.8635634028892456,
     "support": 350.0
    },
    "11": {
     "precision": 0.8541114058355438,
     "recall": 0.9415204678362573,
     "f1-score": 0.8956884561891516,
     "support": 342.0
    },
    "12": {
     "precision": 0.75,
     "recall": 1.0,
     "f1-score": 0.8571428571428571,
     "support": 18.0
    },
    "13": {
     "precision": 0.75,
     "recall": 0.8,
     "f1-score": 0.7741935483870968,
     "support": 15.0
    },
    "14": {
     "precision": 0.5581395348837209,
     "recall": 0.5,
     "f1-score": 0.5274725274725275,
     "support": 48.0
    },
    "15": {
     "precision": 0.0967741935483871,
     "recall": 0.23076923076923078,
     "f1-score": 0.13636363636363635,
     "support": 13.0
    },
    "16": {
     "precision": 0.8,
     "recall": 1.0,
     "f1-score": 0.8888888888888888,
     "support": 8.0
    },
    "17": {
     "precision": 0.7727272727272727,
     "recall": 0.8947368421052632,
     "f1-score": 0.8292682926829268,
     "support": 19.0
    },
    "18": {
     "precision": 0.5925925925925926,
     "recall": 0.8421052631578947,
     "f1-score": 0.6956521739130435,
     "support": 19.0
    },
    "19": {
     "precision": 0.8807339449541285,
     "recall": 0.7878077373974208,
     "f1-score": 0.8316831683168316,
     "support": 853.0
    },
    "20": {
     "precision": 0.7272727272727273,
     "recall": 1.0,
     "f1-score": 0.8421052631578947,
     "support": 8.0
    },
    "21": {
     "precision": 0.8409893992932862,
     "recall": 0.9118773946360154,
     "f1-score": 0.875,
     "support": 261.0
    },
    "22": {
     "precision": 0.7843137254901961,
     "recall": 0.8695652173913043,
     "f1-score": 0.8247422680412371,
     "support": 46.0
    },
    "23": {
     "precision": 0.4959349593495935,
     "recall": 0.8970588235294118,
     "f1-score": 0.6387434554973822,
     "support": 68.0
    },
    "24": {
     "precision": 0.9502262443438914,
     "recall": 0.963302752293578,
     "f1-score": 0.9567198177676538,
     "support": 218.0
    },
    "25": {
     "precision": 0.8928571428571429,
     "recall": 0.8849557522123894,
     "f1-score": 0.8888888888888888,
     "support": 113.0
    },
    "26": {
     "precision": 0.7322834645669292,
     "recall": 0.788135593220339,
     "f1-score": 0.7591836734693878,
     "support": 118.0
    },
    "27": {
     "precision": 1.0,
     "recall": 0.994328922495274,
     "f1-score": 0.9971563981042654,
     "support": 529.0
    },
    "28": {
     "precision": 0.05665024630541872,
     "recall": 0.6764705882352942,
     "f1-score": 0.10454545454545454,
     "support": 34.0
    },
    "29": {
     "precision": 0.6436974789915967,
     "recall": 0.9433497536945813,
     "f1-score": 0.7652347652347652,
     "support": 406.0
    },
    "30": {
     "precision": 0.9150326797385621,
     "recall": 0.9100758396533044,
     "f1-score": 0.9125475285171103,
     "support": 923.0
    },
    "31": {
     "precision": 0.7373737373737373,
     "recall": 0.6186440677966102,
     "f1-score": 0.6728110599078341,
     "support": 118.0
    },
    "32": {
     "precision": 0.09090909090909091,
     "recall": 0.14285714285714285,
     "f1-score": 0.1111111111111111,
     "support": 14.0
    },
    "33": {
     "precision": 0.8,
     "recall": 0.6917293233082706,
     "f1-score": 0.7419354838709677,
     "support": 133.0
    },
    "34": {
     "precision": 0.8238993710691824,
     "recall": 0.9290780141843972,
     "f1-score": 0.8733333333333333,
     "support": 141.0
    },
    "35": {
     "precision": 0.9726027397260274,
     "recall": 0.9888579387186629,
     "f1-score": 0.9806629834254144,
     "support": 359.0
    },
    "36": {
     "precision": 0.7956989247311828,
     "recall": 0.9367088607594937,
     "f1-score": 0.8604651162790697,
     "support": 79.0
    },
    "37": {
     "precision": 0.49038461538461536,
     "recall": 0.5257731958762887,
     "f1-score": 0.5074626865671642,
     "support": 97.0
    },
    "38": {
     "precision": 0.4106583072100313,
     "recall": 0.9492753623188406,
     "f1-score": 0.5733041575492341,
     "support": 138.0
    },
    "39": {
     "precision": 0.7777777777777778,
     "recall": 0.8561151079136691,
     "f1-score": 0.815068493150685,
     "support": 139.0
    },
    "40": {
     "precision": 0.5985663082437276,
     "recall": 0.4217171717171717,
     "f1-score": 0.4948148148148148,
     "support": 396.0
    },
    "41": {
     "precision": 0.5384615384615384,
     "recall": 1.0,
     "f1-score": 0.7,
     "support": 7.0
    },
    "42": {
     "precision": 0.56,
     "recall": 0.9333333333333333,
     "f1-score": 0.7,
     "support": 15.0
    },
    "43": {
     "precision": 0.9804183355585224,
     "recall": 0.9358538657604079,
     "f1-score": 0.9576179091501847,
     "support": 2354.0
    },
    "44": {
     "precision": 0.30385700846660396,
     "recall": 0.9472140762463344,
     "f1-score": 0.4601139601139601,
     "support": 341.0
    },