{
 "dataset": "baron",
 "n_samples": 8569,
 "n_features": 1936,
 "n_classes": 14,
 "n_train": 5098,
 "n_test": 2571,
 "transformer_params": 299136,
 "total_params": 519101,
 "config": {
  "heads": [
   "cell_type"
  ],
  "cohorts": null,
  "n_hvg": null,
  "n_channels": 1,
  "batch_size": 128,
  "val_frac": 0.15,
  "test_frac": 0.15,
  "d_model": 96,
  "n_heads": 4,
  "d_ff": 192,
  "dropout": 0.1,
  "n_markers": 128,
  "marker_mode": "router",
  "pathway_pool": "mean",
  "compress_mode": "aggregate",
  "recursive_marker_refine": true,
  "peak_init": true,
  "anneal_markers": true,
  "recursion_depth": 4,
  "share_weights": false,
  "share_strategy": "cycle",
  "n_unique_blocks": null,
  "step_cache": false,
  "adaptive_depth": false,
  "marker_ffn": false,
  "recursion_mode": "fixed",
  "router_capacity": null,
  "router_alpha": 1.0,
  "router_temp": 1.0,
  "router_type": "linear",
  "router_z_coeff": 0.001,
  "router_balance_coeff": 0.1,
  "gene_interaction": "none",
  "interaction_knn": 16,
  "router_prior_beta": 1.0,
  "router_prior_anneal": true,
  "pathway_attn_bias": false,
  "pathway_attn_lambda": 2.0,
  "lambda_marker": 0.1,
  "gamma_diversity": 0.05,
  "beta_compression": 0.01,
  "lr": 0.001,
  "weight_decay": 1e-05,
  "epochs": 80,
  "patience": 12,
  "seed": 0,
  "device": "cuda"
 },
 "heads": {
  "cell_type": {
   "accuracy": 0.9062621548035784,
   "macro_f1": 0.711339808958854,
   "weighted_f1": 0.907098112622394,
   "per_class": {
    "0": {
     "precision": 0.9507042253521126,
     "recall": 0.9407665505226481,
     "f1-score": 0.9457092819614711,
     "support": 287.0
    },
    "1": {
     "precision": 0.8333333333333334,
     "recall": 0.8235294117647058,
     "f1-score": 0.8284023668639053,
     "support": 85.0
    },
    "2": {
     "precision": 0.9469914040114613,
     "recall": 0.9469914040114613,
     "f1-score": 0.9469914040114613,
     "support": 698.0
    },
    "3": {
     "precision": 0.9477911646586346,
     "recall": 0.9340369393139841,
     "f1-score": 0.9408637873754153,
     "support": 758.0
    },
    "4": {
     "precision": 0.7783783783783784,
     "recall": 0.8,
     "f1-score": 0.7890410958904109,
     "support": 180.0
    },
    "5": {
     "precision": 0.9212121212121213,
     "recall": 0.9411764705882353,
     "f1-score": 0.9310872894333844,
     "support": 323.0
    },
    "6": {
     "precision": 0.8888888888888888,
     "recall": 0.8421052631578947,
     "f1-score": 0.8648648648648649,
     "support": 76.0
    },
    "7": {
     "precision": 0.2,
     "recall": 0.2,
     "f1-score": 0.2,
     "support": 5.0
    },
    "8": {
     "precision": 0.5934065934065934,
     "recall": 0.7012987012987013,
     "f1-score": 0.6428571428571429,
     "support": 77.0
    },
    "9": {
     "precision": 1.0,
     "recall": 0.8235294117647058,
     "f1-score": 0.9032258064516129,
     "support": 17.0
    },
    "10": {
     "precision": 0.42857142857142855,
     "recall": 0.42857142857142855,
     "f1-score": 0.42857142857142855,
     "support": 7.0
    },
    "11": {
     "precision": 0.7083333333333334,
     "recall": 0.6538461538461539,
     "f1-score": 0.68,
     "support": 52.0
    },
    "12": {
     "precision": 1.0,
     "recall": 0.75,
     "f1-score": 0.8571428571428571,
     "support": 4.0
    },
    "13": {
     "precision": 0.0,
     "recall": 0.0,
     "f1-score": 0.0,
     "support": 2.0
    },
    "accuracy": 0.9062621548035784,
    "macro avg": {
     "precision": 0.7284007765104491,
     "recall": 0.6989894096314228,
     "f1-score": 0.711339808958854,
     "support": 2571.0
    },
    "weighted avg": {
     "precision": 0.9085382997516354,
     "recall": 0.9062621548035784,
     "f1-score": 0.907098112622394,
     "support": 2571.0
    }
   }
  }
 }
}