{
 "dataset": "common_class",
 "n_samples": 27499,
 "n_features": 1089,
 "n_classes": 19,
 "n_train": 16361,
 "n_test": 8250,
 "transformer_params": 299136,
 "total_params": 438759,
 "config": {
  "heads": [
   "cell_type"
  ],
  "cohorts": null,
  "n_hvg": null,
  "n_channels": 1,
  "batch_size": 128,
  "val_frac": 0.15,
  "test_frac": 0.15,
  "d_model": 96,
  "n_heads": 4,
  "d_ff": 192,
  "dropout": 0.1,
  "n_markers": 128,
  "marker_mode": "router",
  "pathway_pool": "mean",
  "compress_mode": "aggregate",
  "recursive_marker_refine": true,
  "peak_init": true,
  "anneal_markers": true,
  "recursion_depth": 4,
  "share_weights": false,
  "share_strategy": "cycle",
  "n_unique_blocks": null,
  "step_cache": false,
  "adaptive_depth": false,
  "marker_ffn": false,
  "recursion_mode": "fixed",
  "router_capacity": null,
  "router_alpha": 1.0,
  "router_temp": 1.0,
  "router_type": "linear",
  "router_z_coeff": 0.001,
  "router_balance_coeff": 0.1,
  "gene_interaction": "none",
  "interaction_knn": 16,
  "router_prior_beta": 1.0,
  "router_prior_anneal": true,
  "pathway_attn_bias": false,
  "pathway_attn_lambda": 2.0,
  "lambda_marker": 0.1,
  "gamma_diversity": 0.05,
  "beta_compression": 0.01,
  "lr": 0.001,
  "weight_decay": 1e-05,
  "epochs": 80,
  "patience": 12,
  "seed": 0,
  "device": "cuda"
 },
 "heads": {
  "cell_type": {
   "accuracy": 0.8423030303030303,
   "macro_f1": 0.7053021530438367,
   "weighted_f1": 0.8471586864735772,
   "per_class": {
    "0": {
     "precision": 0.676923076923077,
     "recall": 0.5789473684210527,
     "f1-score": 0.624113475177305,
     "support": 76.0
    },
    "1": {
     "precision": 0.6090425531914894,
     "recall": 0.7003058103975535,
     "f1-score": 0.65149359886202,
     "support": 327.0
    },
    "2": {
     "precision": 0.5669642857142857,
     "recall": 0.5336134453781513,
     "f1-score": 0.5497835497835498,
     "support": 238.0
    },
    "3": {
     "precision": 0.7393939393939394,
     "recall": 0.7305389221556886,
     "f1-score": 0.7349397590361446,
     "support": 167.0
    },
    "4": {
     "precision": 0.6931818181818182,
     "recall": 0.7625,
     "f1-score": 0.7261904761904762,
     "support": 160.0
    },
    "5": {
     "precision": 0.7296137339055794,
     "recall": 0.6938775510204082,
     "f1-score": 0.7112970711297071,
     "support": 245.0
    },
    "6": {
     "precision": 0.45977011494252873,
     "recall": 0.6722689075630253,
     "f1-score": 0.5460750853242321,
     "support": 119.0
    },
    "7": {
     "precision": 0.9001560062402496,
     "recall": 0.8599105812220567,
     "f1-score": 0.8795731707317073,
     "support": 671.0
    },
    "8": {
     "precision": 0.41201716738197425,
     "recall": 0.6666666666666666,
     "f1-score": 0.5092838196286472,
     "support": 144.0
    },
    "9": {
     "precision": 0.7603550295857988,
     "recall": 0.6237864077669902,
     "f1-score": 0.6853333333333333,
     "support": 412.0
    },
    "10": {
     "precision": 0.6625,
     "recall": 0.6385542168674698,
     "f1-score": 0.6503067484662577,
     "support": 166.0
    },
    "11": {
     "precision": 0.9213483146067416,
     "recall": 0.6418786692759295,
     "f1-score": 0.7566320645905421,
     "support": 511.0
    },
    "12": {
     "precision": 0.9018036072144289,
     "recall": 0.8522727272727273,
     "f1-score": 0.8763388510223953,
     "support": 528.0
    },
    "13": {
     "precision": 0.2948717948717949,
     "recall": 0.7340425531914894,
     "f1-score": 0.42073170731707316,
     "support": 94.0
    },
    "14": {
     "precision": 0.8235294117647058,
     "recall": 1.0,
     "f1-score": 0.9032258064516129,
     "support": 14.0
    },
    "15": {
     "precision": 0.5082872928176796,
     "recall": 0.4577114427860697,
     "f1-score": 0.4816753926701571,
     "support": 201.0
    },
    "16": {
     "precision": 0.9719416386083053,
     "recall": 0.9796380090497737,
     "f1-score": 0.9757746478873239,
     "support": 884.0
    },
    "17": {
     "precision": 0.9784217016029593,
     "recall": 0.971830985915493,
     "f1-score": 0.9751152073732718,
     "support": 3266.0
    },
    "18": {
     "precision": 0.6046511627906976,
     "recall": 0.9629629629629629,
     "f1-score": 0.7428571428571429,
     "support": 27.0
    },
    "accuracy": 0.8423030303030303,
    "macro avg": {
     "precision": 0.6955143499862133,
     "recall": 0.740068801469132,
     "f1-score": 0.7053021530438367,
     "support": 8250.0
    },
    "weighted avg": {
     "precision": 0.8605326724321049,
     "recall": 0.8423030303030303,
     "f1-score": 0.8471586864735772,
     "support": 8250.0
    }
   }
  }
 }
}