{
 "dataset": "oesophagus",
 "n_samples": 87947,
 "n_features": 1089,
 "n_classes": 18,
 "n_train": 52327,
 "n_test": 26385,
 "transformer_params": 299136,
 "total_params": 438565,
 "config": {
  "heads": [
   "cell_type"
  ],
  "cohorts": null,
  "n_hvg": null,
  "n_channels": 1,
  "batch_size": 128,
  "val_frac": 0.15,
  "test_frac": 0.15,
  "d_model": 96,
  "n_heads": 4,
  "d_ff": 192,
  "dropout": 0.1,
  "n_markers": 128,
  "marker_mode": "router",
  "pathway_pool": "mean",
  "compress_mode": "aggregate",
  "recursive_marker_refine": true,
  "peak_init": true,
  "anneal_markers": true,
  "recursion_depth": 4,
  "share_weights": false,
  "share_strategy": "cycle",
  "n_unique_blocks": null,
  "step_cache": false,
  "adaptive_depth": false,
  "marker_ffn": false,
  "recursion_mode": "fixed",
  "router_capacity": null,
  "router_alpha": 1.0,
  "router_temp": 1.0,
  "router_type": "linear",
  "router_z_coeff": 0.001,
  "router_balance_coeff": 0.1,
  "gene_interaction": "none",
  "interaction_knn": 16,
  "router_prior_beta": 1.0,
  "router_prior_anneal": true,
  "pathway_attn_bias": false,
  "pathway_attn_lambda": 2.0,
  "lambda_marker": 0.1,
  "gamma_diversity": 0.05,
  "beta_compression": 0.01,
  "lr": 0.001,
  "weight_decay": 1e-05,
  "epochs": 80,
  "patience": 12,
  "seed": 0,
  "device": "cuda"
 },
 "heads": {
  "cell_type": {
   "accuracy": 0.829979154822816,
   "macro_f1": 0.6054969939434545,
   "weighted_f1": 0.8348764022751937,
   "per_class": {
    "0": {
     "precision": 0.475177304964539,
     "recall": 0.48201438848920863,
     "f1-score": 0.4785714285714286,
     "support": 139.0
    },
    "1": {
     "precision": 0.5809128630705395,
     "recall": 0.603448275862069,
     "f1-score": 0.5919661733615222,
     "support": 232.0
    },
    "2": {
     "precision": 0.8094218415417559,
     "recall": 0.8418708240534521,
     "f1-score": 0.8253275109170306,
     "support": 449.0
    },
    "3": {
     "precision": 0.6635514018691588,
     "recall": 0.7029702970297029,
     "f1-score": 0.6826923076923077,
     "support": 101.0
    },
    "4": {
     "precision": 0.5702127659574469,
     "recall": 0.5929203539823009,
     "f1-score": 0.5813449023861171,
     "support": 226.0
    },
    "5": {
     "precision": 0.6373950533242568,
     "recall": 0.8613922109782275,
     "f1-score": 0.7326551904016693,
     "support": 3261.0
    },
    "6": {
     "precision": 0.9663325426581988,
     "recall": 0.834092860445149,
     "f1-score": 0.8953562566465793,
     "support": 15141.0
    },
    "7": {
     "precision": 0.7910447761194029,
     "recall": 0.8303333333333334,
     "f1-score": 0.8102130427711823,
     "support": 3000.0
    },
    "8": {
     "precision": 0.7748169838945828,
     "recall": 0.9639344262295082,
     "f1-score": 0.8590909090909091,
     "support": 2745.0
    },
    "9": {
     "precision": 0.7796610169491526,
     "recall": 0.8679245283018868,
     "f1-score": 0.8214285714285714,
     "support": 53.0
    },
    "10": {
     "precision": 0.8181818181818182,
     "recall": 0.5625,
     "f1-score": 0.6666666666666666,
     "support": 16.0
    },
    "11": {
     "precision": 0.5,
     "recall": 0.46875,
     "f1-score": 0.4838709677419355,
     "support": 32.0
    },
    "12": {
     "precision": 0.35714285714285715,
     "recall": 0.29411764705882354,
     "f1-score": 0.3225806451612903,
     "support": 34.0
    },
    "13": {
     "precision": 0.4673913043478261,
     "recall": 0.43,
     "f1-score": 0.4479166666666667,
     "support": 100.0
    },
    "14": {
     "precision": 0.16326530612244897,
     "recall": 0.13333333333333333,
     "f1-score": 0.14678899082568808,
     "support": 60.0
    },
    "15": {
     "precision": 0.7132867132867133,
     "recall": 0.6710526315789473,
     "f1-score": 0.6915254237288135,
     "support": 152.0
    },
    "16": {
     "precision": 0.406570841889117,
     "recall": 0.4888888888888889,
     "f1-score": 0.4439461883408072,
     "support": 405.0
    },
    "17": {
     "precision": 0.403921568627451,
     "recall": 0.4309623430962343,
     "f1-score": 0.41700404858299595,
     "support": 239.0
    },
    "accuracy": 0.829979154822816,
    "macro avg": {
     "precision": 0.6043492755526259,
     "recall": 0.6144725745922816,
     "f1-score": 0.6054969939434545,
     "support": 26385.0
    },
    "weighted avg": {
     "precision": 0.8519477254052572,
     "recall": 0.829979154822816,
     "f1-score": 0.8348764022751937,
     "support": 26385.0
    }
   }
  }
 }
}