{
 "dataset": "prototype",
 "n_samples": 90579,
 "n_features": 752,
 "n_classes": 10,
 "n_train": 53894,
 "n_test": 27174,
 "transformer_params": 299136,
 "total_params": 404661,
 "config": {
  "heads": [
   "cell_type"
  ],
  "cohorts": null,
  "n_hvg": null,
  "n_channels": 1,
  "batch_size": 128,
  "val_frac": 0.15,
  "test_frac": 0.15,
  "d_model": 96,
  "n_heads": 4,
  "d_ff": 192,
  "dropout": 0.1,
  "n_markers": 128,
  "marker_mode": "router",
  "pathway_pool": "mean",
  "compress_mode": "aggregate",
  "recursive_marker_refine": true,
  "peak_init": true,
  "anneal_markers": true,
  "recursion_depth": 4,
  "share_weights": false,
  "share_strategy": "cycle",
  "n_unique_blocks": null,
  "step_cache": false,
  "adaptive_depth": false,
  "marker_ffn": false,
  "recursion_mode": "fixed",
  "router_capacity": null,
  "router_alpha": 1.0,
  "router_temp": 1.0,
  "router_type": "linear",
  "router_z_coeff": 0.001,
  "router_balance_coeff": 0.1,
  "gene_interaction": "none",
  "interaction_knn": 16,
  "router_prior_beta": 1.0,
  "router_prior_anneal": true,
  "pathway_attn_bias": false,
  "pathway_attn_lambda": 2.0,
  "lambda_marker": 0.1,
  "gamma_diversity": 0.05,
  "beta_compression": 0.01,
  "lr": 0.001,
  "weight_decay": 1e-05,
  "epochs": 80,
  "patience": 12,
  "seed": 0,
  "device": "cuda"
 },
 "heads": {
  "cell_type": {
   "accuracy": 0.9549937440200191,
   "macro_f1": 0.9497763818545826,
   "weighted_f1": 0.954967134612921,
   "per_class": {
    "0": {
     "precision": 0.9571589627959414,
     "recall": 0.9883585564610011,
     "f1-score": 0.9725085910652921,
     "support": 859.0
    },
    "1": {
     "precision": 0.9737108190091001,
     "recall": 0.948768472906404,
     "f1-score": 0.9610778443113772,
     "support": 1015.0
    },
    "2": {
     "precision": 0.9497927222478121,
     "recall": 0.9608574091332712,
     "f1-score": 0.955293027565439,
     "support": 2146.0
    },
    "3": {
     "precision": 0.9608695652173913,
     "recall": 0.958974358974359,
     "f1-score": 0.9599210266535044,
     "support": 2535.0
    },
    "4": {
     "precision": 0.9033018867924528,
     "recall": 0.9011764705882352,
     "f1-score": 0.9022379269729093,
     "support": 1700.0
    },
    "5": {
     "precision": 0.9003741814780168,
     "recall": 0.9024847632442569,
     "f1-score": 0.9014282369468508,
     "support": 2133.0
    },
    "6": {
     "precision": 0.9385767790262173,
     "recall": 0.9291805710048202,
     "f1-score": 0.9338550400596236,
     "support": 2697.0
    },
    "7": {
     "precision": 0.9616482340349626,
     "recall": 0.9694299586405323,
     "f1-score": 0.9655234172114265,
     "support": 5561.0
    },
    "8": {
     "precision": 0.9644480085538626,
     "recall": 0.9517277763123186,
     "f1-score": 0.9580456718003186,
     "support": 3791.0
    },
    "9": {
     "precision": 0.9869363674673409,
     "recall": 0.9888114840616424,
     "f1-score": 0.9878730359590847,
     "support": 4737.0
    },
    "accuracy": 0.9549937440200191,
    "macro avg": {
     "precision": 0.9496817526623097,
     "recall": 0.9499769821326842,
     "f1-score": 0.9497763818545826,
     "support": 27174.0
    },
    "weighted avg": {
     "precision": 0.954997213232069,
     "recall": 0.9549937440200191,
     "f1-score": 0.954967134612921,
     "support": 27174.0
    }
   }
  }
 }
}