{
 "dataset": "tabula_muris",
 "n_samples": 54865,
 "n_features": 1089,
 "n_classes": 55,
 "n_train": 32645,
 "n_test": 16458,
 "transformer_params": 299136,
 "total_params": 445743,
 "config": {
  "heads": [
   "cell_type"
  ],
  "cohorts": null,
  "n_hvg": null,
  "n_channels": 1,
  "batch_size": 128,
  "val_frac": 0.15,
  "test_frac": 0.15,
  "d_model": 96,
  "n_heads": 4,
  "d_ff": 192,
  "dropout": 0.1,
  "n_markers": 128,
  "marker_mode": "router",
  "pathway_pool": "mean",
  "compress_mode": "aggregate",
  "recursive_marker_refine": true,
  "peak_init": true,
  "anneal_markers": true,
  "recursion_depth": 4,
  "share_weights": false,
  "share_strategy": "cycle",
  "n_unique_blocks": null,
  "step_cache": false,
  "adaptive_depth": false,
  "marker_ffn": false,
  "recursion_mode": "fixed",
  "router_capacity": null,
  "router_alpha": 1.0,
  "router_temp": 1.0,
  "router_type": "linear",
  "router_z_coeff": 0.001,
  "router_balance_coeff": 0.1,
  "gene_interaction": "none",
  "interaction_knn": 16,
  "router_prior_beta": 1.0,
  "router_prior_anneal": true,
  "pathway_attn_bias": false,
  "pathway_attn_lambda": 2.0,
  "lambda_marker": 0.1,
  "gamma_diversity": 0.05,
  "beta_compression": 0.01,
  "lr": 0.001,
  "weight_decay": 1e-05,
  "epochs": 80,
  "patience": 12,
  "seed": 0,
  "device": "cuda"
 },
 "heads": {
  "cell_type": {
   "accuracy": 0.8779924656701907,
   "macro_f1": 0.8022262881572302,
   "weighted_f1": 0.8727904422974601,
   "per_class": {
    "0": {
     "precision": 0.9281934996220711,
     "recall": 0.9871382636655949,
     "f1-score": 0.9567588624853915,
     "support": 2488.0
    },
    "1": {
     "precision": 0.36363636363636365,
     "recall": 0.3076923076923077,
     "f1-score": 0.3333333333333333,
     "support": 13.0
    },
    "2": {
     "precision": 0.7142857142857143,
     "recall": 0.75,
     "f1-score": 0.7317073170731707,
     "support": 20.0
    },
    "3": {
     "precision": 0.7272727272727273,
     "recall": 0.7272727272727273,
     "f1-score": 0.7272727272727273,
     "support": 11.0
    },
    "4": {
     "precision": 0.9166666666666666,
     "recall": 0.889644746787604,
     "f1-score": 0.9029535864978903,
     "support": 1323.0
    },
    "5": {
     "precision": 0.9134615384615384,
     "recall": 0.9134615384615384,
     "f1-score": 0.9134615384615384,
     "support": 104.0
    },
    "6": {
     "precision": 0.9576271186440678,
     "recall": 0.9576271186440678,
     "f1-score": 0.9576271186440678,
     "support": 118.0
    },
    "7": {
     "precision": 0.9645015105740181,
     "recall": 0.9623210248681235,
     "f1-score": 0.963410033949453,
     "support": 1327.0
    },
    "8": {
     "precision": 0.85,
     "recall": 0.9444444444444444,
     "f1-score": 0.8947368421052632,
     "support": 18.0
    },
    "9": {
     "precision": 0.946949602122016,
     "recall": 0.9889196675900277,
     "f1-score": 0.967479674796748,
     "support": 361.0
    },
    "10": {
     "precision": 0.9886685552407932,
     "recall": 0.9971428571428571,
     "f1-score": 0.9928876244665719,
     "support": 350.0
    },
    "11": {
     "precision": 0.7345971563981043,
     "recall": 0.9064327485380117,
     "f1-score": 0.8115183246073299,
     "support": 342.0
    },
    "12": {
     "precision": 0.9,
     "recall": 1.0,
     "f1-score": 0.9473684210526315,
     "support": 18.0
    },
    "13": {
     "precision": 0.9375,
     "recall": 1.0,
     "f1-score": 0.967741935483871,
     "support": 15.0
    },
    "14": {
     "precision": 0.5849056603773585,
     "recall": 0.6458333333333334,
     "f1-score": 0.6138613861386139,
     "support": 48.0
    },
    "15": {
     "precision": 0.6428571428571429,
     "recall": 0.6923076923076923,
     "f1-score": 0.6666666666666666,
     "support": 13.0
    },
    "16": {
     "precision": 1.0,
     "recall": 1.0,
     "f1-score": 1.0,
     "support": 8.0
    },
    "17": {
     "precision": 0.75,
     "recall": 0.9473684210526315,
     "f1-score": 0.8372093023255814,
     "support": 19.0
    },
    "18": {
     "precision": 0.782608695652174,
     "recall": 0.9473684210526315,
     "f1-score": 0.8571428571428571,
     "support": 19.0
    },
    "19": {
     "precision": 0.9238709677419354,
     "recall": 0.839390386869871,
     "f1-score": 0.8796068796068796,
     "support": 853.0
    },
    "20": {
     "precision": 1.0,
     "recall": 0.625,
     "f1-score": 0.7692307692307693,
     "support": 8.0
    },
    "21": {
     "precision": 0.8402777777777778,
     "recall": 0.9272030651340997,
     "f1-score": 0.8816029143897997,
     "support": 261.0
    },
    "22": {
     "precision": 0.8837209302325582,
     "recall": 0.8260869565217391,
     "f1-score": 0.8539325842696629,
     "support": 46.0
    },
    "23": {
     "precision": 0.8507462686567164,
     "recall": 0.8382352941176471,
     "f1-score": 0.8444444444444444,
     "support": 68.0
    },
    "24": {
     "precision": 0.9330357142857143,
     "recall": 0.9587155963302753,
     "f1-score": 0.9457013574660633,
     "support": 218.0
    },
    "25": {
     "precision": 0.9166666666666666,
     "recall": 0.8761061946902655,
     "f1-score": 0.8959276018099548,
     "support": 113.0
    },
    "26": {
     "precision": 0.8828828828828829,
     "recall": 0.8305084745762712,
     "f1-score": 0.8558951965065502,
     "support": 118.0
    },
    "27": {
     "precision": 0.9943609022556391,
     "recall": 1.0,
     "f1-score": 0.9971724787935909,
     "support": 529.0
    },
    "28": {
     "precision": 0.6451612903225806,
     "recall": 0.5882352941176471,
     "f1-score": 0.6153846153846154,
     "support": 34.0
    },
    "29": {
     "precision": 0.9142857142857143,
     "recall": 0.9458128078817734,
     "f1-score": 0.9297820823244553,
     "support": 406.0
    },
    "30": {
     "precision": 0.9501084598698482,
     "recall": 0.9490790899241603,
     "f1-score": 0.9495934959349593,
     "support": 923.0
    },
    "31": {
     "precision": 0.8495575221238938,
     "recall": 0.8135593220338984,
     "f1-score": 0.8311688311688312,
     "support": 118.0
    },
    "32": {
     "precision": 0.20833333333333334,
     "recall": 0.35714285714285715,
     "f1-score": 0.2631578947368421,
     "support": 14.0
    },
    "33": {
     "precision": 0.872,
     "recall": 0.8195488721804511,
     "f1-score": 0.8449612403100775,
     "support": 133.0
    },
    "34": {
     "precision": 0.8819444444444444,
     "recall": 0.900709219858156,
     "f1-score": 0.8912280701754386,
     "support": 141.0
    },
    "35": {
     "precision": 0.9889196675900277,
     "recall": 0.9944289693593314,
     "f1-score": 0.9916666666666667,
     "support": 359.0
    },
    "36": {
     "precision": 0.926829268292683,
     "recall": 0.9620253164556962,
     "f1-score": 0.9440993788819876,
     "support": 79.0
    },
    "37": {
     "precision": 0.5684210526315789,
     "recall": 0.5567010309278351,
     "f1-score": 0.5625,
     "support": 97.0
    },
    "38": {
     "precision": 0.9558823529411765,
     "recall": 0.9420289855072463,
     "f1-score": 0.948905109489051,
     "support": 138.0
    },
    "39": {
     "precision": 0.8854961832061069,
     "recall": 0.8345323741007195,
     "f1-score": 0.8592592592592593,
     "support": 139.0
    },
    "40": {
     "precision": 0.538135593220339,
     "recall": 0.3207070707070707,
     "f1-score": 0.40189873417721517,
     "support": 396.0
    },
    "41": {
     "precision": 0.42857142857142855,
     "recall": 0.8571428571428571,
     "f1-score": 0.5714285714285714,
     "support": 7.0
    },
    "42": {
     "precision": 0.7368421052631579,
     "recall": 0.9333333333333333,
     "f1-score": 0.8235294117647058,
     "support": 15.0
    },
    "43": {
     "precision": 0.9685666387259011,
     "recall": 0.9817332200509771,
     "f1-score": 0.9751054852320675,
     "support": 2354.0
    },
    "44": {
     "precision": 0.3614864864864865,
     "recall": 0.9413489736070382,
     "f1-score": 0.5223759153783564,