{
 "dataset": "tcell",
 "n_samples": 24007,
 "n_features": 1089,
 "n_classes": 7,
 "n_train": 14283,
 "n_test": 7203,
 "transformer_params": 299136,
 "total_params": 436431,
 "config": {
  "heads": [
   "cell_type"
  ],
  "cohorts": null,
  "n_hvg": null,
  "n_channels": 1,
  "batch_size": 128,
  "val_frac": 0.15,
  "test_frac": 0.15,
  "d_model": 96,
  "n_heads": 4,
  "d_ff": 192,
  "dropout": 0.1,
  "n_markers": 128,
  "marker_mode": "router",
  "pathway_pool": "mean",
  "compress_mode": "aggregate",
  "recursive_marker_refine": true,
  "peak_init": true,
  "anneal_markers": true,
  "recursion_depth": 4,
  "share_weights": false,
  "share_strategy": "cycle",
  "n_unique_blocks": null,
  "step_cache": false,
  "adaptive_depth": false,
  "marker_ffn": false,
  "recursion_mode": "fixed",
  "router_capacity": null,
  "router_alpha": 1.0,
  "router_temp": 1.0,
  "router_type": "linear",
  "router_z_coeff": 0.001,
  "router_balance_coeff": 0.1,
  "gene_interaction": "none",
  "interaction_knn": 16,
  "router_prior_beta": 1.0,
  "router_prior_anneal": true,
  "pathway_attn_bias": false,
  "pathway_attn_lambda": 2.0,
  "lambda_marker": 0.1,
  "gamma_diversity": 0.05,
  "beta_compression": 0.01,
  "lr": 0.001,
  "weight_decay": 1e-05,
  "epochs": 80,
  "patience": 12,
  "seed": 0,
  "device": "cuda"
 },
 "heads": {
  "cell_type": {
   "accuracy": 0.6121060669165626,
   "macro_f1": 0.4721720530598133,
   "weighted_f1": 0.6521925634323985,
   "per_class": {
    "0": {
     "precision": 0.3814102564102564,
     "recall": 0.4857142857142857,
     "f1-score": 0.4272890484739677,
     "support": 245.0
    },
    "1": {
     "precision": 0.5203619909502263,
     "recall": 0.8502772643253235,
     "f1-score": 0.6456140350877193,
     "support": 541.0
    },
    "2": {
     "precision": 0.8990498812351544,
     "recall": 0.6622922134733158,
     "f1-score": 0.7627204030226701,
     "support": 4572.0
    },
    "3": {
     "precision": 0.0893574297188755,
     "recall": 0.27639751552795033,
     "f1-score": 0.13505311077389984,
     "support": 322.0
    },
    "4": {
     "precision": 0.5326633165829145,
     "recall": 0.3241590214067278,
     "f1-score": 0.40304182509505704,
     "support": 654.0
    },
    "5": {
     "precision": 0.6473880597014925,
     "recall": 0.6024305555555556,
     "f1-score": 0.6241007194244604,
     "support": 576.0
    },
    "6": {
     "precision": 0.21720733427362482,
     "recall": 0.5255972696245734,
     "f1-score": 0.3073852295409182,
     "support": 293.0
    },
    "accuracy": 0.6121060669165626,
    "macro avg": {
     "precision": 0.4696340384103635,
     "recall": 0.5324097322325331,
     "f1-score": 0.4721720530598133,
     "support": 7203.0
    },
    "weighted avg": {
     "precision": 0.735678131289275,
     "recall": 0.6121060669165626,
     "f1-score": 0.6521925634323985,
     "support": 7203.0
    }
   }
  }
 }
}