{
 "dataset": "Wang",
 "mode": "learned",
 "K": 3,
 "seed": 1,
 "n_markers": 128,
 "test_macro_f1": 36.367298753518796,
 "test_accuracy": 50.72463768115942,
 "val_macro_f1": 60.917366946778714,
 "n_features": 2000,
 "n_classes": 7,
 "n_samples": 457,
 "learned_lambda": 0.21202093362808228,
 "bio_anchor_have": false
}