{
 "dataset": "Wang",
 "mode": "learned",
 "K": 3,
 "seed": 2,
 "n_markers": 128,
 "test_macro_f1": 39.206350259571416,
 "test_accuracy": 47.10144927536232,
 "val_macro_f1": 42.7588813303099,
 "n_features": 2000,
 "n_classes": 7,
 "n_samples": 457,
 "learned_lambda": 0.20484839379787445,
 "bio_anchor_have": false
}