{
 "dataset": "Wang",
 "mode": "learned",
 "K": 3,
 "seed": 0,
 "n_markers": 128,
 "test_macro_f1": 33.185283775345894,
 "test_accuracy": 47.82608695652174,
 "val_macro_f1": 52.55102040816326,
 "n_features": 2000,
 "n_classes": 7,
 "n_samples": 457,
 "learned_lambda": 0.2059674710035324,
 "bio_anchor_have": false
}