{
 "task": "pan_meta_pri",
 "arm": "expert_k2",
 "pos_class": 1,
 "n_folds": 10,
 "pos_f1": [
  0.5747063205817733,
  0.03763863734893759
 ],
 "pos_precision": [
  0.6499866939553123,
  0.07425328788408217
 ],
 "pos_recall": [
  0.523611111111111,
  0.05684239006864603
 ],
 "maj_f1": [
  0.9836769881654874,
  0.002031813477064176
 ],
 "macro_f1": [
  0.7791916543736302,
  0.019492659618892547
 ],
 "accuracy": [
  0.9685702019119449,
  0.003830087669090439
 ]
}