{
 "dataset": "Spleen",
 "mode": "learned",
 "K": 4,
 "seed": 1,
 "n_markers": 128,
 "test_macro_f1": 60.5937265139074,
 "test_accuracy": 69.13488437975849,
 "val_macro_f1": 60.16038068128697,
 "n_features": 1089,
 "n_classes": 28,
 "n_samples": 94129,
 "learned_lambda": 0.45268508791923523,
 "bio_anchor_have": false
}