{
 "dataset": "Spleen",
 "method": "Linear (ANOVA->PCA->LogReg)",
 "n_folds": 5,
 "seed": 42,
 "n_features": 1089,
 "n_classes": 28,
 "n_samples": 94129,
 "cv_macro_f1": {
  "mean": 64.88458069729282,
  "std": 0.3743851012388411,
  "folds": [
   64.22652730801738,
   65.33643824086293,
   64.86329992281064,
   65.134858085312,
   64.86177992946119
  ]
 }
}