{
 "dataset": "Spleen",
 "method": "Random Forest",
 "n_folds": 5,
 "seed": 42,
 "n_features": 1089,
 "n_classes": 28,
 "n_samples": 94129,
 "cv_macro_f1": {
  "mean": 65.17940302658306,
  "std": 0.5307949801509281,
  "folds": [
   65.37721804315399,
   65.74152201164434,
   65.31032402710103,
   65.29950907659722,
   64.16844197441873
  ]
 }
}