{
 "dataset": "common_class",
 "n_samples": 27499,
 "n_features": 1089,
 "n_classes": 19,
 "n_train": 16361,
 "n_test": 8250,
 "transformer_params": 75168,
 "total_params": 227079,
 "config": {
  "heads": [
   "cell_type"
  ],
  "cohorts": null,
  "n_hvg": null,
  "n_channels": 1,
  "batch_size": 128,
  "val_frac": 0.15,
  "test_frac": 0.15,
  "d_model": 96,
  "n_heads": 4,
  "d_ff": 192,
  "dropout": 0.1,
  "n_markers": 256,
  "marker_mode": "router",
  "pathway_pool": "mean",
  "compress_mode": "aggregate",
  "recursive_marker_refine": true,
  "peak_init": true,
  "anneal_markers": true,
  "recursion_depth": 4,
  "share_weights": true,
  "share_strategy": "cycle",
  "n_unique_blocks": null,
  "step_cache": false,
  "adaptive_depth": false,
  "marker_ffn": false,
  "recursion_mode": "expert",
  "router_capacity": null,
  "router_alpha": 1.0,
  "router_temp": 1.0,
  "router_type": "linear",
  "router_z_coeff": 0.001,
  "router_balance_coeff": 0.1,
  "gene_interaction": "none",
  "interaction_knn": 16,
  "router_prior_beta": 1.0,
  "router_prior_anneal": true,
  "pathway_attn_bias": false,
  "pathway_attn_lambda": 2.0,
  "lambda_marker": 0.1,
  "gamma_diversity": 0.05,
  "beta_compression": 0.01,
  "lr": 0.001,
  "weight_decay": 1e-05,
  "epochs": 80,
  "patience": 12,
  "seed": 0,
  "device": "cuda"
 },
 "heads": {
  "cell_type": {
   "accuracy": 0.8579393939393939,
   "macro_f1": 0.7493547312683768,
   "weighted_f1": 0.8634014899743524,
   "per_class": {
    "0": {
     "precision": 0.6956521739130435,
     "recall": 0.8421052631578947,
     "f1-score": 0.7619047619047619,
     "support": 76.0
    },
    "1": {
     "precision": 0.796,
     "recall": 0.6085626911314985,
     "f1-score": 0.6897746967071057,
     "support": 327.0
    },
    "2": {
     "precision": 0.7172131147540983,
     "recall": 0.7352941176470589,
     "f1-score": 0.7261410788381742,
     "support": 238.0
    },
    "3": {
     "precision": 0.75625,
     "recall": 0.7245508982035929,
     "f1-score": 0.7400611620795107,
     "support": 167.0
    },
    "4": {
     "precision": 0.7469135802469136,
     "recall": 0.75625,
     "f1-score": 0.7515527950310559,
     "support": 160.0
    },
    "5": {
     "precision": 0.723404255319149,
     "recall": 0.6938775510204082,
     "f1-score": 0.7083333333333334,
     "support": 245.0
    },
    "6": {
     "precision": 0.5510204081632653,
     "recall": 0.680672268907563,
     "f1-score": 0.6090225563909775,
     "support": 119.0
    },
    "7": {
     "precision": 0.8549382716049383,
     "recall": 0.8256333830104322,
     "f1-score": 0.8400303260045489,
     "support": 671.0
    },
    "8": {
     "precision": 0.6666666666666666,
     "recall": 0.8611111111111112,
     "f1-score": 0.7515151515151515,
     "support": 144.0
    },
    "9": {
     "precision": 0.8532338308457711,
     "recall": 0.8325242718446602,
     "f1-score": 0.8427518427518428,
     "support": 412.0
    },
    "10": {
     "precision": 0.6548223350253807,
     "recall": 0.7771084337349398,
     "f1-score": 0.7107438016528925,
     "support": 166.0
    },
    "11": {
     "precision": 0.8580246913580247,
     "recall": 0.8160469667318982,
     "f1-score": 0.8365095285857572,
     "support": 511.0
    },
    "12": {
     "precision": 0.7854671280276817,
     "recall": 0.8598484848484849,
     "f1-score": 0.8209764918625678,
     "support": 528.0
    },
    "13": {
     "precision": 0.5362318840579711,
     "recall": 0.7872340425531915,
     "f1-score": 0.6379310344827587,
     "support": 94.0
    },
    "14": {
     "precision": 0.6470588235294118,
     "recall": 0.7857142857142857,
     "f1-score": 0.7096774193548387,
     "support": 14.0
    },
    "15": {
     "precision": 0.3492537313432836,
     "recall": 0.582089552238806,
     "f1-score": 0.43656716417910446,
     "support": 201.0
    },
    "16": {
     "precision": 0.991907514450867,
     "recall": 0.9705882352941176,
     "f1-score": 0.9811320754716981,
     "support": 884.0
    },
    "17": {
     "precision": 0.9873704663212435,
     "recall": 0.9335578689528475,
     "f1-score": 0.9597104186339314,
     "support": 3266.0
    },
    "18": {
     "precision": 0.85,
     "recall": 0.6296296296296297,
     "f1-score": 0.723404255319149,
     "support": 27.0
    },
    "accuracy": 0.8579393939393939,
    "macro avg": {
     "precision": 0.7379699408225109,
     "recall": 0.7738104766174958,
     "f1-score": 0.7493547312683768,
     "support": 8250.0
    },
    "weighted avg": {
     "precision": 0.8739091119946367,
     "recall": 0.8579393939393939,
     "f1-score": 0.8634014899743524,
     "support": 8250.0
    }
   }
  }
 }
}