{
 "dataset": "prototype",
 "n_samples": 90579,
 "n_features": 752,
 "n_classes": 10,
 "n_train": 53894,
 "n_test": 27174,
 "transformer_params": 75168,
 "total_params": 192981,
 "config": {
  "heads": [
   "cell_type"
  ],
  "cohorts": null,
  "n_hvg": null,
  "n_channels": 1,
  "batch_size": 128,
  "val_frac": 0.15,
  "test_frac": 0.15,
  "d_model": 96,
  "n_heads": 4,
  "d_ff": 192,
  "dropout": 0.1,
  "n_markers": 256,
  "marker_mode": "router",
  "pathway_pool": "mean",
  "compress_mode": "aggregate",
  "recursive_marker_refine": true,
  "peak_init": true,
  "anneal_markers": true,
  "recursion_depth": 4,
  "share_weights": true,
  "share_strategy": "cycle",
  "n_unique_blocks": null,
  "step_cache": false,
  "adaptive_depth": false,
  "marker_ffn": false,
  "recursion_mode": "expert",
  "router_capacity": null,
  "router_alpha": 1.0,
  "router_temp": 1.0,
  "router_type": "linear",
  "router_z_coeff": 0.001,
  "router_balance_coeff": 0.1,
  "gene_interaction": "none",
  "interaction_knn": 16,
  "router_prior_beta": 1.0,
  "router_prior_anneal": true,
  "pathway_attn_bias": false,
  "pathway_attn_lambda": 2.0,
  "lambda_marker": 0.1,
  "gamma_diversity": 0.05,
  "beta_compression": 0.01,
  "lr": 0.001,
  "weight_decay": 1e-05,
  "epochs": 80,
  "patience": 12,
  "seed": 0,
  "device": "cuda"
 },
 "heads": {
  "cell_type": {
   "accuracy": 0.978214469713697,
   "macro_f1": 0.9745602776868758,
   "weighted_f1": 0.9781942874539783,
   "per_class": {
    "0": {
     "precision": 0.9792147806004619,
     "recall": 0.9871944121071012,
     "f1-score": 0.9831884057971014,
     "support": 859.0
    },
    "1": {
     "precision": 0.97568093385214,
     "recall": 0.9881773399014778,
     "f1-score": 0.9818893783651493,
     "support": 1015.0
    },
    "2": {
     "precision": 0.9517304189435337,
     "recall": 0.9739049394221808,
     "f1-score": 0.9626900046061723,
     "support": 2146.0
    },
    "3": {
     "precision": 0.9820143884892086,
     "recall": 0.9692307692307692,
     "f1-score": 0.9755807027992853,
     "support": 2535.0
    },
    "4": {
     "precision": 0.9524096385542169,
     "recall": 0.93,
     "f1-score": 0.9410714285714286,
     "support": 1700.0
    },
    "5": {
     "precision": 0.9639006094702297,
     "recall": 0.9639006094702297,
     "f1-score": 0.9639006094702297,
     "support": 2133.0
    },
    "6": {
     "precision": 0.9759170062986291,
     "recall": 0.9766407119021134,
     "f1-score": 0.9762787249814677,
     "support": 2697.0
    },
    "7": {
     "precision": 0.988460151460512,
     "recall": 0.9857939219564826,
     "f1-score": 0.9871252363374449,
     "support": 5561.0
    },
    "8": {
     "precision": 0.9812318265926513,
     "recall": 0.9791611711949354,
     "f1-score": 0.9801954053340375,
     "support": 3791.0
    },
    "9": {
     "precision": 0.9911783238815375,
     "recall": 0.9962001266624446,
     "f1-score": 0.9936828806064435,
     "support": 4737.0
    },
    "accuracy": 0.978214469713697,
    "macro avg": {
     "precision": 0.9741738078143122,
     "recall": 0.9750204001847734,
     "f1-score": 0.9745602776868758,
     "support": 27174.0
    },
    "weighted avg": {
     "precision": 0.9782260479469254,
     "recall": 0.978214469713697,
     "f1-score": 0.9781942874539783,
     "support": 27174.0
    }
   }
  }
 }
}