{
 "dataset": "segerstolpe",
 "n_samples": 2122,
 "n_features": 1936,
 "n_classes": 10,
 "n_train": 1262,
 "n_test": 637,
 "transformer_params": 75168,
 "total_params": 306645,
 "config": {
  "heads": [
   "cell_type"
  ],
  "cohorts": null,
  "n_hvg": null,
  "n_channels": 1,
  "batch_size": 128,
  "val_frac": 0.15,
  "test_frac": 0.15,
  "d_model": 96,
  "n_heads": 4,
  "d_ff": 192,
  "dropout": 0.1,
  "n_markers": 256,
  "marker_mode": "router",
  "pathway_pool": "mean",
  "compress_mode": "aggregate",
  "recursive_marker_refine": true,
  "peak_init": true,
  "anneal_markers": true,
  "recursion_depth": 4,
  "share_weights": true,
  "share_strategy": "cycle",
  "n_unique_blocks": null,
  "step_cache": false,
  "adaptive_depth": false,
  "marker_ffn": false,
  "recursion_mode": "expert",
  "router_capacity": null,
  "router_alpha": 1.0,
  "router_temp": 1.0,
  "router_type": "linear",
  "router_z_coeff": 0.001,
  "router_balance_coeff": 0.1,
  "gene_interaction": "none",
  "interaction_knn": 16,
  "router_prior_beta": 1.0,
  "router_prior_anneal": true,
  "pathway_attn_bias": false,
  "pathway_attn_lambda": 2.0,
  "lambda_marker": 0.1,
  "gamma_diversity": 0.05,
  "beta_compression": 0.01,
  "lr": 0.001,
  "weight_decay": 1e-05,
  "epochs": 80,
  "patience": 12,
  "seed": 0,
  "device": "cuda"
 },
 "heads": {
  "cell_type": {
   "accuracy": 0.11773940345368916,
   "macro_f1": 0.07501172232440995,
   "weighted_f1": 0.12690967088601063,
   "per_class": {
    "0": {
     "precision": 0.0,
     "recall": 0.0,
     "f1-score": 0.0,
     "support": 16.0
    },
    "1": {
     "precision": 0.13636363636363635,
     "recall": 0.16071428571428573,
     "f1-score": 0.14754098360655737,
     "support": 56.0
    },
    "2": {
     "precision": 0.38636363636363635,
     "recall": 0.06390977443609022,
     "f1-score": 0.10967741935483871,
     "support": 266.0
    },
    "3": {
     "precision": 0.07142857142857142,
     "recall": 0.012345679012345678,
     "f1-score": 0.021052631578947368,
     "support": 81.0
    },
    "4": {
     "precision": 0.017543859649122806,
     "recall": 0.029411764705882353,
     "f1-score": 0.02197802197802198,
     "support": 34.0
    },
    "5": {
     "precision": 0.2549019607843137,
     "recall": 0.33620689655172414,
     "f1-score": 0.2899628252788104,
     "support": 116.0
    },
    "6": {
     "precision": 0.021739130434782608,
     "recall": 0.2,
     "f1-score": 0.0392156862745098,
     "support": 5.0
    },
    "7": {
     "precision": 0.0,
     "recall": 0.0,
     "f1-score": 0.0,
     "support": 2.0
    },
    "8": {
     "precision": 0.12280701754385964,
     "recall": 0.11864406779661017,
     "f1-score": 0.1206896551724138,
     "support": 59.0
    },
    "9": {
     "precision": 0.0,
     "recall": 0.0,
     "f1-score": 0.0,
     "support": 2.0
    },
    "accuracy": 0.11773940345368916,
    "macro avg": {
     "precision": 0.10111478125679227,
     "recall": 0.09212324682169383,
     "f1-score": 0.07501172232440995,
     "support": 637.0
    },
    "weighted avg": {
     "precision": 0.2413096288243601,
     "recall": 0.11773940345368916,
     "f1-score": 0.12690967088601063,
     "support": 637.0
    }
   }
  }
 }
}