{
 "dataset": "tabula_muris",
 "n_samples": 54865,
 "n_features": 1089,
 "n_classes": 55,
 "n_train": 32645,
 "n_test": 16458,
 "transformer_params": 75168,
 "total_params": 234063,
 "config": {
  "heads": [
   "cell_type"
  ],
  "cohorts": null,
  "n_hvg": null,
  "n_channels": 1,
  "batch_size": 128,
  "val_frac": 0.15,
  "test_frac": 0.15,
  "d_model": 96,
  "n_heads": 4,
  "d_ff": 192,
  "dropout": 0.1,
  "n_markers": 256,
  "marker_mode": "router",
  "pathway_pool": "mean",
  "compress_mode": "aggregate",
  "recursive_marker_refine": true,
  "peak_init": true,
  "anneal_markers": true,
  "recursion_depth": 4,
  "share_weights": true,
  "share_strategy": "cycle",
  "n_unique_blocks": null,
  "step_cache": false,
  "adaptive_depth": false,
  "marker_ffn": false,
  "recursion_mode": "expert",
  "router_capacity": null,
  "router_alpha": 1.0,
  "router_temp": 1.0,
  "router_type": "linear",
  "router_z_coeff": 0.001,
  "router_balance_coeff": 0.1,
  "gene_interaction": "none",
  "interaction_knn": 16,
  "router_prior_beta": 1.0,
  "router_prior_anneal": true,
  "pathway_attn_bias": false,
  "pathway_attn_lambda": 2.0,
  "lambda_marker": 0.1,
  "gamma_diversity": 0.05,
  "beta_compression": 0.01,
  "lr": 0.001,
  "weight_decay": 1e-05,
  "epochs": 80,
  "patience": 12,
  "seed": 0,
  "device": "cuda"
 },
 "heads": {
  "cell_type": {
   "accuracy": 0.8486450358488273,
   "macro_f1": 0.7681986688950184,
   "weighted_f1": 0.8478878608170213,
   "per_class": {
    "0": {
     "precision": 0.9551333872271625,
     "recall": 0.9497588424437299,
     "f1-score": 0.9524385328496574,
     "support": 2488.0
    },
    "1": {
     "precision": 0.21739130434782608,
     "recall": 0.7692307692307693,
     "f1-score": 0.3389830508474576,
     "support": 13.0
    },
    "2": {
     "precision": 0.7142857142857143,
     "recall": 0.75,
     "f1-score": 0.7317073170731707,
     "support": 20.0
    },
    "3": {
     "precision": 0.6,
     "recall": 0.8181818181818182,
     "f1-score": 0.6923076923076923,
     "support": 11.0
    },
    "4": {
     "precision": 0.9290508149568553,
     "recall": 0.7324263038548753,
     "f1-score": 0.8191039729501268,
     "support": 1323.0
    },
    "5": {
     "precision": 0.9504950495049505,
     "recall": 0.9230769230769231,
     "f1-score": 0.9365853658536586,
     "support": 104.0
    },
    "6": {
     "precision": 0.849624060150376,
     "recall": 0.9576271186440678,
     "f1-score": 0.900398406374502,
     "support": 118.0
    },
    "7": {
     "precision": 0.973257698541329,
     "recall": 0.9050489826676714,
     "f1-score": 0.9379148770011714,
     "support": 1327.0
    },
    "8": {
     "precision": 0.8333333333333334,
     "recall": 0.8333333333333334,
     "f1-score": 0.8333333333333334,
     "support": 18.0
    },
    "9": {
     "precision": 0.9010695187165776,
     "recall": 0.9335180055401662,
     "f1-score": 0.9170068027210885,
     "support": 361.0
    },
    "10": {
     "precision": 0.9857954545454546,
     "recall": 0.9914285714285714,
     "f1-score": 0.9886039886039886,
     "support": 350.0
    },
    "11": {
     "precision": 0.5407554671968191,
     "recall": 0.7953216374269005,
     "f1-score": 0.6437869822485207,
     "support": 342.0
    },
    "12": {
     "precision": 0.75,
     "recall": 1.0,
     "f1-score": 0.8571428571428571,
     "support": 18.0
    },
    "13": {
     "precision": 0.875,
     "recall": 0.9333333333333333,
     "f1-score": 0.9032258064516129,
     "support": 15.0
    },
    "14": {
     "precision": 0.5686274509803921,
     "recall": 0.6041666666666666,
     "f1-score": 0.5858585858585859,
     "support": 48.0
    },
    "15": {
     "precision": 0.6666666666666666,
     "recall": 0.7692307692307693,
     "f1-score": 0.7142857142857143,
     "support": 13.0
    },
    "16": {
     "precision": 0.75,
     "recall": 0.75,
     "f1-score": 0.75,
     "support": 8.0
    },
    "17": {
     "precision": 0.875,
     "recall": 0.7368421052631579,
     "f1-score": 0.8,
     "support": 19.0
    },
    "18": {
     "precision": 0.6818181818181818,
     "recall": 0.7894736842105263,
     "f1-score": 0.7317073170731707,
     "support": 19.0
    },
    "19": {
     "precision": 0.9482120838471023,
     "recall": 0.9015240328253223,
     "f1-score": 0.9242788461538461,
     "support": 853.0
    },
    "20": {
     "precision": 0.8571428571428571,
     "recall": 0.75,
     "f1-score": 0.8,
     "support": 8.0
    },
    "21": {
     "precision": 0.8830188679245283,
     "recall": 0.896551724137931,
     "f1-score": 0.8897338403041825,
     "support": 261.0
    },
    "22": {
     "precision": 0.8431372549019608,
     "recall": 0.9347826086956522,
     "f1-score": 0.8865979381443299,
     "support": 46.0
    },
    "23": {
     "precision": 0.4,
     "recall": 0.8235294117647058,
     "f1-score": 0.5384615384615384,
     "support": 68.0
    },
    "24": {
     "precision": 0.9504504504504504,
     "recall": 0.9678899082568807,
     "f1-score": 0.9590909090909091,
     "support": 218.0
    },
    "25": {
     "precision": 0.9130434782608695,
     "recall": 0.9292035398230089,
     "f1-score": 0.9210526315789473,
     "support": 113.0
    },
    "26": {
     "precision": 0.8738738738738738,
     "recall": 0.8220338983050848,
     "f1-score": 0.8471615720524017,
     "support": 118.0
    },
    "27": {
     "precision": 0.998109640831758,
     "recall": 0.998109640831758,
     "f1-score": 0.998109640831758,
     "support": 529.0
    },
    "28": {
     "precision": 0.24675324675324675,
     "recall": 0.5588235294117647,
     "f1-score": 0.34234234234234234,
     "support": 34.0
    },
    "29": {
     "precision": 0.6303630363036303,
     "recall": 0.9408866995073891,
     "f1-score": 0.7549407114624506,
     "support": 406.0
    },
    "30": {
     "precision": 0.8844621513944223,
     "recall": 0.962080173347779,
     "f1-score": 0.9216398546964193,
     "support": 923.0
    },
    "31": {
     "precision": 0.9787234042553191,
     "recall": 0.7796610169491526,
     "f1-score": 0.8679245283018868,
     "support": 118.0
    },
    "32": {
     "precision": 0.3333333333333333,
     "recall": 0.2857142857142857,
     "f1-score": 0.3076923076923077,
     "support": 14.0
    },
    "33": {
     "precision": 0.8974358974358975,
     "recall": 0.7894736842105263,
     "f1-score": 0.84,
     "support": 133.0
    },
    "34": {
     "precision": 0.9060402684563759,
     "recall": 0.9574468085106383,
     "f1-score": 0.9310344827586207,
     "support": 141.0
    },
    "35": {
     "precision": 0.9888888888888889,
     "recall": 0.9916434540389972,
     "f1-score": 0.9902642559109874,
     "support": 359.0
    },
    "36": {
     "precision": 0.8888888888888888,
     "recall": 0.9113924050632911,
     "f1-score": 0.9,
     "support": 79.0
    },
    "37": {
     "precision": 0.48598130841121495,
     "recall": 0.5360824742268041,
     "f1-score": 0.5098039215686274,
     "support": 97.0
    },
    "38": {
     "precision": 0.8709677419354839,
     "recall": 0.9782608695652174,
     "f1-score": 0.9215017064846417,
     "support": 138.0
    },
    "39": {
     "precision": 0.7094972067039106,
     "recall": 0.9136690647482014,
     "f1-score": 0.7987421383647799,
     "support": 139.0
    },
    "40": {
     "precision": 0.45493562231759654,
     "recall": 0.2676767676767677,
     "f1-score": 0.3370429252782194,
     "support": 396.0
    },
    "41": {
     "precision": 0.5384615384615384,
     "recall": 1.0,
     "f1-score": 0.7,
     "support": 7.0
    },
    "42": {
     "precision": 0.7058823529411765,
     "recall": 0.8,
     "f1-score": 0.75,
     "support": 15.0
    },
    "43": {
     "precision": 0.9769959404600812,
     "recall": 0.9201359388275276,
     "f1-score": 0.9477138481732662,
     "support": 2354.0
    },
    "44": {
     "precision": 0.36866902237926974,
     "recall": 0.9178885630498533,
     "f1-score": 0.5260504201680672,
     "support": 341.0
    },