{
 "task": "panmeta_response",
 "arm": "vanilla",
 "pos_class": 1,
 "n_folds": 10,
 "pos_f1": [
  0.8932850892472238,
  0.02544811474798463
 ],
 "pos_precision": [
  0.8803595098122399,
  0.05374752862323956
 ],
 "pos_recall": [
  0.9100266362252665,
  0.0354073990914694
 ],
 "maj_f1": [
  0.9951919245716601,
  0.0012811137322582414
 ],
 "macro_f1": [
  0.9442385069094419,
  0.013355493893862426
 ],
 "accuracy": [
  0.9907993271421919,
  0.0024387433247915462
 ]
}