{
 "family": "pnet",
 "cohort": "prostate",
 "task": "response",
 "mode": "learned",
 "K": 3,
 "n_features": 3000,
 "n_classes": 2,
 "n_samples": 1011,
 "n_folds": 5,
 "seed": 42,
 "val_frac": 0.1,
 "cv_macro_f1": {
  "mean": 65.49625316990083,
  "std": 5.870290300066307,
  "folds": [
   71.92729941015438,
   61.02675950004195,
   73.12881770055654,
   62.52774990116473,
   58.87063933758654
  ]
 },
 "cv_accuracy": {
  "mean": 70.0238989416183,
  "std": 5.205541993226948,
  "folds": [
   75.86206896551724,
   65.84158415841584,
   75.74257425742574,
   69.80198019801979,
   62.87128712871287
  ]
 },
 "cv_pos_f1": {
  "mean": 53.60014813679292,
  "std": 5.60519299650122,
  "folds": [
   60.9375,
   52.4822695035461,
   59.199999999999996,
   47.05882352941176,
   48.322147651006716
  ]
 }
}