{
 "dataset": "baron",
 "n_samples": 8569,
 "n_features": 1936,
 "n_classes": 14,
 "n_train": 5098,
 "n_test": 2571,
 "transformer_params": 75168,
 "total_params": 307421,
 "config": {
  "heads": [
   "cell_type"
  ],
  "cohorts": null,
  "n_hvg": null,
  "n_channels": 1,
  "batch_size": 128,
  "val_frac": 0.15,
  "test_frac": 0.15,
  "d_model": 96,
  "n_heads": 4,
  "d_ff": 192,
  "dropout": 0.1,
  "n_markers": 256,
  "marker_mode": "router",
  "pathway_pool": "mean",
  "compress_mode": "aggregate",
  "recursive_marker_refine": true,
  "peak_init": true,
  "anneal_markers": true,
  "recursion_depth": 4,
  "share_weights": true,
  "share_strategy": "cycle",
  "n_unique_blocks": null,
  "step_cache": false,
  "adaptive_depth": false,
  "marker_ffn": false,
  "recursion_mode": "expert",
  "router_capacity": null,
  "router_alpha": 1.0,
  "router_temp": 1.0,
  "router_type": "linear",
  "router_z_coeff": 0.001,
  "router_balance_coeff": 0.1,
  "gene_interaction": "none",
  "interaction_knn": 16,
  "router_prior_beta": 1.0,
  "router_prior_anneal": true,
  "pathway_attn_bias": false,
  "pathway_attn_lambda": 2.0,
  "lambda_marker": 0.1,
  "gamma_diversity": 0.05,
  "beta_compression": 0.01,
  "lr": 0.001,
  "weight_decay": 1e-05,
  "epochs": 80,
  "patience": 12,
  "seed": 1,
  "device": "cuda"
 },
 "heads": {
  "cell_type": {
   "accuracy": 0.897705173084403,
   "macro_f1": 0.7125665093231832,
   "weighted_f1": 0.898453504524702,
   "per_class": {
    "0": {
     "precision": 0.972027972027972,
     "recall": 0.9686411149825784,
     "f1-score": 0.9703315881326352,
     "support": 287.0
    },
    "1": {
     "precision": 0.7555555555555555,
     "recall": 0.8,
     "f1-score": 0.7771428571428571,
     "support": 85.0
    },
    "2": {
     "precision": 0.9319526627218935,
     "recall": 0.9025787965616046,
     "f1-score": 0.9170305676855895,
     "support": 698.0
    },
    "3": {
     "precision": 0.9128137384412153,
     "recall": 0.9116094986807388,
     "f1-score": 0.9122112211221122,
     "support": 758.0
    },
    "4": {
     "precision": 0.7619047619047619,
     "recall": 0.8,
     "f1-score": 0.7804878048780488,
     "support": 180.0
    },
    "5": {
     "precision": 0.9472049689440993,
     "recall": 0.9442724458204335,
     "f1-score": 0.9457364341085271,
     "support": 323.0
    },
    "6": {
     "precision": 0.8024691358024691,
     "recall": 0.8552631578947368,
     "f1-score": 0.8280254777070064,
     "support": 76.0
    },
    "7": {
     "precision": 0.16666666666666666,
     "recall": 0.2,
     "f1-score": 0.18181818181818182,
     "support": 5.0
    },
    "8": {
     "precision": 0.9047619047619048,
     "recall": 0.987012987012987,
     "f1-score": 0.9440993788819876,
     "support": 77.0
    },
    "9": {
     "precision": 0.9,
     "recall": 0.5294117647058824,
     "f1-score": 0.6666666666666666,
     "support": 17.0
    },
    "10": {
     "precision": 0.5714285714285714,
     "recall": 0.5714285714285714,
     "f1-score": 0.5714285714285714,
     "support": 7.0
    },
    "11": {
     "precision": 0.6415094339622641,
     "recall": 0.6538461538461539,
     "f1-score": 0.6476190476190476,
     "support": 52.0
    },
    "12": {
     "precision": 0.25,
     "recall": 0.5,
     "f1-score": 0.3333333333333333,
     "support": 4.0
    },
    "13": {
     "precision": 0.5,
     "recall": 0.5,
     "f1-score": 0.5,
     "support": 2.0
    },
    "accuracy": 0.897705173084403,
    "macro avg": {
     "precision": 0.7155925265869553,
     "recall": 0.7231474636381204,
     "f1-score": 0.7125665093231832,
     "support": 2571.0
    },
    "weighted avg": {
     "precision": 0.900368039483236,
     "recall": 0.897705173084403,
     "f1-score": 0.898453504524702,
     "support": 2571.0
    }
   }
  }
 }
}