{
 "dataset": "lung",
 "n_samples": 57020,
 "n_features": 1089,
 "n_classes": 25,
 "n_train": 33926,
 "n_test": 17106,
 "transformer_params": 75168,
 "total_params": 228243,
 "config": {
  "heads": [
   "cell_type"
  ],
  "cohorts": null,
  "n_hvg": null,
  "n_channels": 1,
  "batch_size": 128,
  "val_frac": 0.15,
  "test_frac": 0.15,
  "d_model": 96,
  "n_heads": 4,
  "d_ff": 192,
  "dropout": 0.1,
  "n_markers": 256,
  "marker_mode": "router",
  "pathway_pool": "mean",
  "compress_mode": "aggregate",
  "recursive_marker_refine": true,
  "peak_init": true,
  "anneal_markers": true,
  "recursion_depth": 4,
  "share_weights": true,
  "share_strategy": "cycle",
  "n_unique_blocks": null,
  "step_cache": false,
  "adaptive_depth": false,
  "marker_ffn": false,
  "recursion_mode": "expert",
  "router_capacity": null,
  "router_alpha": 1.0,
  "router_temp": 1.0,
  "router_type": "linear",
  "router_z_coeff": 0.001,
  "router_balance_coeff": 0.1,
  "gene_interaction": "none",
  "interaction_knn": 16,
  "router_prior_beta": 1.0,
  "router_prior_anneal": true,
  "pathway_attn_bias": false,
  "pathway_attn_lambda": 2.0,
  "lambda_marker": 0.1,
  "gamma_diversity": 0.05,
  "beta_compression": 0.01,
  "lr": 0.001,
  "weight_decay": 1e-05,
  "epochs": 80,
  "patience": 12,
  "seed": 1,
  "device": "cuda"
 },
 "heads": {
  "cell_type": {
   "accuracy": 0.8356132351221793,
   "macro_f1": 0.7719024041423088,
   "weighted_f1": 0.838690704341877,
   "per_class": {
    "0": {
     "precision": 0.5306122448979592,
     "recall": 0.7947598253275109,
     "f1-score": 0.6363636363636364,
     "support": 229.0
    },
    "1": {
     "precision": 0.9869831546707504,
     "recall": 0.9187455452601568,
     "f1-score": 0.9516426725729051,
     "support": 1403.0
    },
    "2": {
     "precision": 0.9690949227373068,
     "recall": 0.9440860215053763,
     "f1-score": 0.9564270152505446,
     "support": 465.0
    },
    "3": {
     "precision": 0.9514066496163683,
     "recall": 0.9207920792079208,
     "f1-score": 0.9358490566037736,
     "support": 808.0
    },
    "4": {
     "precision": 0.8258064516129032,
     "recall": 0.9142857142857143,
     "f1-score": 0.8677966101694915,
     "support": 140.0
    },
    "5": {
     "precision": 0.7818181818181819,
     "recall": 0.8775510204081632,
     "f1-score": 0.8269230769230769,
     "support": 49.0
    },
    "6": {
     "precision": 0.6515625,
     "recall": 0.8651452282157677,
     "f1-score": 0.7433155080213903,
     "support": 482.0
    },
    "7": {
     "precision": 0.47058823529411764,
     "recall": 0.7671232876712328,
     "f1-score": 0.5833333333333334,
     "support": 73.0
    },
    "8": {
     "precision": 0.8787878787878788,
     "recall": 0.7837837837837838,
     "f1-score": 0.8285714285714286,
     "support": 37.0
    },
    "9": {
     "precision": 0.8333333333333334,
     "recall": 0.7142857142857143,
     "f1-score": 0.7692307692307693,
     "support": 14.0
    },
    "10": {
     "precision": 0.9454545454545454,
     "recall": 0.9372746935832732,
     "f1-score": 0.941346850108617,
     "support": 1387.0
    },
    "11": {
     "precision": 0.71875,
     "recall": 0.9108910891089109,
     "f1-score": 0.8034934497816594,
     "support": 101.0
    },
    "12": {
     "precision": 0.7407407407407407,
     "recall": 0.7142857142857143,
     "f1-score": 0.7272727272727273,
     "support": 28.0
    },
    "13": {
     "precision": 0.7065217391304348,
     "recall": 0.693950177935943,
     "f1-score": 0.7001795332136446,
     "support": 281.0
    },
    "14": {
     "precision": 0.8609929078014185,
     "recall": 0.896602658788774,
     "f1-score": 0.8784370477568741,
     "support": 1354.0
    },
    "15": {
     "precision": 0.8792016806722689,
     "recall": 0.9587628865979382,
     "f1-score": 0.9172602739726028,
     "support": 873.0
    },
    "16": {
     "precision": 0.9294342021614749,
     "recall": 0.8032967032967033,
     "f1-score": 0.8617742410845859,
     "support": 1820.0
    },
    "17": {
     "precision": 0.8130081300813008,
     "recall": 0.7936507936507936,
     "f1-score": 0.8032128514056225,
     "support": 252.0
    },
    "18": {
     "precision": 0.8843422387554954,
     "recall": 0.8368,
     "f1-score": 0.8599145018086156,
     "support": 3125.0
    },
    "19": {
     "precision": 0.4,
     "recall": 0.6153846153846154,
     "f1-score": 0.48484848484848486,
     "support": 39.0
    },
    "20": {
     "precision": 0.8823529411764706,
     "recall": 0.872093023255814,
     "f1-score": 0.8771929824561403,
     "support": 86.0
    },
    "21": {
     "precision": 0.7887712839392544,
     "recall": 0.7924179380490061,
     "f1-score": 0.790590405904059,
     "support": 2163.0
    },
    "22": {
     "precision": 0.6640857653365099,
     "recall": 0.6456282570932252,
     "f1-score": 0.6547269524368761,
     "support": 1727.0
    },
    "23": {
     "precision": 0.42424242424242425,
     "recall": 0.5384615384615384,
     "f1-score": 0.4745762711864407,
     "support": 26.0
    },
    "24": {
     "precision": 0.3418803418803419,
     "recall": 0.5555555555555556,
     "f1-score": 0.42328042328042326,
     "support": 144.0
    },
    "accuracy": 0.8356132351221793,
    "macro avg": {
     "precision": 0.7543908997656592,
     "recall": 0.8026245545999661,
     "f1-score": 0.7719024041423088,
     "support": 17106.0
    },
    "weighted avg": {
     "precision": 0.8461015316752553,
     "recall": 0.8356132351221793,
     "f1-score": 0.838690704341877,
     "support": 17106.0
    }
   }
  }
 }
}