{
 "dataset": "oesophagus",
 "n_samples": 87947,
 "n_features": 1089,
 "n_classes": 18,
 "n_train": 52327,
 "n_test": 26385,
 "transformer_params": 75168,
 "total_params": 226885,
 "config": {
  "heads": [
   "cell_type"
  ],
  "cohorts": null,
  "n_hvg": null,
  "n_channels": 1,
  "batch_size": 128,
  "val_frac": 0.15,
  "test_frac": 0.15,
  "d_model": 96,
  "n_heads": 4,
  "d_ff": 192,
  "dropout": 0.1,
  "n_markers": 256,
  "marker_mode": "router",
  "pathway_pool": "mean",
  "compress_mode": "aggregate",
  "recursive_marker_refine": true,
  "peak_init": true,
  "anneal_markers": true,
  "recursion_depth": 4,
  "share_weights": true,
  "share_strategy": "cycle",
  "n_unique_blocks": null,
  "step_cache": false,
  "adaptive_depth": false,
  "marker_ffn": false,
  "recursion_mode": "expert",
  "router_capacity": null,
  "router_alpha": 1.0,
  "router_temp": 1.0,
  "router_type": "linear",
  "router_z_coeff": 0.001,
  "router_balance_coeff": 0.1,
  "gene_interaction": "none",
  "interaction_knn": 16,
  "router_prior_beta": 1.0,
  "router_prior_anneal": true,
  "pathway_attn_bias": false,
  "pathway_attn_lambda": 2.0,
  "lambda_marker": 0.1,
  "gamma_diversity": 0.05,
  "beta_compression": 0.01,
  "lr": 0.001,
  "weight_decay": 1e-05,
  "epochs": 80,
  "patience": 12,
  "seed": 1,
  "device": "cuda"
 },
 "heads": {
  "cell_type": {
   "accuracy": 0.8577979912829259,
   "macro_f1": 0.6484176917331117,
   "weighted_f1": 0.8607111976741242,
   "per_class": {
    "0": {
     "precision": 0.38524590163934425,
     "recall": 0.3381294964028777,
     "f1-score": 0.36015325670498083,
     "support": 139.0
    },
    "1": {
     "precision": 0.5330578512396694,
     "recall": 0.5560344827586207,
     "f1-score": 0.5443037974683544,
     "support": 232.0
    },
    "2": {
     "precision": 0.8461538461538461,
     "recall": 0.9064587973273942,
     "f1-score": 0.875268817204301,
     "support": 449.0
    },
    "3": {
     "precision": 0.6764705882352942,
     "recall": 0.6831683168316832,
     "f1-score": 0.6798029556650246,
     "support": 101.0
    },
    "4": {
     "precision": 0.6946902654867256,
     "recall": 0.6946902654867256,
     "f1-score": 0.6946902654867256,
     "support": 226.0
    },
    "5": {
     "precision": 0.6958492366412213,
     "recall": 0.8945108862312174,
     "f1-score": 0.7827720381054609,
     "support": 3261.0
    },
    "6": {
     "precision": 0.9686739883540945,
     "recall": 0.8679743742157057,
     "f1-score": 0.9155636059634945,
     "support": 15141.0
    },
    "7": {
     "precision": 0.8272498426683449,
     "recall": 0.8763333333333333,
     "f1-score": 0.8510844933635481,
     "support": 3000.0
    },
    "8": {
     "precision": 0.8028169014084507,
     "recall": 0.9344262295081968,
     "f1-score": 0.8636363636363636,
     "support": 2745.0
    },
    "9": {
     "precision": 0.8235294117647058,
     "recall": 0.7924528301886793,
     "f1-score": 0.8076923076923077,
     "support": 53.0
    },
    "10": {
     "precision": 0.6842105263157895,
     "recall": 0.8125,
     "f1-score": 0.7428571428571429,
     "support": 16.0
    },
    "11": {
     "precision": 0.43478260869565216,
     "recall": 0.3125,
     "f1-score": 0.36363636363636365,
     "support": 32.0
    },
    "12": {
     "precision": 0.42857142857142855,
     "recall": 0.5294117647058824,
     "f1-score": 0.47368421052631576,
     "support": 34.0
    },
    "13": {
     "precision": 0.6363636363636364,
     "recall": 0.63,
     "f1-score": 0.6331658291457286,
     "support": 100.0
    },
    "14": {
     "precision": 0.45454545454545453,
     "recall": 0.3333333333333333,
     "f1-score": 0.38461538461538464,
     "support": 60.0
    },
    "15": {
     "precision": 0.8731343283582089,
     "recall": 0.7697368421052632,
     "f1-score": 0.8181818181818182,
     "support": 152.0
    },
    "16": {
     "precision": 0.4424552429667519,
     "recall": 0.4271604938271605,
     "f1-score": 0.43467336683417085,
     "support": 405.0
    },
    "17": {
     "precision": 0.4151624548736462,
     "recall": 0.4811715481171548,
     "f1-score": 0.44573643410852715,
     "support": 239.0
    },
    "accuracy": 0.8577979912829259,
    "macro avg": {
     "precision": 0.6457201952379036,
     "recall": 0.6577773885762905,
     "f1-score": 0.6484176917331117,
     "support": 26385.0
    },
    "weighted avg": {
     "precision": 0.8712877376201652,
     "recall": 0.8577979912829259,
     "f1-score": 0.8607111976741242,
     "support": 26385.0
    }
   }
  }
 }
}