{
 "dataset": "prototype",
 "n_samples": 90579,
 "n_features": 752,
 "n_classes": 10,
 "n_train": 53894,
 "n_test": 27174,
 "transformer_params": 75168,
 "total_params": 192981,
 "config": {
  "heads": [
   "cell_type"
  ],
  "cohorts": null,
  "n_hvg": null,
  "n_channels": 1,
  "batch_size": 128,
  "val_frac": 0.15,
  "test_frac": 0.15,
  "d_model": 96,
  "n_heads": 4,
  "d_ff": 192,
  "dropout": 0.1,
  "n_markers": 256,
  "marker_mode": "router",
  "pathway_pool": "mean",
  "compress_mode": "aggregate",
  "recursive_marker_refine": true,
  "peak_init": true,
  "anneal_markers": true,
  "recursion_depth": 4,
  "share_weights": true,
  "share_strategy": "cycle",
  "n_unique_blocks": null,
  "step_cache": false,
  "adaptive_depth": false,
  "marker_ffn": false,
  "recursion_mode": "expert",
  "router_capacity": null,
  "router_alpha": 1.0,
  "router_temp": 1.0,
  "router_type": "linear",
  "router_z_coeff": 0.001,
  "router_balance_coeff": 0.1,
  "gene_interaction": "none",
  "interaction_knn": 16,
  "router_prior_beta": 1.0,
  "router_prior_anneal": true,
  "pathway_attn_bias": false,
  "pathway_attn_lambda": 2.0,
  "lambda_marker": 0.1,
  "gamma_diversity": 0.05,
  "beta_compression": 0.01,
  "lr": 0.001,
  "weight_decay": 1e-05,
  "epochs": 80,
  "patience": 12,
  "seed": 1,
  "device": "cuda"
 },
 "heads": {
  "cell_type": {
   "accuracy": 0.9790976668874659,
   "macro_f1": 0.9750495828123027,
   "weighted_f1": 0.9791041976302641,
   "per_class": {
    "0": {
     "precision": 0.9893867924528302,
     "recall": 0.9767171129220024,
     "f1-score": 0.9830111306385472,
     "support": 859.0
    },
    "1": {
     "precision": 0.9719264278799613,
     "recall": 0.9891625615763546,
     "f1-score": 0.98046875,
     "support": 1015.0
    },
    "2": {
     "precision": 0.9617158671586716,
     "recall": 0.9715750232991612,
     "f1-score": 0.9666203059805285,
     "support": 2146.0
    },
    "3": {
     "precision": 0.9645085803432137,
     "recall": 0.9755424063116371,
     "f1-score": 0.96999411649343,
     "support": 2535.0
    },
    "4": {
     "precision": 0.9729895641497851,
     "recall": 0.9323529411764706,
     "f1-score": 0.9522379092820666,
     "support": 1700.0
    },
    "5": {
     "precision": 0.941712204007286,
     "recall": 0.9695264885138303,
     "f1-score": 0.9554169554169554,
     "support": 2133.0
    },
    "6": {
     "precision": 0.9760479041916168,
     "recall": 0.9670003707823508,
     "f1-score": 0.9715030731979885,
     "support": 2697.0
    },
    "7": {
     "precision": 0.9892028072701098,
     "recall": 0.9884912785470239,
     "f1-score": 0.9888469149127541,
     "support": 5561.0
    },
    "8": {
     "precision": 0.9862869198312236,
     "recall": 0.9865470852017937,
     "f1-score": 0.986416985361994,
     "support": 3791.0
    },
    "9": {
     "precision": 0.9983032873806998,
     "recall": 0.993666877770741,
     "f1-score": 0.9959796868387643,
     "support": 4737.0
    },
    "accuracy": 0.9790976668874659,
    "macro avg": {
     "precision": 0.9752080354665399,
     "recall": 0.9750582146101365,
     "f1-score": 0.9750495828123027,
     "support": 27174.0
    },
    "weighted avg": {
     "precision": 0.9792209047452082,
     "recall": 0.9790976668874659,
     "f1-score": 0.9791041976302641,
     "support": 27174.0
    }
   }
  }
 }
}