{
 "dataset": "tabula_muris",
 "n_samples": 54865,
 "n_features": 1089,
 "n_classes": 55,
 "n_train": 32645,
 "n_test": 16458,
 "transformer_params": 75168,
 "total_params": 234063,
 "config": {
  "heads": [
   "cell_type"
  ],
  "cohorts": null,
  "n_hvg": null,
  "n_channels": 1,
  "batch_size": 128,
  "val_frac": 0.15,
  "test_frac": 0.15,
  "d_model": 96,
  "n_heads": 4,
  "d_ff": 192,
  "dropout": 0.1,
  "n_markers": 256,
  "marker_mode": "router",
  "pathway_pool": "mean",
  "compress_mode": "aggregate",
  "recursive_marker_refine": true,
  "peak_init": true,
  "anneal_markers": true,
  "recursion_depth": 4,
  "share_weights": true,
  "share_strategy": "cycle",
  "n_unique_blocks": null,
  "step_cache": false,
  "adaptive_depth": false,
  "marker_ffn": false,
  "recursion_mode": "expert",
  "router_capacity": null,
  "router_alpha": 1.0,
  "router_temp": 1.0,
  "router_type": "linear",
  "router_z_coeff": 0.001,
  "router_balance_coeff": 0.1,
  "gene_interaction": "none",
  "interaction_knn": 16,
  "router_prior_beta": 1.0,
  "router_prior_anneal": true,
  "pathway_attn_bias": false,
  "pathway_attn_lambda": 2.0,
  "lambda_marker": 0.1,
  "gamma_diversity": 0.05,
  "beta_compression": 0.01,
  "lr": 0.001,
  "weight_decay": 1e-05,
  "epochs": 80,
  "patience": 12,
  "seed": 1,
  "device": "cuda"
 },
 "heads": {
  "cell_type": {
   "accuracy": 0.837829626929153,
   "macro_f1": 0.7725576302847484,
   "weighted_f1": 0.8385489125801667,
   "per_class": {
    "0": {
     "precision": 0.9742132867132867,
     "recall": 0.8959003215434084,
     "f1-score": 0.9334170854271356,
     "support": 2488.0
    },
    "1": {
     "precision": 0.08139534883720931,
     "recall": 0.5384615384615384,
     "f1-score": 0.1414141414141414,
     "support": 13.0
    },
    "2": {
     "precision": 0.72,
     "recall": 0.9,
     "f1-score": 0.8,
     "support": 20.0
    },
    "3": {
     "precision": 0.8333333333333334,
     "recall": 0.9090909090909091,
     "f1-score": 0.8695652173913043,
     "support": 11.0
    },
    "4": {
     "precision": 0.9203233256351039,
     "recall": 0.6024187452758881,
     "f1-score": 0.7281863864778437,
     "support": 1323.0
    },
    "5": {
     "precision": 0.9603960396039604,
     "recall": 0.9326923076923077,
     "f1-score": 0.9463414634146341,
     "support": 104.0
    },
    "6": {
     "precision": 0.9661016949152542,
     "recall": 0.9661016949152542,
     "f1-score": 0.9661016949152542,
     "support": 118.0
    },
    "7": {
     "precision": 0.950185873605948,
     "recall": 0.9630746043707611,
     "f1-score": 0.9565868263473054,
     "support": 1327.0
    },
    "8": {
     "precision": 0.8421052631578947,
     "recall": 0.8888888888888888,
     "f1-score": 0.8648648648648649,
     "support": 18.0
    },
    "9": {
     "precision": 0.7160493827160493,
     "recall": 0.96398891966759,
     "f1-score": 0.8217237308146399,
     "support": 361.0
    },
    "10": {
     "precision": 0.9775280898876404,
     "recall": 0.9942857142857143,
     "f1-score": 0.9858356940509915,
     "support": 350.0
    },
    "11": {
     "precision": 0.46304675716440424,
     "recall": 0.8976608187134503,
     "f1-score": 0.6109452736318408,
     "support": 342.0
    },
    "12": {
     "precision": 1.0,
     "recall": 0.9444444444444444,
     "f1-score": 0.9714285714285714,
     "support": 18.0
    },
    "13": {
     "precision": 0.8666666666666667,
     "recall": 0.8666666666666667,
     "f1-score": 0.8666666666666667,
     "support": 15.0
    },
    "14": {
     "precision": 0.5833333333333334,
     "recall": 0.5833333333333334,
     "f1-score": 0.5833333333333334,
     "support": 48.0
    },
    "15": {
     "precision": 0.3181818181818182,
     "recall": 0.5384615384615384,
     "f1-score": 0.4,
     "support": 13.0
    },
    "16": {
     "precision": 0.7777777777777778,
     "recall": 0.875,
     "f1-score": 0.8235294117647058,
     "support": 8.0
    },
    "17": {
     "precision": 0.8181818181818182,
     "recall": 0.9473684210526315,
     "f1-score": 0.8780487804878049,
     "support": 19.0
    },
    "18": {
     "precision": 0.8947368421052632,
     "recall": 0.8947368421052632,
     "f1-score": 0.8947368421052632,
     "support": 19.0
    },
    "19": {
     "precision": 0.9076923076923077,
     "recall": 0.8991793669402111,
     "f1-score": 0.9034157832744405,
     "support": 853.0
    },
    "20": {
     "precision": 0.7777777777777778,
     "recall": 0.875,
     "f1-score": 0.8235294117647058,
     "support": 8.0
    },
    "21": {
     "precision": 0.8591549295774648,
     "recall": 0.9348659003831418,
     "f1-score": 0.8954128440366973,
     "support": 261.0
    },
    "22": {
     "precision": 0.7931034482758621,
     "recall": 1.0,
     "f1-score": 0.8846153846153846,
     "support": 46.0
    },
    "23": {
     "precision": 0.7792207792207793,
     "recall": 0.8823529411764706,
     "f1-score": 0.8275862068965517,
     "support": 68.0
    },
    "24": {
     "precision": 0.9473684210526315,
     "recall": 0.9908256880733946,
     "f1-score": 0.968609865470852,
     "support": 218.0
    },
    "25": {
     "precision": 0.9391304347826087,
     "recall": 0.9557522123893806,
     "f1-score": 0.9473684210526315,
     "support": 113.0
    },
    "26": {
     "precision": 0.7153846153846154,
     "recall": 0.788135593220339,
     "f1-score": 0.75,
     "support": 118.0
    },
    "27": {
     "precision": 0.9943181818181818,
     "recall": 0.9924385633270322,
     "f1-score": 0.9933774834437086,
     "support": 529.0
    },
    "28": {
     "precision": 0.10550458715596331,
     "recall": 0.6764705882352942,
     "f1-score": 0.18253968253968253,
     "support": 34.0
    },
    "29": {
     "precision": 0.6064,
     "recall": 0.9334975369458128,
     "f1-score": 0.7352085354025218,
     "support": 406.0
    },
    "30": {
     "precision": 0.955406911928651,
     "recall": 0.9284940411700975,
     "f1-score": 0.9417582417582417,
     "support": 923.0
    },
    "31": {
     "precision": 0.967391304347826,
     "recall": 0.7542372881355932,
     "f1-score": 0.8476190476190476,
     "support": 118.0
    },
    "32": {
     "precision": 0.21428571428571427,
     "recall": 0.42857142857142855,
     "f1-score": 0.2857142857142857,
     "support": 14.0
    },
    "33": {
     "precision": 0.860655737704918,
     "recall": 0.7894736842105263,
     "f1-score": 0.8235294117647058,
     "support": 133.0
    },
    "34": {
     "precision": 0.8904109589041096,
     "recall": 0.9219858156028369,
     "f1-score": 0.9059233449477352,
     "support": 141.0
    },
    "35": {
     "precision": 0.9889196675900277,
     "recall": 0.9944289693593314,
     "f1-score": 0.9916666666666667,
     "support": 359.0
    },
    "36": {
     "precision": 0.8452380952380952,
     "recall": 0.8987341772151899,
     "f1-score": 0.8711656441717791,
     "support": 79.0
    },
    "37": {
     "precision": 0.4661016949152542,
     "recall": 0.5670103092783505,
     "f1-score": 0.5116279069767442,
     "support": 97.0
    },
    "38": {
     "precision": 0.95,
     "recall": 0.9637681159420289,
     "f1-score": 0.9568345323741008,
     "support": 138.0
    },
    "39": {
     "precision": 0.924812030075188,
     "recall": 0.8848920863309353,
     "f1-score": 0.9044117647058824,
     "support": 139.0
    },
    "40": {
     "precision": 0.4948453608247423,
     "recall": 0.24242424242424243,
     "f1-score": 0.3254237288135593,
     "support": 396.0
    },
    "41": {
     "precision": 0.6666666666666666,
     "recall": 0.8571428571428571,
     "f1-score": 0.75,
     "support": 7.0
    },
    "42": {
     "precision": 0.8333333333333334,
     "recall": 1.0,
     "f1-score": 0.9090909090909091,
     "support": 15.0
    },
    "43": {
     "precision": 0.9780893952673094,
     "recall": 0.9481733220050977,
     "f1-score": 0.9628990509059534,
     "support": 2354.0
    },
    "44": {
     "precision": 0.38813349814585907,
     "recall": 0.9208211143695014,