{
 "dataset": "tcell",
 "n_samples": 24007,
 "n_features": 1089,
 "n_classes": 7,
 "n_train": 14283,
 "n_test": 7203,
 "transformer_params": 75168,
 "total_params": 224751,
 "config": {
  "heads": [
   "cell_type"
  ],
  "cohorts": null,
  "n_hvg": null,
  "n_channels": 1,
  "batch_size": 128,
  "val_frac": 0.15,
  "test_frac": 0.15,
  "d_model": 96,
  "n_heads": 4,
  "d_ff": 192,
  "dropout": 0.1,
  "n_markers": 256,
  "marker_mode": "router",
  "pathway_pool": "mean",
  "compress_mode": "aggregate",
  "recursive_marker_refine": true,
  "peak_init": true,
  "anneal_markers": true,
  "recursion_depth": 4,
  "share_weights": true,
  "share_strategy": "cycle",
  "n_unique_blocks": null,
  "step_cache": false,
  "adaptive_depth": false,
  "marker_ffn": false,
  "recursion_mode": "expert",
  "router_capacity": null,
  "router_alpha": 1.0,
  "router_temp": 1.0,
  "router_type": "linear",
  "router_z_coeff": 0.001,
  "router_balance_coeff": 0.1,
  "gene_interaction": "none",
  "interaction_knn": 16,
  "router_prior_beta": 1.0,
  "router_prior_anneal": true,
  "pathway_attn_bias": false,
  "pathway_attn_lambda": 2.0,
  "lambda_marker": 0.1,
  "gamma_diversity": 0.05,
  "beta_compression": 0.01,
  "lr": 0.001,
  "weight_decay": 1e-05,
  "epochs": 80,
  "patience": 12,
  "seed": 1,
  "device": "cuda"
 },
 "heads": {
  "cell_type": {
   "accuracy": 0.7092877967513536,
   "macro_f1": 0.6350956855715746,
   "weighted_f1": 0.7536392551211699,
   "per_class": {
    "0": {
     "precision": 0.6962616822429907,
     "recall": 0.6081632653061224,
     "f1-score": 0.6492374727668845,
     "support": 245.0
    },
    "1": {
     "precision": 0.6996268656716418,
     "recall": 0.6931608133086876,
     "f1-score": 0.6963788300835655,
     "support": 541.0
    },
    "2": {
     "precision": 0.9578488372093024,
     "recall": 0.7206911636045494,
     "f1-score": 0.8225162256615077,
     "support": 4572.0
    },
    "3": {
     "precision": 0.1584089323098395,
     "recall": 0.7049689440993789,
     "f1-score": 0.2586894586894587,
     "support": 322.0
    },
    "4": {
     "precision": 0.6672131147540984,
     "recall": 0.6223241590214067,
     "f1-score": 0.6439873417721519,
     "support": 654.0
    },
    "5": {
     "precision": 0.800705467372134,
     "recall": 0.7881944444444444,
     "f1-score": 0.7944006999125109,
     "support": 576.0
    },
    "6": {
     "precision": 0.5012406947890818,
     "recall": 0.689419795221843,
     "f1-score": 0.5804597701149425,
     "support": 293.0
    },
    "accuracy": 0.7092877967513536,
    "macro avg": {
     "precision": 0.6401865134784412,
     "recall": 0.6895603692866332,
     "f1-score": 0.6350956855715746,
     "support": 7203.0
    },
    "weighted avg": {
     "precision": 0.8362907200099013,
     "recall": 0.7092877967513536,
     "f1-score": 0.7536392551211699,
     "support": 7203.0
    }
   }
  }
 }
}