{
 "dataset": "tcell",
 "n_samples": 24007,
 "n_features": 1089,
 "n_classes": 7,
 "n_train": 14283,
 "n_test": 7203,
 "transformer_params": 299520,
 "total_params": 436815,
 "config": {
  "heads": [
   "cell_type"
  ],
  "cohorts": null,
  "n_hvg": null,
  "n_channels": 1,
  "batch_size": 128,
  "val_frac": 0.15,
  "test_frac": 0.15,
  "d_model": 96,
  "n_heads": 4,
  "d_ff": 192,
  "dropout": 0.1,
  "n_markers": 128,
  "marker_mode": "router",
  "pathway_pool": "mean",
  "compress_mode": "aggregate",
  "recursive_marker_refine": true,
  "peak_init": true,
  "anneal_markers": true,
  "recursion_depth": 4,
  "share_weights": false,
  "share_strategy": "cycle",
  "n_unique_blocks": null,
  "step_cache": false,
  "adaptive_depth": false,
  "marker_ffn": false,
  "recursion_mode": "expert",
  "router_capacity": null,
  "router_alpha": 1.0,
  "router_temp": 1.0,
  "router_type": "linear",
  "router_z_coeff": 0.001,
  "router_balance_coeff": 0.1,
  "gene_interaction": "none",
  "interaction_knn": 16,
  "router_prior_beta": 1.0,
  "router_prior_anneal": true,
  "pathway_attn_bias": false,
  "pathway_attn_lambda": 2.0,
  "lambda_marker": 0.1,
  "gamma_diversity": 0.05,
  "beta_compression": 0.01,
  "lr": 0.001,
  "weight_decay": 1e-05,
  "epochs": 150,
  "patience": 15,
  "seed": 1,
  "device": "cuda"
 },
 "heads": {
  "cell_type": {
   "accuracy": 0.5969734832708594,
   "macro_f1": 0.4438969953965871,
   "weighted_f1": 0.6425269848138512,
   "per_class": {
    "0": {
     "precision": 0.15618661257606492,
     "recall": 0.6285714285714286,
     "f1-score": 0.2502030869212023,
     "support": 245.0
    },
    "1": {
     "precision": 0.5293072824156305,
     "recall": 0.5508317929759704,
     "f1-score": 0.5398550724637681,
     "support": 541.0
    },
    "2": {
     "precision": 0.934550031466331,
     "recall": 0.6496062992125984,
     "f1-score": 0.7664516129032258,
     "support": 4572.0
    },
    "3": {
     "precision": 0.2396694214876033,
     "recall": 0.5403726708074534,
     "f1-score": 0.3320610687022901,
     "support": 322.0
    },
    "4": {
     "precision": 0.3413400758533502,
     "recall": 0.41284403669724773,
     "f1-score": 0.3737024221453287,
     "support": 654.0
    },
    "5": {
     "precision": 0.5953177257525084,
     "recall": 0.6180555555555556,
     "f1-score": 0.606473594548552,
     "support": 576.0
    },
    "6": {
     "precision": 0.21606648199445982,
     "recall": 0.26621160409556316,
     "f1-score": 0.23853211009174313,
     "support": 293.0
    },
    "accuracy": 0.5969734832708594,
    "macro avg": {
     "precision": 0.4303482330779926,
     "recall": 0.5237847697022595,
     "f1-score": 0.4438969953965871,
     "support": 7203.0
    },
    "weighted avg": {
     "precision": 0.7363604270882935,
     "recall": 0.5969734832708594,
     "f1-score": 0.6425269848138512,
     "support": 7203.0
    }
   }
  }
 }
}