{
 "dataset": "baron",
 "n_samples": 8569,
 "n_features": 1936,
 "n_classes": 14,
 "n_train": 5098,
 "n_test": 2571,
 "transformer_params": 75168,
 "total_params": 288989,
 "config": {
  "heads": [
   "cell_type"
  ],
  "cohorts": null,
  "n_hvg": null,
  "n_channels": 1,
  "batch_size": 128,
  "val_frac": 0.15,
  "test_frac": 0.15,
  "d_model": 96,
  "n_heads": 4,
  "d_ff": 192,
  "dropout": 0.1,
  "n_markers": 64,
  "marker_mode": "router",
  "pathway_pool": "mean",
  "compress_mode": "aggregate",
  "recursive_marker_refine": true,
  "peak_init": true,
  "anneal_markers": true,
  "recursion_depth": 4,
  "share_weights": true,
  "share_strategy": "cycle",
  "n_unique_blocks": null,
  "step_cache": false,
  "adaptive_depth": false,
  "marker_ffn": false,
  "recursion_mode": "expert",
  "router_capacity": null,
  "router_alpha": 1.0,
  "router_temp": 1.0,
  "router_type": "linear",
  "router_z_coeff": 0.001,
  "router_balance_coeff": 0.1,
  "gene_interaction": "none",
  "interaction_knn": 16,
  "router_prior_beta": 1.0,
  "router_prior_anneal": true,
  "pathway_attn_bias": false,
  "pathway_attn_lambda": 2.0,
  "lambda_marker": 0.1,
  "gamma_diversity": 0.05,
  "beta_compression": 0.01,
  "lr": 0.001,
  "weight_decay": 1e-05,
  "epochs": 80,
  "patience": 12,
  "seed": 0,
  "device": "cuda"
 },
 "heads": {
  "cell_type": {
   "accuracy": 0.6355503695060288,
   "macro_f1": 0.4499364410905393,
   "weighted_f1": 0.6679941804113757,
   "per_class": {
    "0": {
     "precision": 0.9250936329588015,
     "recall": 0.8606271777003485,
     "f1-score": 0.8916967509025271,
     "support": 287.0
    },
    "1": {
     "precision": 0.8170731707317073,
     "recall": 0.788235294117647,
     "f1-score": 0.8023952095808383,
     "support": 85.0
    },
    "2": {
     "precision": 0.8962264150943396,
     "recall": 0.40830945558739257,
     "f1-score": 0.5610236220472441,
     "support": 698.0
    },
    "3": {
     "precision": 0.8522167487684729,
     "recall": 0.6846965699208444,
     "f1-score": 0.75932699341624,
     "support": 758.0
    },
    "4": {
     "precision": 0.3780821917808219,
     "recall": 0.7666666666666667,
     "f1-score": 0.5064220183486239,
     "support": 180.0
    },
    "5": {
     "precision": 0.7679738562091504,
     "recall": 0.7275541795665634,
     "f1-score": 0.7472178060413355,
     "support": 323.0
    },
    "6": {
     "precision": 0.3793103448275862,
     "recall": 0.5789473684210527,
     "f1-score": 0.4583333333333333,
     "support": 76.0
    },
    "7": {
     "precision": 0.008547008547008548,
     "recall": 0.2,
     "f1-score": 0.01639344262295082,
     "support": 5.0
    },
    "8": {
     "precision": 0.22277227722772278,
     "recall": 0.5844155844155844,
     "f1-score": 0.3225806451612903,
     "support": 77.0
    },
    "9": {
     "precision": 0.22,
     "recall": 0.6470588235294118,
     "f1-score": 0.3283582089552239,
     "support": 17.0
    },
    "10": {
     "precision": 0.10344827586206896,
     "recall": 0.42857142857142855,
     "f1-score": 0.16666666666666666,
     "support": 7.0
    },
    "11": {
     "precision": 0.3894736842105263,
     "recall": 0.7115384615384616,
     "f1-score": 0.5034013605442177,
     "support": 52.0
    },
    "12": {
     "precision": 0.15384615384615385,
     "recall": 0.5,
     "f1-score": 0.23529411764705882,
     "support": 4.0
    },
    "13": {
     "precision": 0.0,
     "recall": 0.0,
     "f1-score": 0.0,
     "support": 2.0
    },
    "accuracy": 0.6355503695060288,
    "macro avg": {
     "precision": 0.4367188400045972,
     "recall": 0.5633300721453859,
     "f1-score": 0.4499364410905393,
     "support": 2571.0
    },
    "weighted avg": {
     "precision": 0.775560371945297,
     "recall": 0.6355503695060288,
     "f1-score": 0.6679941804113757,
     "support": 2571.0
    }
   }
  }
 }
}