{
 "dataset": "lung",
 "n_samples": 57020,
 "n_features": 1089,
 "n_classes": 25,
 "n_train": 33926,
 "n_test": 17106,
 "transformer_params": 75168,
 "total_params": 209811,
 "config": {
  "heads": [
   "cell_type"
  ],
  "cohorts": null,
  "n_hvg": null,
  "n_channels": 1,
  "batch_size": 128,
  "val_frac": 0.15,
  "test_frac": 0.15,
  "d_model": 96,
  "n_heads": 4,
  "d_ff": 192,
  "dropout": 0.1,
  "n_markers": 64,
  "marker_mode": "router",
  "pathway_pool": "mean",
  "compress_mode": "aggregate",
  "recursive_marker_refine": true,
  "peak_init": true,
  "anneal_markers": true,
  "recursion_depth": 4,
  "share_weights": true,
  "share_strategy": "cycle",
  "n_unique_blocks": null,
  "step_cache": false,
  "adaptive_depth": false,
  "marker_ffn": false,
  "recursion_mode": "expert",
  "router_capacity": null,
  "router_alpha": 1.0,
  "router_temp": 1.0,
  "router_type": "linear",
  "router_z_coeff": 0.001,
  "router_balance_coeff": 0.1,
  "gene_interaction": "none",
  "interaction_knn": 16,
  "router_prior_beta": 1.0,
  "router_prior_anneal": true,
  "pathway_attn_bias": false,
  "pathway_attn_lambda": 2.0,
  "lambda_marker": 0.1,
  "gamma_diversity": 0.05,
  "beta_compression": 0.01,
  "lr": 0.001,
  "weight_decay": 1e-05,
  "epochs": 80,
  "patience": 12,
  "seed": 0,
  "device": "cuda"
 },
 "heads": {
  "cell_type": {
   "accuracy": 0.7444756225885654,
   "macro_f1": 0.6578236222988734,
   "weighted_f1": 0.7536070962627108,
   "per_class": {
    "0": {
     "precision": 0.4434250764525994,
     "recall": 0.6331877729257642,
     "f1-score": 0.5215827338129496,
     "support": 229.0
    },
    "1": {
     "precision": 0.9487951807228916,
     "recall": 0.8980755523877405,
     "f1-score": 0.922738923471256,
     "support": 1403.0
    },
    "2": {
     "precision": 0.7417582417582418,
     "recall": 0.8709677419354839,
     "f1-score": 0.8011869436201781,
     "support": 465.0
    },
    "3": {
     "precision": 0.783989834815756,
     "recall": 0.7636138613861386,
     "f1-score": 0.773667711598746,
     "support": 808.0
    },
    "4": {
     "precision": 0.7368421052631579,
     "recall": 0.8,
     "f1-score": 0.7671232876712328,
     "support": 140.0
    },
    "5": {
     "precision": 0.6515151515151515,
     "recall": 0.8775510204081632,
     "f1-score": 0.7478260869565218,
     "support": 49.0
    },
    "6": {
     "precision": 0.6697936210131332,
     "recall": 0.7406639004149378,
     "f1-score": 0.7034482758620689,
     "support": 482.0
    },
    "7": {
     "precision": 0.4945054945054945,
     "recall": 0.6164383561643836,
     "f1-score": 0.5487804878048781,
     "support": 73.0
    },
    "8": {
     "precision": 0.6046511627906976,
     "recall": 0.7027027027027027,
     "f1-score": 0.65,
     "support": 37.0
    },
    "9": {
     "precision": 0.47058823529411764,
     "recall": 0.5714285714285714,
     "f1-score": 0.5161290322580645,
     "support": 14.0
    },
    "10": {
     "precision": 0.9178994082840237,
     "recall": 0.8947368421052632,
     "f1-score": 0.9061701350857977,
     "support": 1387.0
    },
    "11": {
     "precision": 0.6851851851851852,
     "recall": 0.7326732673267327,
     "f1-score": 0.7081339712918661,
     "support": 101.0
    },
    "12": {
     "precision": 0.5161290322580645,
     "recall": 0.5714285714285714,
     "f1-score": 0.5423728813559322,
     "support": 28.0
    },
    "13": {
     "precision": 0.5206422018348624,
     "recall": 0.8078291814946619,
     "f1-score": 0.6331938633193863,
     "support": 281.0
    },
    "14": {
     "precision": 0.8950233281493002,
     "recall": 0.8500738552437223,
     "f1-score": 0.871969696969697,
     "support": 1354.0
    },
    "15": {
     "precision": 0.7136485280999108,
     "recall": 0.9163802978235968,
     "f1-score": 0.802407221664995,
     "support": 873.0
    },
    "16": {
     "precision": 0.9222222222222223,
     "recall": 0.8208791208791208,
     "f1-score": 0.8686046511627907,
     "support": 1820.0
    },
    "17": {
     "precision": 0.602112676056338,
     "recall": 0.6785714285714286,
     "f1-score": 0.6380597014925373,
     "support": 252.0
    },
    "18": {
     "precision": 0.8272230889235569,
     "recall": 0.67872,
     "f1-score": 0.745649499033222,
     "support": 3125.0
    },
    "19": {
     "precision": 0.2777777777777778,
     "recall": 0.5128205128205128,
     "f1-score": 0.36036036036036034,
     "support": 39.0
    },
    "20": {
     "precision": 0.6730769230769231,
     "recall": 0.813953488372093,
     "f1-score": 0.7368421052631579,
     "support": 86.0
    },
    "21": {
     "precision": 0.7485624673288029,
     "recall": 0.662043458159963,
     "f1-score": 0.7026496565260059,
     "support": 2163.0
    },
    "22": {
     "precision": 0.46924829157175396,
     "recall": 0.47712796757382747,
     "f1-score": 0.4731553258685042,
     "support": 1727.0
    },
    "23": {
     "precision": 0.2564102564102564,
     "recall": 0.38461538461538464,
     "f1-score": 0.3076923076923077,
     "support": 26.0
    },
    "24": {
     "precision": 0.12452830188679245,
     "recall": 0.4583333333333333,
     "f1-score": 0.19584569732937684,
     "support": 144.0
    },
    "accuracy": 0.7444756225885654,
    "macro avg": {
     "precision": 0.6278221517278805,
     "recall": 0.7093926475800838,
     "f1-score": 0.6578236222988734,
     "support": 17106.0
    },
    "weighted avg": {
     "precision": 0.7722509263886235,
     "recall": 0.7444756225885654,
     "f1-score": 0.7536070962627108,
     "support": 17106.0
    }
   }
  }
 }
}