{
 "dataset": "tabula_muris",
 "n_samples": 54865,
 "n_features": 1089,
 "n_classes": 55,
 "n_train": 32645,
 "n_test": 16458,
 "transformer_params": 75168,
 "total_params": 215631,
 "config": {
  "heads": [
   "cell_type"
  ],
  "cohorts": null,
  "n_hvg": null,
  "n_channels": 1,
  "batch_size": 128,
  "val_frac": 0.15,
  "test_frac": 0.15,
  "d_model": 96,
  "n_heads": 4,
  "d_ff": 192,
  "dropout": 0.1,
  "n_markers": 64,
  "marker_mode": "router",
  "pathway_pool": "mean",
  "compress_mode": "aggregate",
  "recursive_marker_refine": true,
  "peak_init": true,
  "anneal_markers": true,
  "recursion_depth": 4,
  "share_weights": true,
  "share_strategy": "cycle",
  "n_unique_blocks": null,
  "step_cache": false,
  "adaptive_depth": false,
  "marker_ffn": false,
  "recursion_mode": "expert",
  "router_capacity": null,
  "router_alpha": 1.0,
  "router_temp": 1.0,
  "router_type": "linear",
  "router_z_coeff": 0.001,
  "router_balance_coeff": 0.1,
  "gene_interaction": "none",
  "interaction_knn": 16,
  "router_prior_beta": 1.0,
  "router_prior_anneal": true,
  "pathway_attn_bias": false,
  "pathway_attn_lambda": 2.0,
  "lambda_marker": 0.1,
  "gamma_diversity": 0.05,
  "beta_compression": 0.01,
  "lr": 0.001,
  "weight_decay": 1e-05,
  "epochs": 80,
  "patience": 12,
  "seed": 0,
  "device": "cuda"
 },
 "heads": {
  "cell_type": {
   "accuracy": 0.7418884433102443,
   "macro_f1": 0.6645889915946047,
   "weighted_f1": 0.7512283853583136,
   "per_class": {
    "0": {
     "precision": 0.8509036144578314,
     "recall": 0.6812700964630225,
     "f1-score": 0.7566964285714286,
     "support": 2488.0
    },
    "1": {
     "precision": 0.024691358024691357,
     "recall": 0.6153846153846154,
     "f1-score": 0.04747774480712166,
     "support": 13.0
    },
    "2": {
     "precision": 0.37209302325581395,
     "recall": 0.8,
     "f1-score": 0.5079365079365079,
     "support": 20.0
    },
    "3": {
     "precision": 0.875,
     "recall": 0.6363636363636364,
     "f1-score": 0.7368421052631579,
     "support": 11.0
    },
    "4": {
     "precision": 0.7009708737864078,
     "recall": 0.54572940287226,
     "f1-score": 0.6136846578835529,
     "support": 1323.0
    },
    "5": {
     "precision": 0.9263157894736842,
     "recall": 0.8461538461538461,
     "f1-score": 0.8844221105527639,
     "support": 104.0
    },
    "6": {
     "precision": 0.9316239316239316,
     "recall": 0.923728813559322,
     "f1-score": 0.9276595744680851,
     "support": 118.0
    },
    "7": {
     "precision": 0.9377845220030349,
     "recall": 0.9314242652599849,
     "f1-score": 0.9345935727788279,
     "support": 1327.0
    },
    "8": {
     "precision": 0.6363636363636364,
     "recall": 0.7777777777777778,
     "f1-score": 0.7,
     "support": 18.0
    },
    "9": {
     "precision": 0.7960199004975125,
     "recall": 0.8864265927977839,
     "f1-score": 0.8387942332896461,
     "support": 361.0
    },
    "10": {
     "precision": 0.9400544959128065,
     "recall": 0.9857142857142858,
     "f1-score": 0.9623430962343096,
     "support": 350.0
    },
    "11": {
     "precision": 0.5665137614678899,
     "recall": 0.7222222222222222,
     "f1-score": 0.6349614395886889,
     "support": 342.0
    },
    "12": {
     "precision": 0.9,
     "recall": 1.0,
     "f1-score": 0.9473684210526315,
     "support": 18.0
    },
    "13": {
     "precision": 1.0,
     "recall": 0.8666666666666667,
     "f1-score": 0.9285714285714286,
     "support": 15.0
    },
    "14": {
     "precision": 0.4878048780487805,
     "recall": 0.4166666666666667,
     "f1-score": 0.449438202247191,
     "support": 48.0
    },
    "15": {
     "precision": 0.21621621621621623,
     "recall": 0.6153846153846154,
     "f1-score": 0.32,
     "support": 13.0
    },
    "16": {
     "precision": 0.5555555555555556,
     "recall": 0.625,
     "f1-score": 0.5882352941176471,
     "support": 8.0
    },
    "17": {
     "precision": 0.8181818181818182,
     "recall": 0.9473684210526315,
     "f1-score": 0.8780487804878049,
     "support": 19.0
    },
    "18": {
     "precision": 0.3157894736842105,
     "recall": 0.631578947368421,
     "f1-score": 0.42105263157894735,
     "support": 19.0
    },
    "19": {
     "precision": 0.7682539682539683,
     "recall": 0.567409144196952,
     "f1-score": 0.6527309507754552,
     "support": 853.0
    },
    "20": {
     "precision": 0.6666666666666666,
     "recall": 0.5,
     "f1-score": 0.5714285714285714,
     "support": 8.0
    },
    "21": {
     "precision": 0.8256227758007118,
     "recall": 0.8888888888888888,
     "f1-score": 0.8560885608856088,
     "support": 261.0
    },
    "22": {
     "precision": 0.5,
     "recall": 0.7608695652173914,
     "f1-score": 0.603448275862069,
     "support": 46.0
    },
    "23": {
     "precision": 0.38613861386138615,
     "recall": 0.5735294117647058,
     "f1-score": 0.46153846153846156,
     "support": 68.0
    },
    "24": {
     "precision": 0.9095022624434389,
     "recall": 0.9220183486238532,
     "f1-score": 0.9157175398633257,
     "support": 218.0
    },
    "25": {
     "precision": 0.8782608695652174,
     "recall": 0.8938053097345132,
     "f1-score": 0.8859649122807017,
     "support": 113.0
    },
    "26": {
     "precision": 0.8977272727272727,
     "recall": 0.6694915254237288,
     "f1-score": 0.7669902912621359,
     "support": 118.0
    },
    "27": {
     "precision": 0.9961832061068703,
     "recall": 0.9867674858223062,
     "f1-score": 0.9914529914529915,
     "support": 529.0
    },
    "28": {
     "precision": 0.046413502109704644,
     "recall": 0.6470588235294118,
     "f1-score": 0.08661417322834646,
     "support": 34.0
    },
    "29": {
     "precision": 0.6618852459016393,
     "recall": 0.7955665024630542,
     "f1-score": 0.7225950782997763,
     "support": 406.0
    },
    "30": {
     "precision": 0.9195148842337376,
     "recall": 0.9035752979414952,
     "f1-score": 0.9114754098360656,
     "support": 923.0
    },
    "31": {
     "precision": 0.38839285714285715,
     "recall": 0.7372881355932204,
     "f1-score": 0.5087719298245614,
     "support": 118.0
    },
    "32": {
     "precision": 0.05,
     "recall": 0.14285714285714285,
     "f1-score": 0.07407407407407407,
     "support": 14.0
    },
    "33": {
     "precision": 0.8181818181818182,
     "recall": 0.6766917293233082,
     "f1-score": 0.7407407407407407,
     "support": 133.0
    },
    "34": {
     "precision": 0.8076923076923077,
     "recall": 0.8936170212765957,
     "f1-score": 0.8484848484848485,
     "support": 141.0
    },
    "35": {
     "precision": 0.9943661971830986,
     "recall": 0.9832869080779945,
     "f1-score": 0.988795518207283,
     "support": 359.0
    },
    "36": {
     "precision": 0.8636363636363636,
     "recall": 0.9620253164556962,
     "f1-score": 0.9101796407185628,
     "support": 79.0
    },
    "37": {
     "precision": 0.47560975609756095,
     "recall": 0.4020618556701031,
     "f1-score": 0.43575418994413406,
     "support": 97.0
    },
    "38": {
     "precision": 0.8309859154929577,
     "recall": 0.855072463768116,
     "f1-score": 0.8428571428571429,
     "support": 138.0
    },
    "39": {
     "precision": 0.6598639455782312,
     "recall": 0.697841726618705,
     "f1-score": 0.6783216783216783,
     "support": 139.0
    },
    "40": {
     "precision": 0.30935251798561153,
     "recall": 0.10858585858585859,
     "f1-score": 0.16074766355140188,
     "support": 396.0
    },
    "41": {
     "precision": 0.45454545454545453,
     "recall": 0.7142857142857143,
     "f1-score": 0.5555555555555556,
     "support": 7.0
    },
    "42": {
     "precision": 0.7142857142857143,
     "recall": 0.6666666666666666,
     "f1-score": 0.6896551724137931,
     "support": 15.0
    },
    "43": {
     "precision": 0.8917012448132781,
     "recall": 0.9129141886151232,
     "f1-score": 0.9021830394626364,
     "support": 2354.0
    },
    "44": {
     "precision": 0.32947976878612717,