{
 "dataset": "tcell",
 "n_samples": 24007,
 "n_features": 1089,
 "n_classes": 7,
 "n_train": 14283,
 "n_test": 7203,
 "transformer_params": 75168,
 "total_params": 206319,
 "config": {
  "heads": [
   "cell_type"
  ],
  "cohorts": null,
  "n_hvg": null,
  "n_channels": 1,
  "batch_size": 128,
  "val_frac": 0.15,
  "test_frac": 0.15,
  "d_model": 96,
  "n_heads": 4,
  "d_ff": 192,
  "dropout": 0.1,
  "n_markers": 64,
  "marker_mode": "router",
  "pathway_pool": "mean",
  "compress_mode": "aggregate",
  "recursive_marker_refine": true,
  "peak_init": true,
  "anneal_markers": true,
  "recursion_depth": 4,
  "share_weights": true,
  "share_strategy": "cycle",
  "n_unique_blocks": null,
  "step_cache": false,
  "adaptive_depth": false,
  "marker_ffn": false,
  "recursion_mode": "expert",
  "router_capacity": null,
  "router_alpha": 1.0,
  "router_temp": 1.0,
  "router_type": "linear",
  "router_z_coeff": 0.001,
  "router_balance_coeff": 0.1,
  "gene_interaction": "none",
  "interaction_knn": 16,
  "router_prior_beta": 1.0,
  "router_prior_anneal": true,
  "pathway_attn_bias": false,
  "pathway_attn_lambda": 2.0,
  "lambda_marker": 0.1,
  "gamma_diversity": 0.05,
  "beta_compression": 0.01,
  "lr": 0.001,
  "weight_decay": 1e-05,
  "epochs": 80,
  "patience": 12,
  "seed": 0,
  "device": "cuda"
 },
 "heads": {
  "cell_type": {
   "accuracy": 0.6207135915590726,
   "macro_f1": 0.46793053743290713,
   "weighted_f1": 0.6528942973113273,
   "per_class": {
    "0": {
     "precision": 0.6696969696969697,
     "recall": 0.9020408163265307,
     "f1-score": 0.768695652173913,
     "support": 245.0
    },
    "1": {
     "precision": 0.4742489270386266,
     "recall": 0.40850277264325324,
     "f1-score": 0.43892750744786496,
     "support": 541.0
    },
    "2": {
     "precision": 0.8921595598349381,
     "recall": 0.7093175853018373,
     "f1-score": 0.7903009625929085,
     "support": 4572.0
    },
    "3": {
     "precision": 0.14263565891472868,
     "recall": 0.2857142857142857,
     "f1-score": 0.19027921406411583,
     "support": 322.0
    },
    "4": {
     "precision": 0.4029605263157895,
     "recall": 0.3746177370030581,
     "f1-score": 0.38827258320126784,
     "support": 654.0
    },
    "5": {
     "precision": 0.43276283618581907,
     "recall": 0.6145833333333334,
     "f1-score": 0.5078909612625538,
     "support": 576.0
    },
    "6": {
     "precision": 0.1355206847360913,
     "recall": 0.3242320819112628,
     "f1-score": 0.19114688128772636,
     "support": 293.0
    },
    "accuracy": 0.6207135915590726,
    "macro avg": {
     "precision": 0.44999788038899474,
     "recall": 0.5170012303190802,
     "f1-score": 0.46793053743290713,
     "support": 7203.0
    },
    "weighted avg": {
     "precision": 0.7077664522172383,
     "recall": 0.6207135915590726,
     "f1-score": 0.6528942973113273,
     "support": 7203.0
    }
   }
  }
 }
}