{
 "dataset": "baron",
 "config": "adaptive",
 "seed": 1,
 "n_classes": 14,
 "n_test": 2571,
 "nll": 0.6796203475470414,
 "ece": 0.034775642839279135,
 "brier": 0.3253945453779426,
 "conf": 0.8045150438505588,
 "auroc": 0.8146355994701118
}