{
 "dataset": "blca",
 "config": "adaptive",
 "seed": 1,
 "n_classes": 2,
 "n_test": 81,
 "nll": 0.6820353292143772,
 "ece": 0.1548075105256379,
 "brier": 0.48889610156114166,
 "conf": 0.5241850284656039,
 "auroc": 0.4416445623342175
}