{
 "dataset": "common_class",
 "config": "adaptive",
 "seed": 1,
 "n_classes": 19,
 "n_test": 8250,
 "nll": 0.5529164656629935,
 "ece": 0.02112774759761941,
 "brier": 0.2405579531276273,
 "conf": 0.8541437767508971,
 "auroc": 0.8720221884282535
}