{
 "dataset": "lung",
 "config": "adaptive",
 "seed": 1,
 "n_classes": 25,
 "n_test": 17106,
 "nll": 0.622188226477873,
 "ece": 0.043433784583232375,
 "brier": 0.2913333443979443,
 "conf": 0.8415208189328709,
 "auroc": 0.8286790181647032
}