{
 "dataset": "oesophagus",
 "config": "adaptive",
 "seed": 1,
 "n_classes": 18,
 "n_test": 26385,
 "nll": 0.6458084542413148,
 "ece": 0.016552259904395693,
 "brier": 0.3022647858175636,
 "conf": 0.7679186961606238,
 "auroc": 0.846599968740353
}