{
 "dataset": "pancreas",
 "config": "adaptive",
 "seed": 1,
 "n_classes": 15,
 "n_test": 2127,
 "nll": 0.3434029258406897,
 "ece": 0.030153281015328888,
 "brier": 0.12003941769847766,
 "conf": 0.9236766691590509,
 "auroc": 0.7665608846430675
}