{
 "dataset": "panmeta_subtype",
 "config": "adaptive",
 "seed": 1,
 "n_classes": 32,
 "n_test": 1718,
 "nll": 1.220852293150174,
 "ece": 0.031270972883576845,
 "brier": 0.4905124861903594,
 "conf": 0.6130514307099391,
 "auroc": 0.8027506280492914
}