{
 "dataset": "prostate",
 "config": "adaptive",
 "seed": 1,
 "n_classes": 2,
 "n_test": 203,
 "nll": 5.372626873660528,
 "ece": 0.28159981287208435,
 "brier": 0.6267773039406157,
 "conf": 0.9248372458324803,
 "auroc": 0.45491890738369617
}