{
 "dataset": "prototype",
 "config": "adaptive",
 "seed": 1,
 "n_classes": 10,
 "n_test": 27174,
 "nll": 0.15665707055363642,
 "ece": 0.015754349646214125,
 "brier": 0.07801033048986702,
 "conf": 0.9638263662549089,
 "auroc": 0.9305046692570027
}