{
 "dataset": "segerstolpe",
 "config": "adaptive",
 "seed": 1,
 "n_classes": 10,
 "n_test": 637,
 "nll": 2.2665411248087883,
 "ece": 0.07731188067477784,
 "brier": 0.8926908165706406,
 "conf": 0.12857295937797827,
 "auroc": 0.4655671614440169
}