{
 "dataset": "spleen",
 "config": "adaptive",
 "seed": 1,
 "n_classes": 28,
 "n_test": 28239,
 "nll": 1.4555781282638445,
 "ece": 0.02520253778990233,
 "brier": 0.6180232104261605,
 "conf": 0.48597684529020935,
 "auroc": 0.7490628922407917
}