{
 "dataset": "stad",
 "config": "adaptive",
 "seed": 1,
 "n_classes": 2,
 "n_test": 83,
 "nll": 0.6850659141585037,
 "ece": 0.04603684803916762,
 "brier": 0.4918614766468977,
 "conf": 0.5637233947361484,
 "auroc": 0.43217286914765907
}