{
 "dataset": "tabula_muris",
 "config": "adaptive",
 "seed": 1,
 "n_classes": 55,
 "n_test": 16458,
 "nll": 1.0261297126085243,
 "ece": 0.07536347397033799,
 "brier": 0.3326941276960869,
 "conf": 0.8569401491412607,
 "auroc": 0.8121408067117732
}