{
 "dataset": "baron",
 "n_samples": 8569,
 "n_features": 1936,
 "n_classes": 14,
 "n_train": 5098,
 "n_test": 2571,
 "transformer_params": 18960,
 "total_params": 124349,
 "config": {
  "heads": [
   "cell_type"
  ],
  "cohorts": null,
  "n_hvg": null,
  "n_channels": 1,
  "batch_size": 128,
  "val_frac": 0.15,
  "test_frac": 0.15,
  "d_model": 48,
  "n_heads": 4,
  "d_ff": 96,
  "dropout": 0.1,
  "n_markers": 128,
  "marker_mode": "router",
  "pathway_pool": "mean",
  "compress_mode": "aggregate",
  "recursive_marker_refine": true,
  "peak_init": true,
  "anneal_markers": true,
  "recursion_depth": 4,
  "share_weights": true,
  "share_strategy": "cycle",
  "n_unique_blocks": null,
  "step_cache": false,
  "adaptive_depth": false,
  "marker_ffn": false,
  "recursion_mode": "fixed",
  "router_capacity": null,
  "router_alpha": 1.0,
  "router_temp": 1.0,
  "router_type": "linear",
  "router_z_coeff": 0.001,
  "router_balance_coeff": 0.1,
  "gene_interaction": "none",
  "interaction_knn": 16,
  "router_prior_beta": 1.0,
  "router_prior_anneal": true,
  "pathway_attn_bias": false,
  "pathway_attn_lambda": 2.0,
  "lambda_marker": 0.1,
  "gamma_diversity": 0.05,
  "beta_compression": 0.01,
  "lr": 0.001,
  "weight_decay": 1e-05,
  "epochs": 80,
  "patience": 12,
  "seed": 0,
  "device": "cuda"
 },
 "heads": {
  "cell_type": {
   "accuracy": 0.8486970050563983,
   "macro_f1": 0.6709200961673206,
   "weighted_f1": 0.8605586294972696,
   "per_class": {
    "0": {
     "precision": 0.8814102564102564,
     "recall": 0.9581881533101045,
     "f1-score": 0.9181969949916527,
     "support": 287.0
    },
    "1": {
     "precision": 0.8043478260869565,
     "recall": 0.8705882352941177,
     "f1-score": 0.8361581920903954,
     "support": 85.0
    },
    "2": {
     "precision": 0.9924471299093656,
     "recall": 0.9412607449856734,
     "f1-score": 0.9661764705882353,
     "support": 698.0
    },
    "3": {
     "precision": 0.945364238410596,
     "recall": 0.7532981530343008,
     "f1-score": 0.8384728340675477,
     "support": 758.0
    },
    "4": {
     "precision": 0.459546925566343,
     "recall": 0.7888888888888889,
     "f1-score": 0.5807770961145194,
     "support": 180.0
    },
    "5": {
     "precision": 0.9364548494983278,
     "recall": 0.8668730650154799,
     "f1-score": 0.9003215434083601,
     "support": 323.0
    },
    "6": {
     "precision": 1.0,
     "recall": 0.9605263157894737,
     "f1-score": 0.9798657718120806,
     "support": 76.0
    },
    "7": {
     "precision": 0.14814814814814814,
     "recall": 0.8,
     "f1-score": 0.25,
     "support": 5.0
    },
    "8": {
     "precision": 0.45614035087719296,
     "recall": 0.6753246753246753,
     "f1-score": 0.5445026178010471,
     "support": 77.0
    },
    "9": {
     "precision": 0.6666666666666666,
     "recall": 0.7058823529411765,
     "f1-score": 0.6857142857142857,
     "support": 17.0
    },
    "10": {
     "precision": 0.6666666666666666,
     "recall": 0.5714285714285714,
     "f1-score": 0.6153846153846154,
     "support": 7.0
    },
    "11": {
     "precision": 0.72,
     "recall": 0.6923076923076923,
     "f1-score": 0.7058823529411765,
     "support": 52.0
    },
    "12": {
     "precision": 0.6666666666666666,
     "recall": 0.5,
     "f1-score": 0.5714285714285714,
     "support": 4.0
    },
    "13": {
     "precision": 0.0,
     "recall": 0.0,
     "f1-score": 0.0,
     "support": 2.0
    },
    "accuracy": 0.8486970050563983,
    "macro avg": {
     "precision": 0.6674185517790848,
     "recall": 0.7203262034514395,
     "f1-score": 0.6709200961673206,
     "support": 2571.0
    },
    "weighted avg": {
     "precision": 0.8882971900482135,
     "recall": 0.8486970050563983,
     "f1-score": 0.8605586294972696,
     "support": 2571.0
    }
   }
  }
 }
}