{
 "dataset": "common_class",
 "n_samples": 27499,
 "n_features": 1089,
 "n_classes": 19,
 "n_train": 16361,
 "n_test": 8250,
 "transformer_params": 18960,
 "total_params": 84183,
 "config": {
  "heads": [
   "cell_type"
  ],
  "cohorts": null,
  "n_hvg": null,
  "n_channels": 1,
  "batch_size": 128,
  "val_frac": 0.15,
  "test_frac": 0.15,
  "d_model": 48,
  "n_heads": 4,
  "d_ff": 96,
  "dropout": 0.1,
  "n_markers": 128,
  "marker_mode": "router",
  "pathway_pool": "mean",
  "compress_mode": "aggregate",
  "recursive_marker_refine": true,
  "peak_init": true,
  "anneal_markers": true,
  "recursion_depth": 4,
  "share_weights": true,
  "share_strategy": "cycle",
  "n_unique_blocks": null,
  "step_cache": false,
  "adaptive_depth": false,
  "marker_ffn": false,
  "recursion_mode": "fixed",
  "router_capacity": null,
  "router_alpha": 1.0,
  "router_temp": 1.0,
  "router_type": "linear",
  "router_z_coeff": 0.001,
  "router_balance_coeff": 0.1,
  "gene_interaction": "none",
  "interaction_knn": 16,
  "router_prior_beta": 1.0,
  "router_prior_anneal": true,
  "pathway_attn_bias": false,
  "pathway_attn_lambda": 2.0,
  "lambda_marker": 0.1,
  "gamma_diversity": 0.05,
  "beta_compression": 0.01,
  "lr": 0.001,
  "weight_decay": 1e-05,
  "epochs": 80,
  "patience": 12,
  "seed": 0,
  "device": "cuda"
 },
 "heads": {
  "cell_type": {
   "accuracy": 0.8621818181818182,
   "macro_f1": 0.7400353500297152,
   "weighted_f1": 0.8634832845594476,
   "per_class": {
    "0": {
     "precision": 0.7710843373493976,
     "recall": 0.8421052631578947,
     "f1-score": 0.8050314465408805,
     "support": 76.0
    },
    "1": {
     "precision": 0.7193675889328063,
     "recall": 0.5565749235474006,
     "f1-score": 0.6275862068965518,
     "support": 327.0
    },
    "2": {
     "precision": 0.5899053627760252,
     "recall": 0.7857142857142857,
     "f1-score": 0.6738738738738739,
     "support": 238.0
    },
    "3": {
     "precision": 0.7555555555555555,
     "recall": 0.8143712574850299,
     "f1-score": 0.7838616714697406,
     "support": 167.0
    },
    "4": {
     "precision": 0.847457627118644,
     "recall": 0.625,
     "f1-score": 0.7194244604316546,
     "support": 160.0
    },
    "5": {
     "precision": 0.5583941605839416,
     "recall": 0.6244897959183674,
     "f1-score": 0.5895953757225434,
     "support": 245.0
    },
    "6": {
     "precision": 0.5784313725490197,
     "recall": 0.4957983193277311,
     "f1-score": 0.5339366515837104,
     "support": 119.0
    },
    "7": {
     "precision": 0.9245283018867925,
     "recall": 0.8032786885245902,
     "f1-score": 0.8596491228070176,
     "support": 671.0
    },
    "8": {
     "precision": 0.8208955223880597,
     "recall": 0.7638888888888888,
     "f1-score": 0.7913669064748201,
     "support": 144.0
    },
    "9": {
     "precision": 0.7764705882352941,
     "recall": 0.8009708737864077,
     "f1-score": 0.7885304659498208,
     "support": 412.0
    },
    "10": {
     "precision": 0.7180851063829787,
     "recall": 0.8132530120481928,
     "f1-score": 0.7627118644067796,
     "support": 166.0
    },
    "11": {
     "precision": 0.7599309153713298,
     "recall": 0.8610567514677103,
     "f1-score": 0.8073394495412844,
     "support": 511.0
    },
    "12": {
     "precision": 0.8703007518796992,
     "recall": 0.8768939393939394,
     "f1-score": 0.8735849056603774,
     "support": 528.0
    },
    "13": {
     "precision": 0.6101694915254238,
     "recall": 0.7659574468085106,
     "f1-score": 0.6792452830188679,
     "support": 94.0
    },
    "14": {
     "precision": 0.55,
     "recall": 0.7857142857142857,
     "f1-score": 0.6470588235294118,
     "support": 14.0
    },
    "15": {
     "precision": 0.4642857142857143,
     "recall": 0.5174129353233831,
     "f1-score": 0.4894117647058824,
     "support": 201.0
    },
    "16": {
     "precision": 0.9884393063583815,
     "recall": 0.9671945701357466,
     "f1-score": 0.9777015437392796,
     "support": 884.0
    },
    "17": {
     "precision": 0.9770826881387427,
     "recall": 0.9660134721371708,
     "f1-score": 0.9715165511932256,
     "support": 3266.0
    },
    "18": {
     "precision": 0.6923076923076923,
     "recall": 0.6666666666666666,
     "f1-score": 0.6792452830188679,
     "support": 27.0
    },
    "accuracy": 0.8621818181818182,
    "macro avg": {
     "precision": 0.7354048465066052,
     "recall": 0.7543344934761158,
     "f1-score": 0.7400353500297152,
     "support": 8250.0
    },
    "weighted avg": {
     "precision": 0.8689896986245053,
     "recall": 0.8621818181818182,
     "f1-score": 0.8634832845594476,
     "support": 8250.0
    }
   }
  }
 }
}