{
 "dataset": "prototype",
 "n_samples": 90579,
 "n_features": 752,
 "n_classes": 10,
 "n_train": 53894,
 "n_test": 27174,
 "transformer_params": 18960,
 "total_params": 67125,
 "config": {
  "heads": [
   "cell_type"
  ],
  "cohorts": null,
  "n_hvg": null,
  "n_channels": 1,
  "batch_size": 128,
  "val_frac": 0.15,
  "test_frac": 0.15,
  "d_model": 48,
  "n_heads": 4,
  "d_ff": 96,
  "dropout": 0.1,
  "n_markers": 128,
  "marker_mode": "router",
  "pathway_pool": "mean",
  "compress_mode": "aggregate",
  "recursive_marker_refine": true,
  "peak_init": true,
  "anneal_markers": true,
  "recursion_depth": 4,
  "share_weights": true,
  "share_strategy": "cycle",
  "n_unique_blocks": null,
  "step_cache": false,
  "adaptive_depth": false,
  "marker_ffn": false,
  "recursion_mode": "fixed",
  "router_capacity": null,
  "router_alpha": 1.0,
  "router_temp": 1.0,
  "router_type": "linear",
  "router_z_coeff": 0.001,
  "router_balance_coeff": 0.1,
  "gene_interaction": "none",
  "interaction_knn": 16,
  "router_prior_beta": 1.0,
  "router_prior_anneal": true,
  "pathway_attn_bias": false,
  "pathway_attn_lambda": 2.0,
  "lambda_marker": 0.1,
  "gamma_diversity": 0.05,
  "beta_compression": 0.01,
  "lr": 0.001,
  "weight_decay": 1e-05,
  "epochs": 80,
  "patience": 12,
  "seed": 0,
  "device": "cuda"
 },
 "heads": {
  "cell_type": {
   "accuracy": 0.9572385368366821,
   "macro_f1": 0.9524688746438235,
   "weighted_f1": 0.9574222543260184,
   "per_class": {
    "0": {
     "precision": 0.9756662804171495,
     "recall": 0.980209545983702,
     "f1-score": 0.9779326364692218,
     "support": 859.0
    },
    "1": {
     "precision": 0.9683168316831683,
     "recall": 0.9635467980295567,
     "f1-score": 0.965925925925926,
     "support": 1015.0
    },
    "2": {
     "precision": 0.9615019011406845,
     "recall": 0.9426840633737186,
     "f1-score": 0.952,
     "support": 2146.0
    },
    "3": {
     "precision": 0.9619433198380567,
     "recall": 0.9372781065088758,
     "f1-score": 0.9494505494505494,
     "support": 2535.0
    },
    "4": {
     "precision": 0.8564567769477054,
     "recall": 0.9441176470588235,
     "f1-score": 0.898153329602686,
     "support": 1700.0
    },
    "5": {
     "precision": 0.913968547641073,
     "recall": 0.9263947491795593,
     "f1-score": 0.920139697322468,
     "support": 2133.0
    },
    "6": {
     "precision": 0.9480617237485887,
     "recall": 0.9340007415647015,
     "f1-score": 0.940978707508405,
     "support": 2697.0
    },
    "7": {
     "precision": 0.9764211295923962,
     "recall": 0.9606185937780974,
     "f1-score": 0.9684554024655547,
     "support": 5561.0
    },
    "8": {
     "precision": 0.9625922023182297,
     "recall": 0.9638617778950145,
     "f1-score": 0.963226571767497,
     "support": 3791.0
    },
    "9": {
     "precision": 0.9853157121879589,
     "recall": 0.9915558370276546,
     "f1-score": 0.9884259259259259,
     "support": 4737.0
    },
    "accuracy": 0.9572385368366821,
    "macro avg": {
     "precision": 0.951024442551501,
     "recall": 0.9544267860399703,
     "f1-score": 0.9524688746438235,
     "support": 27174.0
    },
    "weighted avg": {
     "precision": 0.9579652493501017,
     "recall": 0.9572385368366821,
     "f1-score": 0.9574222543260184,
     "support": 27174.0
    }
   }
  }
 }
}