{
 "dataset": "Oesophagus",
 "mode": "learned",
 "K": 4,
 "seed": 0,
 "n_markers": 512,
 "test_macro_f1": 69.73227369573408,
 "test_accuracy": 88.62232328974797,
 "n_features": 1089,
 "n_classes": 18,
 "n_samples": 87947,
 "learned_lambda": 0.6213304400444031
}