{
 "dataset": "Oesophagus",
 "mode": "learned",
 "K": 4,
 "seed": 2,
 "n_markers": 512,
 "test_macro_f1": 71.30452742293465,
 "test_accuracy": 89.03922683342809,
 "n_features": 1089,
 "n_classes": 18,
 "n_samples": 87947,
 "learned_lambda": 0.6983335018157959
}