{
 "task": "stad",
 "arm": "expert_k4",
 "pos_class": 1,
 "n_folds": 10,
 "pos_f1": [
  0.6697320594633764,
  0.03922600584639716
 ],
 "pos_precision": [
  0.565074111636812,
  0.030329195219521935
 ],
 "pos_recall": [
  0.840048309178744,
  0.12627938931323968
 ],
 "maj_f1": [
  0.6697320594633764,
  0.03922600584639716
 ],
 "macro_f1": [
  0.4588455131965481,
  0.06613018632248625
 ],
 "accuracy": [
  0.5506464883925948,
  0.030100051843025263
 ]
}