{
 "dataset": "Wang",
 "mode": "learned",
 "K": 4,
 "seed": 0,
 "n_markers": 128,
 "test_macro_f1": 30.074643493761137,
 "test_accuracy": 50.72463768115942,
 "val_macro_f1": 45.36495679352823,
 "n_features": 2000,
 "n_classes": 7,
 "n_samples": 457,
 "learned_lambda": 0.20499646663665771,
 "bio_anchor_have": false
}