{
 "dataset": "baron",
 "n_samples": 8569,
 "n_features": 1936,
 "n_classes": 14,
 "n_train": 5098,
 "n_test": 2571,
 "transformer_params": 75168,
 "total_params": 295133,
 "config": {
  "heads": [
   "cell_type"
  ],
  "cohorts": null,
  "n_hvg": null,
  "n_channels": 1,
  "batch_size": 128,
  "val_frac": 0.15,
  "test_frac": 0.15,
  "d_model": 96,
  "n_heads": 4,
  "d_ff": 192,
  "dropout": 0.1,
  "n_markers": 128,
  "marker_mode": "router",
  "pathway_pool": "mean",
  "compress_mode": "aggregate",
  "recursive_marker_refine": true,
  "peak_init": true,
  "anneal_markers": true,
  "recursion_depth": 4,
  "share_weights": true,
  "share_strategy": "cycle",
  "n_unique_blocks": null,
  "step_cache": false,
  "adaptive_depth": false,
  "marker_ffn": false,
  "recursion_mode": "expert",
  "router_capacity": null,
  "router_alpha": 1.0,
  "router_temp": 1.0,
  "router_type": "linear",
  "router_z_coeff": 0.001,
  "router_balance_coeff": 0.1,
  "gene_interaction": "none",
  "interaction_knn": 16,
  "router_prior_beta": 1.0,
  "router_prior_anneal": true,
  "pathway_attn_bias": false,
  "pathway_attn_lambda": 2.0,
  "lambda_marker": 0.1,
  "gamma_diversity": 0.05,
  "beta_compression": 0.01,
  "lr": 0.001,
  "weight_decay": 1e-05,
  "epochs": 80,
  "patience": 12,
  "seed": 0,
  "device": "cuda"
 },
 "heads": {
  "cell_type": {
   "accuracy": 0.8712563204978607,
   "macro_f1": 0.6183204493702509,
   "weighted_f1": 0.875636356910872,
   "per_class": {
    "0": {
     "precision": 0.8629283489096573,
     "recall": 0.9651567944250871,
     "f1-score": 0.9111842105263158,
     "support": 287.0
    },
    "1": {
     "precision": 0.8513513513513513,
     "recall": 0.7411764705882353,
     "f1-score": 0.7924528301886793,
     "support": 85.0
    },
    "2": {
     "precision": 0.9391304347826087,
     "recall": 0.9283667621776505,
     "f1-score": 0.9337175792507204,
     "support": 698.0
    },
    "3": {
     "precision": 0.9580318379160637,
     "recall": 0.8733509234828496,
     "f1-score": 0.9137336093857833,
     "support": 758.0
    },
    "4": {
     "precision": 0.6297872340425532,
     "recall": 0.8222222222222222,
     "f1-score": 0.7132530120481928,
     "support": 180.0
    },
    "5": {
     "precision": 0.9548611111111112,
     "recall": 0.8513931888544891,
     "f1-score": 0.900163666121113,
     "support": 323.0
    },
    "6": {
     "precision": 0.7831325301204819,
     "recall": 0.8552631578947368,
     "f1-score": 0.8176100628930818,
     "support": 76.0
    },
    "7": {
     "precision": 0.16666666666666666,
     "recall": 0.2,
     "f1-score": 0.18181818181818182,
     "support": 5.0
    },
    "8": {
     "precision": 0.52,
     "recall": 0.6753246753246753,
     "f1-score": 0.5875706214689266,
     "support": 77.0
    },
    "9": {
     "precision": 0.7333333333333333,
     "recall": 0.6470588235294118,
     "f1-score": 0.6875,
     "support": 17.0
    },
    "10": {
     "precision": 0.16666666666666666,
     "recall": 0.14285714285714285,
     "f1-score": 0.15384615384615385,
     "support": 7.0
    },
    "11": {
     "precision": 0.7291666666666666,
     "recall": 0.6730769230769231,
     "f1-score": 0.7,
     "support": 52.0
    },
    "12": {
     "precision": 0.2857142857142857,
     "recall": 0.5,
     "f1-score": 0.36363636363636365,
     "support": 4.0
    },
    "13": {
     "precision": 0.0,
     "recall": 0.0,
     "f1-score": 0.0,
     "support": 2.0
    },
    "accuracy": 0.8712563204978607,
    "macro avg": {
     "precision": 0.6129121762343891,
     "recall": 0.6339462203166731,
     "f1-score": 0.6183204493702509,
     "support": 2571.0
    },
    "weighted avg": {
     "precision": 0.8854891409577865,
     "recall": 0.8712563204978607,
     "f1-score": 0.875636356910872,
     "support": 2571.0
    }
   }
  }
 }
}