{
 "dataset": "common_class",
 "n_samples": 27499,
 "n_features": 1089,
 "n_classes": 19,
 "n_train": 16361,
 "n_test": 8250,
 "transformer_params": 75168,
 "total_params": 214791,
 "config": {
  "heads": [
   "cell_type"
  ],
  "cohorts": null,
  "n_hvg": null,
  "n_channels": 1,
  "batch_size": 128,
  "val_frac": 0.15,
  "test_frac": 0.15,
  "d_model": 96,
  "n_heads": 4,
  "d_ff": 192,
  "dropout": 0.1,
  "n_markers": 128,
  "marker_mode": "router",
  "pathway_pool": "mean",
  "compress_mode": "aggregate",
  "recursive_marker_refine": true,
  "peak_init": true,
  "anneal_markers": true,
  "recursion_depth": 4,
  "share_weights": true,
  "share_strategy": "cycle",
  "n_unique_blocks": null,
  "step_cache": false,
  "adaptive_depth": false,
  "marker_ffn": false,
  "recursion_mode": "expert",
  "router_capacity": null,
  "router_alpha": 1.0,
  "router_temp": 1.0,
  "router_type": "linear",
  "router_z_coeff": 0.001,
  "router_balance_coeff": 0.1,
  "gene_interaction": "none",
  "interaction_knn": 16,
  "router_prior_beta": 1.0,
  "router_prior_anneal": true,
  "pathway_attn_bias": false,
  "pathway_attn_lambda": 2.0,
  "lambda_marker": 0.1,
  "gamma_diversity": 0.05,
  "beta_compression": 0.01,
  "lr": 0.001,
  "weight_decay": 1e-05,
  "epochs": 80,
  "patience": 12,
  "seed": 0,
  "device": "cuda"
 },
 "heads": {
  "cell_type": {
   "accuracy": 0.848,
   "macro_f1": 0.7146296004159561,
   "weighted_f1": 0.8504864900056923,
   "per_class": {
    "0": {
     "precision": 0.5104166666666666,
     "recall": 0.6447368421052632,
     "f1-score": 0.5697674418604651,
     "support": 76.0
    },
    "1": {
     "precision": 0.6732673267326733,
     "recall": 0.6238532110091743,
     "f1-score": 0.6476190476190476,
     "support": 327.0
    },
    "2": {
     "precision": 0.5416666666666666,
     "recall": 0.5462184873949579,
     "f1-score": 0.5439330543933054,
     "support": 238.0
    },
    "3": {
     "precision": 0.6544502617801047,
     "recall": 0.7485029940119761,
     "f1-score": 0.6983240223463687,
     "support": 167.0
    },
    "4": {
     "precision": 0.7257142857142858,
     "recall": 0.79375,
     "f1-score": 0.7582089552238805,
     "support": 160.0
    },
    "5": {
     "precision": 0.803030303030303,
     "recall": 0.6489795918367347,
     "f1-score": 0.7178329571106095,
     "support": 245.0
    },
    "6": {
     "precision": 0.5286624203821656,
     "recall": 0.6974789915966386,
     "f1-score": 0.6014492753623188,
     "support": 119.0
    },
    "7": {
     "precision": 0.8786039453717754,
     "recall": 0.8628912071535022,
     "f1-score": 0.8706766917293233,
     "support": 671.0
    },
    "8": {
     "precision": 0.45977011494252873,
     "recall": 0.5555555555555556,
     "f1-score": 0.5031446540880503,
     "support": 144.0
    },
    "9": {
     "precision": 0.7768595041322314,
     "recall": 0.6844660194174758,
     "f1-score": 0.727741935483871,
     "support": 412.0
    },
    "10": {
     "precision": 0.555,
     "recall": 0.6686746987951807,
     "f1-score": 0.6065573770491803,
     "support": 166.0
    },
    "11": {
     "precision": 0.7933070866141733,
     "recall": 0.7886497064579256,
     "f1-score": 0.7909715407262021,
     "support": 511.0
    },
    "12": {
     "precision": 0.8659003831417624,
     "recall": 0.8560606060606061,
     "f1-score": 0.8609523809523809,
     "support": 528.0
    },
    "13": {
     "precision": 0.4015151515151515,
     "recall": 0.5638297872340425,
     "f1-score": 0.4690265486725664,
     "support": 94.0
    },
    "14": {
     "precision": 0.875,
     "recall": 1.0,
     "f1-score": 0.9333333333333333,
     "support": 14.0
    },
    "15": {
     "precision": 0.5392670157068062,
     "recall": 0.5124378109452736,
     "f1-score": 0.5255102040816326,
     "support": 201.0
    },
    "16": {
     "precision": 0.9828962371721779,
     "recall": 0.9751131221719457,
     "f1-score": 0.9789892106757524,
     "support": 884.0
    },
    "17": {
     "precision": 0.9816485225505444,
     "recall": 0.966319657072872,
     "f1-score": 0.9739237771948773,
     "support": 3266.0
    },
    "18": {
     "precision": 0.7272727272727273,
     "recall": 0.8888888888888888,
     "f1-score": 0.8,
     "support": 27.0
    },
    "accuracy": 0.848,
    "macro avg": {
     "precision": 0.6986446641785655,
     "recall": 0.7382319567214743,
     "f1-score": 0.7146296004159561,
     "support": 8250.0
    },
    "weighted avg": {
     "precision": 0.8553230145912581,
     "recall": 0.848,
     "f1-score": 0.8504864900056923,
     "support": 8250.0
    }
   }
  }
 }
}