{
 "dataset": "lung",
 "n_samples": 57020,
 "n_features": 1089,
 "n_classes": 25,
 "n_train": 33926,
 "n_test": 17106,
 "transformer_params": 75168,
 "total_params": 215955,
 "config": {
  "heads": [
   "cell_type"
  ],
  "cohorts": null,
  "n_hvg": null,
  "n_channels": 1,
  "batch_size": 128,
  "val_frac": 0.15,
  "test_frac": 0.15,
  "d_model": 96,
  "n_heads": 4,
  "d_ff": 192,
  "dropout": 0.1,
  "n_markers": 128,
  "marker_mode": "router",
  "pathway_pool": "mean",
  "compress_mode": "aggregate",
  "recursive_marker_refine": true,
  "peak_init": true,
  "anneal_markers": true,
  "recursion_depth": 4,
  "share_weights": true,
  "share_strategy": "cycle",
  "n_unique_blocks": null,
  "step_cache": false,
  "adaptive_depth": false,
  "marker_ffn": false,
  "recursion_mode": "expert",
  "router_capacity": null,
  "router_alpha": 1.0,
  "router_temp": 1.0,
  "router_type": "linear",
  "router_z_coeff": 0.001,
  "router_balance_coeff": 0.1,
  "gene_interaction": "none",
  "interaction_knn": 16,
  "router_prior_beta": 1.0,
  "router_prior_anneal": true,
  "pathway_attn_bias": false,
  "pathway_attn_lambda": 2.0,
  "lambda_marker": 0.1,
  "gamma_diversity": 0.05,
  "beta_compression": 0.01,
  "lr": 0.001,
  "weight_decay": 1e-05,
  "epochs": 80,
  "patience": 12,
  "seed": 0,
  "device": "cuda"
 },
 "heads": {
  "cell_type": {
   "accuracy": 0.7957441833274874,
   "macro_f1": 0.7168030574110194,
   "weighted_f1": 0.7960614244066644,
   "per_class": {
    "0": {
     "precision": 0.6477272727272727,
     "recall": 0.7467248908296943,
     "f1-score": 0.6937119675456389,
     "support": 229.0
    },
    "1": {
     "precision": 0.9759475218658892,
     "recall": 0.9543834640057021,
     "f1-score": 0.9650450450450451,
     "support": 1403.0
    },
    "2": {
     "precision": 0.8697394789579158,
     "recall": 0.9333333333333333,
     "f1-score": 0.9004149377593361,
     "support": 465.0
    },
    "3": {
     "precision": 0.922077922077922,
     "recall": 0.8787128712871287,
     "f1-score": 0.899873257287706,
     "support": 808.0
    },
    "4": {
     "precision": 0.81875,
     "recall": 0.9357142857142857,
     "f1-score": 0.8733333333333333,
     "support": 140.0
    },
    "5": {
     "precision": 0.7586206896551724,
     "recall": 0.8979591836734694,
     "f1-score": 0.822429906542056,
     "support": 49.0
    },
    "6": {
     "precision": 0.7008733624454149,
     "recall": 0.6659751037344398,
     "f1-score": 0.6829787234042554,
     "support": 482.0
    },
    "7": {
     "precision": 0.6590909090909091,
     "recall": 0.3972602739726027,
     "f1-score": 0.49572649572649574,
     "support": 73.0
    },
    "8": {
     "precision": 0.875,
     "recall": 0.7567567567567568,
     "f1-score": 0.8115942028985508,
     "support": 37.0
    },
    "9": {
     "precision": 0.5,
     "recall": 0.5,
     "f1-score": 0.5,
     "support": 14.0
    },
    "10": {
     "precision": 0.9116809116809117,
     "recall": 0.9228550829127613,
     "f1-score": 0.9172339663203153,
     "support": 1387.0
    },
    "11": {
     "precision": 0.7049180327868853,
     "recall": 0.8514851485148515,
     "f1-score": 0.7713004484304933,
     "support": 101.0
    },
    "12": {
     "precision": 0.5,
     "recall": 0.5714285714285714,
     "f1-score": 0.5333333333333333,
     "support": 28.0
    },
    "13": {
     "precision": 0.592,
     "recall": 0.7900355871886121,
     "f1-score": 0.676829268292683,
     "support": 281.0
    },
    "14": {
     "precision": 0.9259259259259259,
     "recall": 0.8124076809453471,
     "f1-score": 0.8654602675059009,
     "support": 1354.0
    },
    "15": {
     "precision": 0.7016060862214708,
     "recall": 0.9507445589919816,
     "f1-score": 0.8073929961089494,
     "support": 873.0
    },
    "16": {
     "precision": 0.88099084544965,
     "recall": 0.8989010989010989,
     "f1-score": 0.8898558607560512,
     "support": 1820.0
    },
    "17": {
     "precision": 0.6996047430830039,
     "recall": 0.7023809523809523,
     "f1-score": 0.700990099009901,
     "support": 252.0
    },
    "18": {
     "precision": 0.8595446584938704,
     "recall": 0.78528,
     "f1-score": 0.8207357859531773,
     "support": 3125.0
    },
    "19": {
     "precision": 0.3918918918918919,
     "recall": 0.7435897435897436,
     "f1-score": 0.5132743362831859,
     "support": 39.0
    },
    "20": {
     "precision": 0.7070707070707071,
     "recall": 0.813953488372093,
     "f1-score": 0.7567567567567568,
     "support": 86.0
    },
    "21": {
     "precision": 0.699724517906336,
     "recall": 0.7045769764216366,
     "f1-score": 0.7021423635107118,
     "support": 2163.0
    },
    "22": {
     "precision": 0.5548667079975201,
     "recall": 0.5182397220613781,
     "f1-score": 0.5359281437125748,
     "support": 1727.0
    },
    "23": {
     "precision": 0.5,
     "recall": 0.2692307692307692,
     "f1-score": 0.35,
     "support": 26.0
    },
    "24": {
     "precision": 0.3829787234042553,
     "recall": 0.5,
     "f1-score": 0.43373493975903615,
     "support": 144.0
    },
    "accuracy": 0.7957441833274874,
    "macro avg": {
     "precision": 0.7096252363493172,
     "recall": 0.7400771817698885,
     "f1-score": 0.7168030574110194,
     "support": 17106.0
    },
    "weighted avg": {
     "precision": 0.8013676628378336,
     "recall": 0.7957441833274874,
     "f1-score": 0.7960614244066644,
     "support": 17106.0
    }
   }
  }
 }
}