{
 "dataset": "oesophagus",
 "n_samples": 87947,
 "n_features": 1089,
 "n_classes": 18,
 "n_train": 52327,
 "n_test": 26385,
 "transformer_params": 75168,
 "total_params": 214597,
 "config": {
  "heads": [
   "cell_type"
  ],
  "cohorts": null,
  "n_hvg": null,
  "n_channels": 1,
  "batch_size": 128,
  "val_frac": 0.15,
  "test_frac": 0.15,
  "d_model": 96,
  "n_heads": 4,
  "d_ff": 192,
  "dropout": 0.1,
  "n_markers": 128,
  "marker_mode": "router",
  "pathway_pool": "mean",
  "compress_mode": "aggregate",
  "recursive_marker_refine": true,
  "peak_init": true,
  "anneal_markers": true,
  "recursion_depth": 4,
  "share_weights": true,
  "share_strategy": "cycle",
  "n_unique_blocks": null,
  "step_cache": false,
  "adaptive_depth": false,
  "marker_ffn": false,
  "recursion_mode": "expert",
  "router_capacity": null,
  "router_alpha": 1.0,
  "router_temp": 1.0,
  "router_type": "linear",
  "router_z_coeff": 0.001,
  "router_balance_coeff": 0.1,
  "gene_interaction": "none",
  "interaction_knn": 16,
  "router_prior_beta": 1.0,
  "router_prior_anneal": true,
  "pathway_attn_bias": false,
  "pathway_attn_lambda": 2.0,
  "lambda_marker": 0.1,
  "gamma_diversity": 0.05,
  "beta_compression": 0.01,
  "lr": 0.001,
  "weight_decay": 1e-05,
  "epochs": 80,
  "patience": 12,
  "seed": 0,
  "device": "cuda"
 },
 "heads": {
  "cell_type": {
   "accuracy": 0.8342618912260754,
   "macro_f1": 0.6122409107743194,
   "weighted_f1": 0.842158327408443,
   "per_class": {
    "0": {
     "precision": 0.5192307692307693,
     "recall": 0.5827338129496403,
     "f1-score": 0.5491525423728814,
     "support": 139.0
    },
    "1": {
     "precision": 0.6428571428571429,
     "recall": 0.6594827586206896,
     "f1-score": 0.6510638297872341,
     "support": 232.0
    },
    "2": {
     "precision": 0.9389920424403183,
     "recall": 0.7884187082405345,
     "f1-score": 0.8571428571428571,
     "support": 449.0
    },
    "3": {
     "precision": 0.6260869565217392,
     "recall": 0.7128712871287128,
     "f1-score": 0.6666666666666666,
     "support": 101.0
    },
    "4": {
     "precision": 0.3472803347280335,
     "recall": 0.7345132743362832,
     "f1-score": 0.4715909090909091,
     "support": 226.0
    },
    "5": {
     "precision": 0.6572395455644187,
     "recall": 0.8337933149340693,
     "f1-score": 0.7350635306839687,
     "support": 3261.0
    },
    "6": {
     "precision": 0.9521828004088188,
     "recall": 0.8614358364705106,
     "f1-score": 0.9045389923367662,
     "support": 15141.0
    },
    "7": {
     "precision": 0.8119568995481404,
     "recall": 0.7786666666666666,
     "f1-score": 0.7949634167092053,
     "support": 3000.0
    },
    "8": {
     "precision": 0.8637781629116118,
     "recall": 0.907832422586521,
     "f1-score": 0.8852575488454707,
     "support": 2745.0
    },
    "9": {
     "precision": 0.7068965517241379,
     "recall": 0.7735849056603774,
     "f1-score": 0.7387387387387387,
     "support": 53.0
    },
    "10": {
     "precision": 0.8571428571428571,
     "recall": 0.375,
     "f1-score": 0.5217391304347826,
     "support": 16.0
    },
    "11": {
     "precision": 0.5135135135135135,
     "recall": 0.59375,
     "f1-score": 0.5507246376811594,
     "support": 32.0
    },
    "12": {
     "precision": 0.47058823529411764,
     "recall": 0.47058823529411764,
     "f1-score": 0.47058823529411764,
     "support": 34.0
    },
    "13": {
     "precision": 0.3351063829787234,
     "recall": 0.63,
     "f1-score": 0.4375,
     "support": 100.0
    },
    "14": {
     "precision": 0.14705882352941177,
     "recall": 0.25,
     "f1-score": 0.18518518518518517,
     "support": 60.0
    },
    "15": {
     "precision": 0.7125748502994012,
     "recall": 0.7828947368421053,
     "f1-score": 0.7460815047021944,
     "support": 152.0
    },
    "16": {
     "precision": 0.40329218106995884,
     "recall": 0.4839506172839506,
     "f1-score": 0.4399551066217733,
     "support": 405.0
    },
    "17": {
     "precision": 0.3507246376811594,
     "recall": 0.5062761506276151,
     "f1-score": 0.4143835616438356,
     "support": 239.0
    },
    "accuracy": 0.8342618912260754,
    "macro avg": {
     "precision": 0.6031390381913485,
     "recall": 0.651432929313433,
     "f1-score": 0.6122409107743194,
     "support": 26385.0
    },
    "weighted avg": {
     "precision": 0.8578077504784359,
     "recall": 0.8342618912260754,
     "f1-score": 0.842158327408443,
     "support": 26385.0
    }
   }
  }
 }
}