{
 "dataset": "prototype",
 "n_samples": 90579,
 "n_features": 752,
 "n_classes": 10,
 "n_train": 53894,
 "n_test": 27174,
 "transformer_params": 75168,
 "total_params": 180693,
 "config": {
  "heads": [
   "cell_type"
  ],
  "cohorts": null,
  "n_hvg": null,
  "n_channels": 1,
  "batch_size": 128,
  "val_frac": 0.15,
  "test_frac": 0.15,
  "d_model": 96,
  "n_heads": 4,
  "d_ff": 192,
  "dropout": 0.1,
  "n_markers": 128,
  "marker_mode": "router",
  "pathway_pool": "mean",
  "compress_mode": "aggregate",
  "recursive_marker_refine": true,
  "peak_init": true,
  "anneal_markers": true,
  "recursion_depth": 4,
  "share_weights": true,
  "share_strategy": "cycle",
  "n_unique_blocks": null,
  "step_cache": false,
  "adaptive_depth": false,
  "marker_ffn": false,
  "recursion_mode": "expert",
  "router_capacity": null,
  "router_alpha": 1.0,
  "router_temp": 1.0,
  "router_type": "linear",
  "router_z_coeff": 0.001,
  "router_balance_coeff": 0.1,
  "gene_interaction": "none",
  "interaction_knn": 16,
  "router_prior_beta": 1.0,
  "router_prior_anneal": true,
  "pathway_attn_bias": false,
  "pathway_attn_lambda": 2.0,
  "lambda_marker": 0.1,
  "gamma_diversity": 0.05,
  "beta_compression": 0.01,
  "lr": 0.001,
  "weight_decay": 1e-05,
  "epochs": 80,
  "patience": 12,
  "seed": 0,
  "device": "cuda"
 },
 "heads": {
  "cell_type": {
   "accuracy": 0.948443364981232,
   "macro_f1": 0.9419931053993482,
   "weighted_f1": 0.9484906720648784,
   "per_class": {
    "0": {
     "precision": 0.950561797752809,
     "recall": 0.9848661233993015,
     "f1-score": 0.967409948542024,
     "support": 859.0
    },
    "1": {
     "precision": 0.9723360655737705,
     "recall": 0.9349753694581281,
     "f1-score": 0.9532898041185334,
     "support": 1015.0
    },
    "2": {
     "precision": 0.9392675011590171,
     "recall": 0.9440820130475303,
     "f1-score": 0.9416686033000232,
     "support": 2146.0
    },
    "3": {
     "precision": 0.9530148786217698,
     "recall": 0.9601577909270217,
     "f1-score": 0.9565730005895068,
     "support": 2535.0
    },
    "4": {
     "precision": 0.8956208758248351,
     "recall": 0.8782352941176471,
     "f1-score": 0.8868428868428868,
     "support": 1700.0
    },
    "5": {
     "precision": 0.8735840507476212,
     "recall": 0.9038912330051571,
     "f1-score": 0.8884792626728111,
     "support": 2133.0
    },
    "6": {
     "precision": 0.9258016405667412,
     "recall": 0.9206525769373378,
     "f1-score": 0.9232199293548987,
     "support": 2697.0
    },
    "7": {
     "precision": 0.9631569441936066,
     "recall": 0.9590001798237727,
     "f1-score": 0.9610740673995315,
     "support": 5561.0
    },
    "8": {
     "precision": 0.9558784676354029,
     "recall": 0.9543656027433395,
     "f1-score": 0.9551214361140443,
     "support": 3791.0
    },
    "9": {
     "precision": 0.98813307904217,
     "recall": 0.9843782985011611,
     "f1-score": 0.9862521150592216,
     "support": 4737.0
    },
    "accuracy": 0.948443364981232,
    "macro avg": {
     "precision": 0.9417355301117742,
     "recall": 0.9424604481960396,
     "f1-score": 0.9419931053993482,
     "support": 27174.0
    },
    "weighted avg": {
     "precision": 0.9486438946148926,
     "recall": 0.948443364981232,
     "f1-score": 0.9484906720648784,
     "support": 27174.0
    }
   }
  }
 }
}