{
 "dataset": "tabula_muris",
 "n_samples": 54865,
 "n_features": 1089,
 "n_classes": 55,
 "n_train": 32645,
 "n_test": 16458,
 "transformer_params": 75168,
 "total_params": 221775,
 "config": {
  "heads": [
   "cell_type"
  ],
  "cohorts": null,
  "n_hvg": null,
  "n_channels": 1,
  "batch_size": 128,
  "val_frac": 0.15,
  "test_frac": 0.15,
  "d_model": 96,
  "n_heads": 4,
  "d_ff": 192,
  "dropout": 0.1,
  "n_markers": 128,
  "marker_mode": "router",
  "pathway_pool": "mean",
  "compress_mode": "aggregate",
  "recursive_marker_refine": true,
  "peak_init": true,
  "anneal_markers": true,
  "recursion_depth": 4,
  "share_weights": true,
  "share_strategy": "cycle",
  "n_unique_blocks": null,
  "step_cache": false,
  "adaptive_depth": false,
  "marker_ffn": false,
  "recursion_mode": "expert",
  "router_capacity": null,
  "router_alpha": 1.0,
  "router_temp": 1.0,
  "router_type": "linear",
  "router_z_coeff": 0.001,
  "router_balance_coeff": 0.1,
  "gene_interaction": "none",
  "interaction_knn": 16,
  "router_prior_beta": 1.0,
  "router_prior_anneal": true,
  "pathway_attn_bias": false,
  "pathway_attn_lambda": 2.0,
  "lambda_marker": 0.1,
  "gamma_diversity": 0.05,
  "beta_compression": 0.01,
  "lr": 0.001,
  "weight_decay": 1e-05,
  "epochs": 80,
  "patience": 12,
  "seed": 0,
  "device": "cuda"
 },
 "heads": {
  "cell_type": {
   "accuracy": 0.8533236116174505,
   "macro_f1": 0.7743224673782357,
   "weighted_f1": 0.8514634696530543,
   "per_class": {
    "0": {
     "precision": 0.9397590361445783,
     "recall": 0.9718649517684887,
     "f1-score": 0.9555423829282751,
     "support": 2488.0
    },
    "1": {
     "precision": 0.4117647058823529,
     "recall": 0.5384615384615384,
     "f1-score": 0.4666666666666667,
     "support": 13.0
    },
    "2": {
     "precision": 0.6666666666666666,
     "recall": 0.7,
     "f1-score": 0.6829268292682927,
     "support": 20.0
    },
    "3": {
     "precision": 0.8181818181818182,
     "recall": 0.8181818181818182,
     "f1-score": 0.8181818181818182,
     "support": 11.0
    },
    "4": {
     "precision": 0.936436884512086,
     "recall": 0.7906273620559335,
     "f1-score": 0.8573770491803279,
     "support": 1323.0
    },
    "5": {
     "precision": 0.941747572815534,
     "recall": 0.9326923076923077,
     "f1-score": 0.9371980676328503,
     "support": 104.0
    },
    "6": {
     "precision": 1.0,
     "recall": 0.9830508474576272,
     "f1-score": 0.9914529914529915,
     "support": 118.0
    },
    "7": {
     "precision": 0.9712689545091779,
     "recall": 0.9171062547098718,
     "f1-score": 0.9434108527131783,
     "support": 1327.0
    },
    "8": {
     "precision": 0.7083333333333334,
     "recall": 0.9444444444444444,
     "f1-score": 0.8095238095238095,
     "support": 18.0
    },
    "9": {
     "precision": 0.936,
     "recall": 0.9722991689750693,
     "f1-score": 0.9538043478260869,
     "support": 361.0
    },
    "10": {
     "precision": 0.9666666666666667,
     "recall": 0.9942857142857143,
     "f1-score": 0.9802816901408451,
     "support": 350.0
    },
    "11": {
     "precision": 0.5113438045375218,
     "recall": 0.8567251461988304,
     "f1-score": 0.6404371584699453,
     "support": 342.0
    },
    "12": {
     "precision": 0.8571428571428571,
     "recall": 1.0,
     "f1-score": 0.9230769230769231,
     "support": 18.0
    },
    "13": {
     "precision": 0.8333333333333334,
     "recall": 1.0,
     "f1-score": 0.9090909090909091,
     "support": 15.0
    },
    "14": {
     "precision": 0.5,
     "recall": 0.7291666666666666,
     "f1-score": 0.5932203389830508,
     "support": 48.0
    },
    "15": {
     "precision": 0.34782608695652173,
     "recall": 0.6153846153846154,
     "f1-score": 0.4444444444444444,
     "support": 13.0
    },
    "16": {
     "precision": 0.875,
     "recall": 0.875,
     "f1-score": 0.875,
     "support": 8.0
    },
    "17": {
     "precision": 0.7222222222222222,
     "recall": 0.6842105263157895,
     "f1-score": 0.7027027027027027,
     "support": 19.0
    },
    "18": {
     "precision": 0.8095238095238095,
     "recall": 0.8947368421052632,
     "f1-score": 0.85,
     "support": 19.0
    },
    "19": {
     "precision": 0.9175977653631285,
     "recall": 0.7702227432590856,
     "f1-score": 0.8374760994263862,
     "support": 853.0
    },
    "20": {
     "precision": 0.8,
     "recall": 0.5,
     "f1-score": 0.6153846153846154,
     "support": 8.0
    },
    "21": {
     "precision": 0.8141891891891891,
     "recall": 0.9233716475095786,
     "f1-score": 0.8653500897666068,
     "support": 261.0
    },
    "22": {
     "precision": 0.8297872340425532,
     "recall": 0.8478260869565217,
     "f1-score": 0.8387096774193549,
     "support": 46.0
    },
    "23": {
     "precision": 0.8307692307692308,
     "recall": 0.7941176470588235,
     "f1-score": 0.8120300751879699,
     "support": 68.0
    },
    "24": {
     "precision": 0.9537037037037037,
     "recall": 0.944954128440367,
     "f1-score": 0.9493087557603687,
     "support": 218.0
    },
    "25": {
     "precision": 0.9035087719298246,
     "recall": 0.911504424778761,
     "f1-score": 0.9074889867841409,
     "support": 113.0
    },
    "26": {
     "precision": 0.8672566371681416,
     "recall": 0.8305084745762712,
     "f1-score": 0.8484848484848485,
     "support": 118.0
    },
    "27": {
     "precision": 0.9962335216572504,
     "recall": 1.0,
     "f1-score": 0.9981132075471698,
     "support": 529.0
    },
    "28": {
     "precision": 0.4166666666666667,
     "recall": 0.7352941176470589,
     "f1-score": 0.5319148936170213,
     "support": 34.0
    },
    "29": {
     "precision": 0.8727678571428571,
     "recall": 0.9630541871921182,
     "f1-score": 0.9156908665105387,
     "support": 406.0
    },
    "30": {
     "precision": 0.899390243902439,
     "recall": 0.9588299024918743,
     "f1-score": 0.9281594126900892,
     "support": 923.0
    },
    "31": {
     "precision": 0.704225352112676,
     "recall": 0.847457627118644,
     "f1-score": 0.7692307692307693,
     "support": 118.0
    },
    "32": {
     "precision": 0.3333333333333333,
     "recall": 0.42857142857142855,
     "f1-score": 0.375,
     "support": 14.0
    },
    "33": {
     "precision": 0.828125,
     "recall": 0.7969924812030075,
     "f1-score": 0.8122605363984674,
     "support": 133.0
    },
    "34": {
     "precision": 0.8652482269503546,
     "recall": 0.8652482269503546,
     "f1-score": 0.8652482269503546,
     "support": 141.0
    },
    "35": {
     "precision": 0.9888268156424581,
     "recall": 0.9860724233983287,
     "f1-score": 0.9874476987447699,
     "support": 359.0
    },
    "36": {
     "precision": 0.8651685393258427,
     "recall": 0.9746835443037974,
     "f1-score": 0.9166666666666666,
     "support": 79.0
    },
    "37": {
     "precision": 0.5045045045045045,
     "recall": 0.5773195876288659,
     "f1-score": 0.5384615384615384,
     "support": 97.0
    },
    "38": {
     "precision": 0.9621212121212122,
     "recall": 0.9202898550724637,
     "f1-score": 0.9407407407407408,
     "support": 138.0
    },
    "39": {
     "precision": 0.8309859154929577,
     "recall": 0.8489208633093526,
     "f1-score": 0.8398576512455516,
     "support": 139.0
    },
    "40": {
     "precision": 0.49,
     "recall": 0.2474747474747475,
     "f1-score": 0.3288590604026846,
     "support": 396.0
    },
    "41": {
     "precision": 0.5,
     "recall": 0.8571428571428571,
     "f1-score": 0.631578947368421,
     "support": 7.0
    },
    "42": {
     "precision": 0.8125,
     "recall": 0.8666666666666667,
     "f1-score": 0.8387096774193549,
     "support": 15.0
    },
    "43": {
     "precision": 0.9754708716600964,
     "recall": 0.9460492778249787,
     "f1-score": 0.9605348285529437,
     "support": 2354.0
    },
    "44": {
     "precision": 0.3517915309446254,
     "recall": 0.9501466275659824,
     "f1-score": 0.5134706814580031,
     "support": 341.0
    },