{
 "dataset": "tcell",
 "n_samples": 24007,
 "n_features": 1089,
 "n_classes": 7,
 "n_train": 14283,
 "n_test": 7203,
 "transformer_params": 75168,
 "total_params": 212463,
 "config": {
  "heads": [
   "cell_type"
  ],
  "cohorts": null,
  "n_hvg": null,
  "n_channels": 1,
  "batch_size": 128,
  "val_frac": 0.15,
  "test_frac": 0.15,
  "d_model": 96,
  "n_heads": 4,
  "d_ff": 192,
  "dropout": 0.1,
  "n_markers": 128,
  "marker_mode": "router",
  "pathway_pool": "mean",
  "compress_mode": "aggregate",
  "recursive_marker_refine": true,
  "peak_init": true,
  "anneal_markers": true,
  "recursion_depth": 4,
  "share_weights": true,
  "share_strategy": "cycle",
  "n_unique_blocks": null,
  "step_cache": false,
  "adaptive_depth": false,
  "marker_ffn": false,
  "recursion_mode": "expert",
  "router_capacity": null,
  "router_alpha": 1.0,
  "router_temp": 1.0,
  "router_type": "linear",
  "router_z_coeff": 0.001,
  "router_balance_coeff": 0.1,
  "gene_interaction": "none",
  "interaction_knn": 16,
  "router_prior_beta": 1.0,
  "router_prior_anneal": true,
  "pathway_attn_bias": false,
  "pathway_attn_lambda": 2.0,
  "lambda_marker": 0.1,
  "gamma_diversity": 0.05,
  "beta_compression": 0.01,
  "lr": 0.001,
  "weight_decay": 1e-05,
  "epochs": 80,
  "patience": 12,
  "seed": 0,
  "device": "cuda"
 },
 "heads": {
  "cell_type": {
   "accuracy": 0.5879494655004859,
   "macro_f1": 0.4873736680603436,
   "weighted_f1": 0.6477244662790049,
   "per_class": {
    "0": {
     "precision": 0.3333333333333333,
     "recall": 0.6448979591836734,
     "f1-score": 0.43949930458970793,
     "support": 245.0
    },
    "1": {
     "precision": 0.8056872037914692,
     "recall": 0.6284658040665434,
     "f1-score": 0.7061266874350987,
     "support": 541.0
    },
    "2": {
     "precision": 0.9103139013452914,
     "recall": 0.6216097987751531,
     "f1-score": 0.7387574733558617,
     "support": 4572.0
    },
    "3": {
     "precision": 0.09326845093268452,
     "recall": 0.35714285714285715,
     "f1-score": 0.14790996784565916,
     "support": 322.0
    },
    "4": {
     "precision": 0.5240847784200385,
     "recall": 0.41590214067278286,
     "f1-score": 0.463768115942029,
     "support": 654.0
    },
    "5": {
     "precision": 0.7066381156316917,
     "recall": 0.5729166666666666,
     "f1-score": 0.6327900287631831,
     "support": 576.0
    },
    "6": {
     "precision": 0.18426501035196688,
     "recall": 0.6075085324232082,
     "f1-score": 0.28276409849086576,
     "support": 293.0
    },
    "accuracy": 0.5879494655004859,
    "macro avg": {
     "precision": 0.508227256258068,
     "recall": 0.5497776798472692,
     "f1-score": 0.4873736680603436,
     "support": 7203.0
    },
    "weighted avg": {
     "precision": 0.7654165888924801,
     "recall": 0.5879494655004859,
     "f1-score": 0.6477244662790049,
     "support": 7203.0
    }
   }
  }
 }
}