{
 "family": "pnet",
 "cohort": "prostate",
 "task": "response",
 "mode": "learned",
 "K": 4,
 "n_features": 3000,
 "n_classes": 2,
 "n_samples": 1011,
 "n_folds": 5,
 "seed": 42,
 "val_frac": 0.1,
 "cv_macro_f1": {
  "mean": 65.24742919406368,
  "std": 2.0805514597862493,
  "folds": [
   65.95791805094132,
   61.388977381331635,
   65.81305662680688,
   67.67808462723717,
   65.39910928400137
  ]
 },
 "cv_accuracy": {
  "mean": 70.32287957859825,
  "std": 3.384558314805146,
  "folds": [
   73.89162561576354,
   64.35643564356435,
   69.80198019801979,
   73.26732673267327,
   70.29702970297029
  ]
 },
 "cv_pos_f1": {
  "mean": 53.519405151307,
  "std": 4.094627033770408,
  "folds": [
   61.42857142857143,
   50.306748466257666,
   53.03030303030303,
   50.45045045045045,
   52.38095238095239
  ]
 }
}