{
 "family": "pnet",
 "cohort": "prostate",
 "task": "response",
 "mode": "random",
 "K": 4,
 "n_features": 3000,
 "n_classes": 2,
 "n_samples": 1011,
 "n_folds": 5,
 "seed": 42,
 "val_frac": 0.1,
 "cv_macro_f1": {
  "mean": 66.37676650572475,
  "std": 4.8675817041604885,
  "folds": [
   67.77777777777779,
   57.28878167902558,
   68.97393931763818,
   71.5875733855186,
   66.25576036866359
  ]
 },
 "cv_accuracy": {
  "mean": 71.11642198702629,
  "std": 4.000937407533584,
  "folds": [
   72.41379310344827,
   64.85148514851485,
   69.80198019801979,
   77.22772277227723,
   71.28712871287128
  ]
 }
}