{
 "family": "pnet",
 "cohort": "prostate",
 "task": "response",
 "mode": "learned",
 "K": 4,
 "n_features": 3000,
 "n_classes": 2,
 "n_samples": 1011,
 "n_folds": 5,
 "seed": 42,
 "val_frac": 0.1,
 "cv_macro_f1": {
  "mean": 64.07826732935344,
  "std": 5.005946477009999,
  "folds": [
   71.90730741052289,
   62.31343283582089,
   64.20978029766124,
   56.41542002301496,
   65.54539607974723
  ]
 },
 "cv_accuracy": {
  "mean": 69.33180510169244,
  "std": 3.3690844014303862,
  "folds": [
   74.8768472906404,
   66.33663366336634,
   65.34653465346535,
   70.29702970297029,
   69.80198019801979
  ]
 }
}