{
 "dataset": "baron",
 "config": "bio",
 "seed": 1,
 "n_classes": 14,
 "n_test": 2571,
 "nll": 0.7555795361634686,
 "ece": 0.027805868109539826,
 "brier": 0.3704900441046531,
 "conf": 0.7269836501421441,
 "auroc": 0.8061246804973076
}