{
 "dataset": "blca",
 "config": "bio",
 "seed": 1,
 "n_classes": 2,
 "n_test": 81,
 "nll": 0.6822769269032752,
 "ece": 0.14186308487195096,
 "brier": 0.48913742485939943,
 "conf": 0.5238710815004352,
 "auroc": 0.4403183023872679
}