{
 "dataset": "common_class",
 "config": "bio",
 "seed": 1,
 "n_classes": 19,
 "n_test": 8250,
 "nll": 0.6686353699961755,
 "ece": 0.03649253980854587,
 "brier": 0.2729031125927731,
 "conf": 0.8493012726745901,
 "auroc": 0.8370172832844762
}