{
 "dataset": "lung",
 "config": "bio",
 "seed": 1,
 "n_classes": 25,
 "n_test": 17106,
 "nll": 0.6524190598494577,
 "ece": 0.06152851764759004,
 "brier": 0.2910756042201609,
 "conf": 0.8653055550485518,
 "auroc": 0.8205979312215399
}