{
 "dataset": "oesophagus",
 "config": "bio",
 "seed": 1,
 "n_classes": 18,
 "n_test": 26385,
 "nll": 0.5676185315140949,
 "ece": 0.025107358048363174,
 "brier": 0.29157147563994484,
 "conf": 0.8176091995514134,
 "auroc": 0.8208960721139665
}