{
 "dataset": "pancreas",
 "config": "bio",
 "seed": 1,
 "n_classes": 15,
 "n_test": 2127,
 "nll": 0.4059609860352446,
 "ece": 0.02962195959012515,
 "brier": 0.116047144472612,
 "conf": 0.9587958153911896,
 "auroc": 0.7817769532055248
}