{
 "dataset": "panmeta_subtype",
 "config": "bio",
 "seed": 1,
 "n_classes": 32,
 "n_test": 1718,
 "nll": 1.2008384385323672,
 "ece": 0.03174266732132314,
 "brier": 0.480789657233541,
 "conf": 0.6175002819634274,
 "auroc": 0.809666903745851
}