{
 "dataset": "prostate",
 "config": "bio",
 "seed": 1,
 "n_classes": 2,
 "n_test": 203,
 "nll": 5.121057284901591,
 "ece": 0.29568866094327395,
 "brier": 0.6399286670438025,
 "conf": 0.8394867914570572,
 "auroc": 0.42584293640631665
}