{
 "dataset": "segerstolpe",
 "config": "bio",
 "seed": 1,
 "n_classes": 10,
 "n_test": 637,
 "nll": 2.236447505226193,
 "ece": 0.011555714190671307,
 "brier": 0.8876291469786113,
 "conf": 0.12031241767746056,
 "auroc": 0.6398002238870233
}