{
 "dataset": "spleen",
 "config": "bio",
 "seed": 1,
 "n_classes": 28,
 "n_test": 28239,
 "nll": 1.3985827282768262,
 "ece": 0.011387059878041176,
 "brier": 0.5933679827798571,
 "conf": 0.529584164950395,
 "auroc": 0.7593557902074158
}