{
 "dataset": "stad",
 "config": "bio",
 "seed": 1,
 "n_classes": 2,
 "n_test": 83,
 "nll": 0.6850204312021417,
 "ece": 0.04522294687999581,
 "brier": 0.49181330318147864,
 "conf": 0.5646490672421988,
 "auroc": 0.43217286914765907
}