{
 "dataset": "tabula_muris",
 "config": "bio",
 "seed": 1,
 "n_classes": 55,
 "n_test": 16458,
 "nll": 1.029618366441666,
 "ece": 0.0947430473123589,
 "brier": 0.2915076091952218,
 "conf": 0.9120963101632521,
 "auroc": 0.8067764757925917
}