{
 "dataset": "tcell",
 "config": "bio",
 "seed": 1,
 "n_classes": 7,
 "n_test": 7203,
 "nll": 1.0082133710750298,
 "ece": 0.0208790118158977,
 "brier": 0.49935487497864506,
 "conf": 0.6352052690063782,
 "auroc": 0.7299165520628847
}