{
 "dataset": "baron",
 "config": "independent",
 "seed": 0,
 "n_classes": 14,
 "n_test": 2571,
 "nll": 0.4928501511870792,
 "ece": 0.05846836742267636,
 "brier": 0.18072315756645535,
 "conf": 0.9451099784248245,
 "auroc": 0.8512065237498825
}