{
 "dataset": "blca",
 "config": "independent",
 "seed": 0,
 "n_classes": 2,
 "n_test": 81,
 "nll": 8.042478571468326,
 "ece": 0.3319363804390877,
 "brier": 0.6396980796689667,
 "conf": 0.9768211639837456,
 "auroc": 0.5633423180592991
}