{
 "dataset": "common_class",
 "config": "independent",
 "seed": 0,
 "n_classes": 19,
 "n_test": 8250,
 "nll": 0.6706368791286695,
 "ece": 0.0341387119131126,
 "brier": 0.27741922570778316,
 "conf": 0.843472045246446,
 "auroc": 0.8521086657702177
}