{
 "dataset": "lung",
 "config": "independent",
 "seed": 0,
 "n_classes": 25,
 "n_test": 17106,
 "nll": 0.6226357212997934,
 "ece": 0.04745162073021257,
 "brier": 0.3035810696560692,
 "conf": 0.8292954753354886,
 "auroc": 0.8369532960770709
}