{
 "dataset": "oesophagus",
 "config": "independent",
 "seed": 0,
 "n_classes": 18,
 "n_test": 26385,
 "nll": 0.5553505063063345,
 "ece": 0.014341914978729334,
 "brier": 0.2740352329245017,
 "conf": 0.8225295958695443,
 "auroc": 0.8189592372869148
}