{
 "dataset": "pancreas",
 "config": "independent",
 "seed": 0,
 "n_classes": 15,
 "n_test": 2127,
 "nll": 0.7923969861713029,
 "ece": 0.03749277062665508,
 "brier": 0.2360966313947491,
 "conf": 0.8646649617012763,
 "auroc": 0.747873662243518
}