{
 "dataset": "panmeta_subtype",
 "config": "independent",
 "seed": 0,
 "n_classes": 32,
 "n_test": 1718,
 "nll": 1.770599343357429,
 "ece": 0.12482046270875906,
 "brier": 0.6747245783433711,
 "conf": 0.6254025348857091,
 "auroc": 0.7109150539383098
}