{
 "dataset": "prostate",
 "config": "independent",
 "seed": 0,
 "n_classes": 2,
 "n_test": 203,
 "nll": 6.427637412466135,
 "ece": 0.32065182263753356,
 "brier": 0.716318255693102,
 "conf": 0.9183891170711559,
 "auroc": 0.4214430894308943
}