{
 "dataset": "prototype",
 "config": "independent",
 "seed": 0,
 "n_classes": 10,
 "n_test": 27174,
 "nll": 0.23711227742725946,
 "ece": 0.033360562527862535,
 "brier": 0.08532376655452102,
 "conf": 0.9818775272735754,
 "auroc": 0.9185915947999438
}