{
 "dataset": "segerstolpe",
 "config": "independent",
 "seed": 0,
 "n_classes": 10,
 "n_test": 637,
 "nll": 2.2501489960675447,
 "ece": 0.114179549372869,
 "brier": 0.8895073773760217,
 "conf": 0.11815954010907762,
 "auroc": 0.4486818106450009
}