{
 "dataset": "spleen",
 "config": "independent",
 "seed": 0,
 "n_classes": 28,
 "n_test": 28239,
 "nll": 1.3585351592597614,
 "ece": 0.03547497816436761,
 "brier": 0.5962915557422078,
 "conf": 0.5660178444131725,
 "auroc": 0.7394126125774505
}