{
 "dataset": "stad",
 "config": "independent",
 "seed": 0,
 "n_classes": 2,
 "n_test": 83,
 "nll": 0.6917057737957882,
 "ece": 0.08569558016893541,
 "brier": 0.4985584754563667,
 "conf": 0.5046658656141971,
 "auroc": 0.521608643457383
}