{
 "dataset": "tabula_muris",
 "config": "independent",
 "seed": 0,
 "n_classes": 55,
 "n_test": 16458,
 "nll": 1.0479042652092412,
 "ece": 0.10320979175887418,
 "brier": 0.2851679718736005,
 "conf": 0.9255019145663388,
 "auroc": 0.7910207580074264
}