{
 "dataset": "tcell",
 "config": "independent",
 "seed": 0,
 "n_classes": 7,
 "n_test": 7203,
 "nll": 1.0091964105883324,
 "ece": 0.12919756794953716,
 "brier": 0.5324842460821338,
 "conf": 0.5315812324840614,
 "auroc": 0.6866902453727703
}