{
 "family": "pnet",
 "cohort": "stad",
 "task": "response",
 "mode": "learned",
 "K": 2,
 "n_features": 3000,
 "n_classes": 2,
 "n_samples": 414,
 "n_folds": 5,
 "seed": 42,
 "val_frac": 0.1,
 "cv_macro_f1": {
  "mean": 56.298099627068254,
  "std": 4.498503859093355,
  "folds": [
   50.40880503144653,
   62.272727272727266,
   52.57142857142857,
   55.851063829787236,
   60.38647342995169
  ]
 },
 "cv_accuracy": {
  "mean": 57.737290625918305,
  "std": 4.09568983561,
  "folds": [
   54.21686746987952,
   63.85542168674698,
   53.01204819277109,
   56.62650602409639,
   60.97560975609756
  ]
 },
 "cv_pos_f1": {
  "mean": 68.81750521245827,
  "std": 3.94047933730478,
  "folds": [
   66.66666666666666,
   76.27118644067797,
   67.22689075630252,
   64.95726495726495,
   68.96551724137932
  ]
 }
}