{
 "task": "pathologic_N",
 "n_samples": 2738,
 "n_genes": 20530,
 "n_classes": 4,
 "n_train": 1861,
 "n_test": 548,
 "transformer_params": 530432,
 "total_params": 3225737,
 "mean_recursion_depth": 2.75,
 "compute_saving_ratio": 0.6015625,
 "config": {
  "heads": [
   "pathologic_N"
  ],
  "cohorts": null,
  "n_hvg": null,
  "batch_size": 32,
  "val_frac": 0.15,
  "test_frac": 0.15,
  "d_model": 128,
  "n_heads": 4,
  "d_ff": 256,
  "dropout": 0.1,
  "n_markers": 256,
  "marker_mode": "router",
  "compress_mode": "aggregate",
  "recursive_marker_refine": true,
  "peak_init": true,
  "anneal_markers": true,
  "recursion_depth": 4,
  "share_weights": false,
  "adaptive_depth": false,
  "marker_ffn": false,
  "recursion_mode": "expert",
  "router_capacity": null,
  "router_alpha": 1.0,
  "router_temp": 1.0,
  "router_type": "linear",
  "router_z_coeff": 0.001,
  "router_balance_coeff": 0.1,
  "gene_interaction": "none",
  "interaction_knn": 16,
  "router_prior_beta": 1.0,
  "router_prior_anneal": true,
  "lambda_marker": 0.1,
  "gamma_diversity": 0.05,
  "beta_compression": 0.01,
  "lr": 0.0003,
  "weight_decay": 0.01,
  "epochs": 40,
  "patience": 8,
  "seed": 42,
  "device": "cuda"
 },
 "heads": {
  "pathologic_N": {
   "accuracy": 0.46715328467153283,
   "macro_f1": 0.33781622064603856,
   "weighted_f1": 0.4761426159888865,
   "per_class": {
    "0": {
     "precision": 0.6467661691542289,
     "recall": 0.4406779661016949,
     "f1-score": 0.5241935483870968,
     "support": 295.0
    },
    "1": {
     "precision": 0.43478260869565216,
     "recall": 0.5421686746987951,
     "f1-score": 0.48257372654155495,
     "support": 166.0
    },
    "2": {
     "precision": 0.2706766917293233,
     "recall": 0.47368421052631576,
     "f1-score": 0.3444976076555024,
     "support": 76.0
    },
    "3": {
     "precision": 0.0,
     "recall": 0.0,
     "f1-score": 0.0,
     "support": 11.0
    },
    "accuracy": 0.46715328467153283,
    "macro avg": {
     "precision": 0.3380563673948011,
     "recall": 0.36413271283170145,
     "f1-score": 0.33781622064603856,
     "support": 548.0
    },
    "weighted avg": {
     "precision": 0.5174112436412488,
     "recall": 0.46715328467153283,
     "f1-score": 0.4761426159888865,
     "support": 548.0
    }
   }
  }
 }
}