{
 "task": "pathologic_stage",
 "n_samples": 2738,
 "n_genes": 20530,
 "n_classes": 4,
 "n_train": 1861,
 "n_test": 548,
 "transformer_params": 530432,
 "total_params": 3225737,
 "mean_recursion_depth": 2.75,
 "compute_saving_ratio": 0.6015625,
 "config": {
  "heads": [
   "pathologic_stage"
  ],
  "cohorts": null,
  "n_hvg": null,
  "batch_size": 32,
  "val_frac": 0.15,
  "test_frac": 0.15,
  "d_model": 128,
  "n_heads": 4,
  "d_ff": 256,
  "dropout": 0.1,
  "n_markers": 256,
  "marker_mode": "router",
  "compress_mode": "aggregate",
  "recursive_marker_refine": true,
  "peak_init": true,
  "anneal_markers": true,
  "recursion_depth": 4,
  "share_weights": false,
  "adaptive_depth": false,
  "marker_ffn": false,
  "recursion_mode": "expert",
  "router_capacity": null,
  "router_alpha": 1.0,
  "router_temp": 1.0,
  "router_type": "linear",
  "router_z_coeff": 0.001,
  "router_balance_coeff": 0.1,
  "gene_interaction": "none",
  "interaction_knn": 16,
  "router_prior_beta": 1.0,
  "router_prior_anneal": true,
  "lambda_marker": 0.1,
  "gamma_diversity": 0.05,
  "beta_compression": 0.01,
  "lr": 0.0003,
  "weight_decay": 0.01,
  "epochs": 40,
  "patience": 8,
  "seed": 42,
  "device": "cuda"
 },
 "heads": {
  "pathologic_stage": {
   "accuracy": 0.4908759124087591,
   "macro_f1": 0.46799207828090433,
   "weighted_f1": 0.4846693502550131,
   "per_class": {
    "0": {
     "precision": 0.5742574257425742,
     "recall": 0.6010362694300518,
     "f1-score": 0.5873417721518988,
     "support": 193.0
    },
    "1": {
     "precision": 0.5283018867924528,
     "recall": 0.4745762711864407,
     "f1-score": 0.5,
     "support": 177.0
    },
    "2": {
     "precision": 0.23076923076923078,
     "recall": 0.19811320754716982,
     "f1-score": 0.2131979695431472,
     "support": 106.0
    },
    "3": {
     "precision": 0.5,
     "recall": 0.6666666666666666,
     "f1-score": 0.5714285714285714,
     "support": 72.0
    },
    "accuracy": 0.4908759124087591,
    "macro avg": {
     "precision": 0.45833213582606447,
     "recall": 0.4850981037075822,
     "f1-score": 0.46799207828090433,
     "support": 548.0
    },
    "weighted avg": {
     "precision": 0.48321652480313765,
     "recall": 0.4908759124087591,
     "f1-score": 0.4846693502550131,
     "support": 548.0
    }
   }
  }
 }
}