{
 "task": "pathologic_T",
 "n_samples": 2738,
 "n_genes": 20530,
 "n_classes": 4,
 "n_train": 1861,
 "n_test": 548,
 "transformer_params": 530432,
 "total_params": 3225737,
 "mean_recursion_depth": 2.75,
 "compute_saving_ratio": 0.6015625,
 "config": {
  "heads": [
   "pathologic_T"
  ],
  "cohorts": null,
  "n_hvg": null,
  "batch_size": 32,
  "val_frac": 0.15,
  "test_frac": 0.15,
  "d_model": 128,
  "n_heads": 4,
  "d_ff": 256,
  "dropout": 0.1,
  "n_markers": 256,
  "marker_mode": "router",
  "compress_mode": "aggregate",
  "recursive_marker_refine": true,
  "peak_init": true,
  "anneal_markers": true,
  "recursion_depth": 4,
  "share_weights": false,
  "adaptive_depth": false,
  "marker_ffn": false,
  "recursion_mode": "expert",
  "router_capacity": null,
  "router_alpha": 1.0,
  "router_temp": 1.0,
  "router_type": "linear",
  "router_z_coeff": 0.001,
  "router_balance_coeff": 0.1,
  "gene_interaction": "none",
  "interaction_knn": 16,
  "router_prior_beta": 1.0,
  "router_prior_anneal": true,
  "lambda_marker": 0.1,
  "gamma_diversity": 0.05,
  "beta_compression": 0.01,
  "lr": 0.0003,
  "weight_decay": 0.01,
  "epochs": 40,
  "patience": 8,
  "seed": 42,
  "device": "cuda"
 },
 "heads": {
  "pathologic_T": {
   "accuracy": 0.4653284671532847,
   "macro_f1": 0.45239730526699085,
   "weighted_f1": 0.4722337782853857,
   "per_class": {
    "0": {
     "precision": 0.4785714285714286,
     "recall": 0.4785714285714286,
     "f1-score": 0.4785714285714286,
     "support": 140.0
    },
    "1": {
     "precision": 0.6306818181818182,
     "recall": 0.4188679245283019,
     "f1-score": 0.5034013605442177,
     "support": 265.0
    },
    "2": {
     "precision": 0.3412698412698413,
     "recall": 0.4673913043478261,
     "f1-score": 0.3944954128440367,
     "support": 92.0
    },
    "3": {
     "precision": 0.32075471698113206,
     "recall": 0.6666666666666666,
     "f1-score": 0.43312101910828027,
     "support": 51.0
    },
    "accuracy": 0.4653284671532847,
    "macro avg": {
     "precision": 0.442819451251055,
     "recall": 0.5078743310285558,
     "f1-score": 0.45239730526699085,
     "support": 548.0
    },
    "weighted avg": {
     "precision": 0.5143905068997171,
     "recall": 0.4653284671532847,
     "f1-score": 0.4722337782853857,
     "support": 548.0
    }
   }
  }
 }
}