{
 "dataset": "Wang",
 "mode": "learned",
 "K": 4,
 "seed": 2,
 "n_markers": 128,
 "test_macro_f1": 34.417049347140534,
 "test_accuracy": 50.72463768115942,
 "val_macro_f1": 45.539856968428396,
 "n_features": 2000,
 "n_classes": 7,
 "n_samples": 457,
 "learned_lambda": 0.20669686794281006,
 "bio_anchor_have": false
}