{
 "dataset": "baron",
 "n_samples": 8569,
 "n_features": 1936,
 "n_classes": 14,
 "n_train": 5098,
 "n_test": 2571,
 "transformer_params": 75168,
 "total_params": 285917,
 "config": {
  "heads": [
   "cell_type"
  ],
  "cohorts": null,
  "n_hvg": null,
  "n_channels": 1,
  "batch_size": 128,
  "val_frac": 0.15,
  "test_frac": 0.15,
  "d_model": 96,
  "n_heads": 4,
  "d_ff": 192,
  "dropout": 0.1,
  "n_markers": 32,
  "marker_mode": "router",
  "pathway_pool": "mean",
  "compress_mode": "aggregate",
  "recursive_marker_refine": true,
  "peak_init": true,
  "anneal_markers": true,
  "recursion_depth": 4,
  "share_weights": true,
  "share_strategy": "cycle",
  "n_unique_blocks": null,
  "step_cache": false,
  "adaptive_depth": false,
  "marker_ffn": false,
  "recursion_mode": "expert",
  "router_capacity": null,
  "router_alpha": 1.0,
  "router_temp": 1.0,
  "router_type": "linear",
  "router_z_coeff": 0.001,
  "router_balance_coeff": 0.1,
  "gene_interaction": "none",
  "interaction_knn": 16,
  "router_prior_beta": 1.0,
  "router_prior_anneal": true,
  "pathway_attn_bias": false,
  "pathway_attn_lambda": 2.0,
  "lambda_marker": 0.1,
  "gamma_diversity": 0.05,
  "beta_compression": 0.01,
  "lr": 0.001,
  "weight_decay": 1e-05,
  "epochs": 80,
  "patience": 12,
  "seed": 1,
  "device": "cuda"
 },
 "heads": {
  "cell_type": {
   "accuracy": 0.5978218591987553,
   "macro_f1": 0.4048924054352992,
   "weighted_f1": 0.632740570859669,
   "per_class": {
    "0": {
     "precision": 0.8362369337979094,
     "recall": 0.8362369337979094,
     "f1-score": 0.8362369337979094,
     "support": 287.0
    },
    "1": {
     "precision": 0.42424242424242425,
     "recall": 0.6588235294117647,
     "f1-score": 0.5161290322580645,
     "support": 85.0
    },
    "2": {
     "precision": 0.8298319327731093,
     "recall": 0.5659025787965616,
     "f1-score": 0.6729131175468483,
     "support": 698.0
    },
    "3": {
     "precision": 0.8452088452088452,
     "recall": 0.45382585751978893,
     "f1-score": 0.590557939914163,
     "support": 758.0
    },
    "4": {
     "precision": 0.32577903682719545,
     "recall": 0.6388888888888888,
     "f1-score": 0.43151969981238275,
     "support": 180.0
    },
    "5": {
     "precision": 0.842809364548495,
     "recall": 0.7801857585139319,
     "f1-score": 0.8102893890675241,
     "support": 323.0
    },
    "6": {
     "precision": 0.4672897196261682,
     "recall": 0.6578947368421053,
     "f1-score": 0.546448087431694,
     "support": 76.0
    },
    "7": {
     "precision": 0.0,
     "recall": 0.0,
     "f1-score": 0.0,
     "support": 5.0
    },
    "8": {
     "precision": 0.14084507042253522,
     "recall": 0.6493506493506493,
     "f1-score": 0.23148148148148148,
     "support": 77.0
    },
    "9": {
     "precision": 0.3333333333333333,
     "recall": 0.35294117647058826,
     "f1-score": 0.34285714285714286,
     "support": 17.0
    },
    "10": {
     "precision": 0.1,
     "recall": 0.14285714285714285,
     "f1-score": 0.11764705882352941,
     "support": 7.0
    },
    "11": {
     "precision": 0.2903225806451613,
     "recall": 0.5192307692307693,
     "f1-score": 0.3724137931034483,
     "support": 52.0
    },
    "12": {
     "precision": 0.16666666666666666,
     "recall": 0.25,
     "f1-score": 0.2,
     "support": 4.0
    },
    "13": {
     "precision": 0.0,
     "recall": 0.0,
     "f1-score": 0.0,
     "support": 2.0
    },
    "accuracy": 0.5978218591987553,
    "macro avg": {
     "precision": 0.40018327914941726,
     "recall": 0.46472414440572146,
     "f1-score": 0.4048924054352992,
     "support": 2571.0
    },
    "weighted avg": {
     "precision": 0.7371872609193333,
     "recall": 0.5978218591987553,
     "f1-score": 0.632740570859669,
     "support": 2571.0
    }
   }
  }
 }
}