{
 "dataset": "lung",
 "n_samples": 57020,
 "n_features": 1089,
 "n_classes": 25,
 "n_train": 33926,
 "n_test": 17106,
 "transformer_params": 75168,
 "total_params": 206739,
 "config": {
  "heads": [
   "cell_type"
  ],
  "cohorts": null,
  "n_hvg": null,
  "n_channels": 1,
  "batch_size": 128,
  "val_frac": 0.15,
  "test_frac": 0.15,
  "d_model": 96,
  "n_heads": 4,
  "d_ff": 192,
  "dropout": 0.1,
  "n_markers": 32,
  "marker_mode": "router",
  "pathway_pool": "mean",
  "compress_mode": "aggregate",
  "recursive_marker_refine": true,
  "peak_init": true,
  "anneal_markers": true,
  "recursion_depth": 4,
  "share_weights": true,
  "share_strategy": "cycle",
  "n_unique_blocks": null,
  "step_cache": false,
  "adaptive_depth": false,
  "marker_ffn": false,
  "recursion_mode": "expert",
  "router_capacity": null,
  "router_alpha": 1.0,
  "router_temp": 1.0,
  "router_type": "linear",
  "router_z_coeff": 0.001,
  "router_balance_coeff": 0.1,
  "gene_interaction": "none",
  "interaction_knn": 16,
  "router_prior_beta": 1.0,
  "router_prior_anneal": true,
  "pathway_attn_bias": false,
  "pathway_attn_lambda": 2.0,
  "lambda_marker": 0.1,
  "gamma_diversity": 0.05,
  "beta_compression": 0.01,
  "lr": 0.001,
  "weight_decay": 1e-05,
  "epochs": 80,
  "patience": 12,
  "seed": 1,
  "device": "cuda"
 },
 "heads": {
  "cell_type": {
   "accuracy": 0.4866713433882848,
   "macro_f1": 0.38605019915350774,
   "weighted_f1": 0.515672138929789,
   "per_class": {
    "0": {
     "precision": 0.2631578947368421,
     "recall": 0.5458515283842795,
     "f1-score": 0.35511363636363635,
     "support": 229.0
    },
    "1": {
     "precision": 0.958079268292683,
     "recall": 0.8959372772630079,
     "f1-score": 0.9259668508287293,
     "support": 1403.0
    },
    "2": {
     "precision": 0.5355086372360844,
     "recall": 0.6,
     "f1-score": 0.565922920892495,
     "support": 465.0
    },
    "3": {
     "precision": 0.37188208616780044,
     "recall": 0.40594059405940597,
     "f1-score": 0.3881656804733728,
     "support": 808.0
    },
    "4": {
     "precision": 0.3435114503816794,
     "recall": 0.6428571428571429,
     "f1-score": 0.44776119402985076,
     "support": 140.0
    },
    "5": {
     "precision": 0.10059171597633136,
     "recall": 0.3469387755102041,
     "f1-score": 0.1559633027522936,
     "support": 49.0
    },
    "6": {
     "precision": 0.3723404255319149,
     "recall": 0.3630705394190871,
     "f1-score": 0.36764705882352944,
     "support": 482.0
    },
    "7": {
     "precision": 0.33980582524271846,
     "recall": 0.4794520547945205,
     "f1-score": 0.3977272727272727,
     "support": 73.0
    },
    "8": {
     "precision": 0.04205607476635514,
     "recall": 0.4864864864864865,
     "f1-score": 0.07741935483870968,
     "support": 37.0
    },
    "9": {
     "precision": 0.08653846153846154,
     "recall": 0.6428571428571429,
     "f1-score": 0.15254237288135594,
     "support": 14.0
    },
    "10": {
     "precision": 0.7803030303030303,
     "recall": 0.5940879596250901,
     "f1-score": 0.6745804338927548,
     "support": 1387.0
    },
    "11": {
     "precision": 0.15463917525773196,
     "recall": 0.44554455445544555,
     "f1-score": 0.22959183673469388,
     "support": 101.0
    },
    "12": {
     "precision": 0.34285714285714286,
     "recall": 0.42857142857142855,
     "f1-score": 0.38095238095238093,
     "support": 28.0
    },
    "13": {
     "precision": 0.16417910447761194,
     "recall": 0.35231316725978645,
     "f1-score": 0.2239819004524887,
     "support": 281.0
    },
    "14": {
     "precision": 0.839332748024583,
     "recall": 0.7060561299852289,
     "f1-score": 0.7669474528680305,
     "support": 1354.0
    },
    "15": {
     "precision": 0.3276073619631902,
     "recall": 0.6116838487972509,
     "f1-score": 0.4266879744306832,
     "support": 873.0
    },
    "16": {
     "precision": 0.6565821749795585,
     "recall": 0.4412087912087912,
     "f1-score": 0.527768649359185,
     "support": 1820.0
    },
    "17": {
     "precision": 0.25121951219512195,
     "recall": 0.4087301587301587,
     "f1-score": 0.311178247734139,
     "support": 252.0
    },
    "18": {
     "precision": 0.6826022671266634,
     "recall": 0.4432,
     "f1-score": 0.5374466433837796,
     "support": 3125.0
    },
    "19": {
     "precision": 0.1271186440677966,
     "recall": 0.38461538461538464,
     "f1-score": 0.1910828025477707,
     "support": 39.0
    },
    "20": {
     "precision": 0.6966292134831461,
     "recall": 0.7209302325581395,
     "f1-score": 0.7085714285714285,
     "support": 86.0
    },
    "21": {
     "precision": 0.5435393258426966,
     "recall": 0.3578363384188627,
     "f1-score": 0.4315584053526624,
     "support": 2163.0
    },
    "22": {
     "precision": 0.2925577416595381,
     "recall": 0.19803126809496235,
     "f1-score": 0.2361878453038674,
     "support": 1727.0
    },
    "23": {
     "precision": 0.0847457627118644,
     "recall": 0.19230769230769232,
     "f1-score": 0.11764705882352941,
     "support": 26.0
    },
    "24": {
     "precision": 0.02986425339366516,
     "recall": 0.22916666666666666,
     "f1-score": 0.05284227381905524,
     "support": 144.0
    },
    "accuracy": 0.4866713433882848,
    "macro avg": {
     "precision": 0.3754899719285685,
     "recall": 0.47694700651704663,
     "f1-score": 0.38605019915350774,
     "support": 17106.0
    },
    "weighted avg": {
     "precision": 0.5807206251384106,
     "recall": 0.4866713433882848,
     "f1-score": 0.515672138929789,
     "support": 17106.0
    }
   }
  }
 }
}