{
 "dataset": "tabula_muris",
 "n_samples": 54865,
 "n_features": 1089,
 "n_classes": 55,
 "n_train": 32645,
 "n_test": 16458,
 "transformer_params": 75168,
 "total_params": 212559,
 "config": {
  "heads": [
   "cell_type"
  ],
  "cohorts": null,
  "n_hvg": null,
  "n_channels": 1,
  "batch_size": 128,
  "val_frac": 0.15,
  "test_frac": 0.15,
  "d_model": 96,
  "n_heads": 4,
  "d_ff": 192,
  "dropout": 0.1,
  "n_markers": 32,
  "marker_mode": "router",
  "pathway_pool": "mean",
  "compress_mode": "aggregate",
  "recursive_marker_refine": true,
  "peak_init": true,
  "anneal_markers": true,
  "recursion_depth": 4,
  "share_weights": true,
  "share_strategy": "cycle",
  "n_unique_blocks": null,
  "step_cache": false,
  "adaptive_depth": false,
  "marker_ffn": false,
  "recursion_mode": "expert",
  "router_capacity": null,
  "router_alpha": 1.0,
  "router_temp": 1.0,
  "router_type": "linear",
  "router_z_coeff": 0.001,
  "router_balance_coeff": 0.1,
  "gene_interaction": "none",
  "interaction_knn": 16,
  "router_prior_beta": 1.0,
  "router_prior_anneal": true,
  "pathway_attn_bias": false,
  "pathway_attn_lambda": 2.0,
  "lambda_marker": 0.1,
  "gamma_diversity": 0.05,
  "beta_compression": 0.01,
  "lr": 0.001,
  "weight_decay": 1e-05,
  "epochs": 80,
  "patience": 12,
  "seed": 1,
  "device": "cuda"
 },
 "heads": {
  "cell_type": {
   "accuracy": 0.5749787337465062,
   "macro_f1": 0.45464465398632986,
   "weighted_f1": 0.6101931499510659,
   "per_class": {
    "0": {
     "precision": 0.9688967136150235,
     "recall": 0.6635852090032154,
     "f1-score": 0.7876908396946565,
     "support": 2488.0
    },
    "1": {
     "precision": 0.04878048780487805,
     "recall": 0.6153846153846154,
     "f1-score": 0.0903954802259887,
     "support": 13.0
    },
    "2": {
     "precision": 0.3333333333333333,
     "recall": 0.6,
     "f1-score": 0.42857142857142855,
     "support": 20.0
    },
    "3": {
     "precision": 0.1,
     "recall": 0.09090909090909091,
     "f1-score": 0.09523809523809523,
     "support": 11.0
    },
    "4": {
     "precision": 0.872579001019368,
     "recall": 0.6470143613000756,
     "f1-score": 0.7430555555555556,
     "support": 1323.0
    },
    "5": {
     "precision": 0.4621212121212121,
     "recall": 0.5865384615384616,
     "f1-score": 0.5169491525423728,
     "support": 104.0
    },
    "6": {
     "precision": 0.7,
     "recall": 0.8305084745762712,
     "f1-score": 0.7596899224806202,
     "support": 118.0
    },
    "7": {
     "precision": 0.8624296057924377,
     "recall": 0.8078372268274303,
     "f1-score": 0.8342412451361868,
     "support": 1327.0
    },
    "8": {
     "precision": 0.34285714285714286,
     "recall": 0.6666666666666666,
     "f1-score": 0.4528301886792453,
     "support": 18.0
    },
    "9": {
     "precision": 0.7090395480225988,
     "recall": 0.6952908587257618,
     "f1-score": 0.7020979020979021,
     "support": 361.0
    },
    "10": {
     "precision": 0.6828644501278772,
     "recall": 0.7628571428571429,
     "f1-score": 0.7206477732793523,
     "support": 350.0
    },
    "11": {
     "precision": 0.5266106442577031,
     "recall": 0.5497076023391813,
     "f1-score": 0.5379113018597997,
     "support": 342.0
    },
    "12": {
     "precision": 0.2909090909090909,
     "recall": 0.8888888888888888,
     "f1-score": 0.4383561643835616,
     "support": 18.0
    },
    "13": {
     "precision": 0.5238095238095238,
     "recall": 0.7333333333333333,
     "f1-score": 0.6111111111111112,
     "support": 15.0
    },
    "14": {
     "precision": 0.16666666666666666,
     "recall": 0.16666666666666666,
     "f1-score": 0.16666666666666666,
     "support": 48.0
    },
    "15": {
     "precision": 0.22727272727272727,
     "recall": 0.38461538461538464,
     "f1-score": 0.2857142857142857,
     "support": 13.0
    },
    "16": {
     "precision": 0.05825242718446602,
     "recall": 0.75,
     "f1-score": 0.10810810810810811,
     "support": 8.0
    },
    "17": {
     "precision": 0.2698412698412698,
     "recall": 0.8947368421052632,
     "f1-score": 0.4146341463414634,
     "support": 19.0
    },
    "18": {
     "precision": 0.033707865168539325,
     "recall": 0.631578947368421,
     "f1-score": 0.064,
     "support": 19.0
    },
    "19": {
     "precision": 0.7271028037383177,
     "recall": 0.45603751465416176,
     "f1-score": 0.5605187319884726,
     "support": 853.0
    },
    "20": {
     "precision": 0.0,
     "recall": 0.0,
     "f1-score": 0.0,
     "support": 8.0
    },
    "21": {
     "precision": 0.2916666666666667,
     "recall": 0.2413793103448276,
     "f1-score": 0.2641509433962264,
     "support": 261.0
    },
    "22": {
     "precision": 0.6909090909090909,
     "recall": 0.8260869565217391,
     "f1-score": 0.7524752475247525,
     "support": 46.0
    },
    "23": {
     "precision": 0.08208955223880597,
     "recall": 0.4852941176470588,
     "f1-score": 0.14042553191489363,
     "support": 68.0
    },
    "24": {
     "precision": 0.7714285714285715,
     "recall": 0.7431192660550459,
     "f1-score": 0.7570093457943925,
     "support": 218.0
    },
    "25": {
     "precision": 0.6454545454545455,
     "recall": 0.6283185840707964,
     "f1-score": 0.6367713004484304,
     "support": 113.0
    },
    "26": {
     "precision": 0.7636363636363637,
     "recall": 0.711864406779661,
     "f1-score": 0.7368421052631579,
     "support": 118.0
    },
    "27": {
     "precision": 0.6014388489208633,
     "recall": 0.7901701323251418,
     "f1-score": 0.6830065359477124,
     "support": 529.0
    },
    "28": {
     "precision": 0.028376844494892167,
     "recall": 0.7352941176470589,
     "f1-score": 0.0546448087431694,
     "support": 34.0
    },
    "29": {
     "precision": 0.762402088772846,
     "recall": 0.7192118226600985,
     "f1-score": 0.7401774397972116,
     "support": 406.0
    },
    "30": {
     "precision": 0.7797979797979798,
     "recall": 0.8364030335861322,
     "f1-score": 0.807109252483011,
     "support": 923.0
    },
    "31": {
     "precision": 0.3473684210526316,
     "recall": 0.2796610169491525,
     "f1-score": 0.30985915492957744,
     "support": 118.0
    },
    "32": {
     "precision": 0.07,
     "recall": 0.5,
     "f1-score": 0.12280701754385964,
     "support": 14.0
    },
    "33": {
     "precision": 0.5647058823529412,
     "recall": 0.3609022556390977,
     "f1-score": 0.44036697247706424,
     "support": 133.0
    },
    "34": {
     "precision": 0.5568181818181818,
     "recall": 0.6950354609929078,
     "f1-score": 0.6182965299684543,
     "support": 141.0
    },
    "35": {
     "precision": 0.7303030303030303,
     "recall": 0.6713091922005571,
     "f1-score": 0.6995645863570392,
     "support": 359.0
    },
    "36": {
     "precision": 0.36363636363636365,
     "recall": 0.7088607594936709,
     "f1-score": 0.48068669527896996,
     "support": 79.0
    },
    "37": {
     "precision": 0.3010752688172043,
     "recall": 0.28865979381443296,
     "f1-score": 0.29473684210526313,
     "support": 97.0
    },
    "38": {
     "precision": 0.47513812154696133,
     "recall": 0.6231884057971014,
     "f1-score": 0.5391849529780565,
     "support": 138.0
    },
    "39": {
     "precision": 0.4673913043478261,
     "recall": 0.6187050359712231,
     "f1-score": 0.5325077399380805,
     "support": 139.0
    },
    "40": {
     "precision": 0.2682926829268293,
     "recall": 0.08333333333333333,
     "f1-score": 0.12716763005780346,
     "support": 396.0
    },
    "41": {
     "precision": 0.06060606060606061,
     "recall": 0.2857142857142857,
     "f1-score": 0.1,
     "support": 7.0
    },
    "42": {
     "precision": 0.16666666666666666,
     "recall": 0.7333333333333333,
     "f1-score": 0.2716049382716049,
     "support": 15.0
    },
    "43": {
     "precision": 0.7839562443026435,
     "recall": 0.3653355989804588,
     "f1-score": 0.4984062590553463,
     "support": 2354.0
    },