{
 "dataset": "Xin",
 "mode": "learned",
 "K": 3,
 "seed": 0,
 "n_markers": 128,
 "test_macro_f1": 68.19789052279323,
 "test_accuracy": 89.50892857142857,
 "val_macro_f1": 79.03314917127071,
 "n_features": 2000,
 "n_classes": 4,
 "n_samples": 1492,
 "learned_lambda": 0.21493016183376312,
 "bio_anchor_have": false
}