{
 "dataset": "Xin",
 "mode": "learned",
 "K": 3,
 "seed": 2,
 "n_markers": 128,
 "test_macro_f1": 76.07111155258406,
 "test_accuracy": 91.07142857142857,
 "val_macro_f1": 66.4057156011576,
 "n_features": 2000,
 "n_classes": 4,
 "n_samples": 1492,
 "learned_lambda": 0.21765244007110596,
 "bio_anchor_have": false
}