{
 "dataset": "Xin",
 "mode": "learned",
 "K": 3,
 "seed": 1,
 "n_markers": 128,
 "test_macro_f1": 68.20724117544998,
 "test_accuracy": 87.72321428571429,
 "val_macro_f1": 84.07794606643711,
 "n_features": 2000,
 "n_classes": 4,
 "n_samples": 1492,
 "learned_lambda": 0.21283221244812012,
 "bio_anchor_have": false
}