{
 "task": "stad",
 "arm": "fixed_k4",
 "pos_class": 1,
 "n_folds": 10,
 "pos_f1": [
  0.6548537696808866,
  0.054887400131435796
 ],
 "pos_precision": [
  0.5581138821191518,
  0.02859335939600954
 ],
 "pos_recall": [
  0.8068599033816426,
  0.13866918981542162
 ],
 "maj_f1": [
  0.6548537696808866,
  0.054887400131435796
 ],
 "macro_f1": [
  0.4625465440317096,
  0.06278451623237531
 ],
 "accuracy": [
  0.5408756979136058,
  0.043994669530940535
 ]
}