{
 "task": "pan_meta_pri",
 "arm": "expert_k4",
 "pos_class": 1,
 "n_folds": 10,
 "pos_f1": [
  0.5286157199434497,
  0.05211382069069907
 ],
 "pos_precision": [
  0.5704691064464547,
  0.09288660260342005
 ],
 "pos_recall": [
  0.5137366818873668,
  0.08830112624594501
 ],
 "maj_f1": [
  0.9805069358474748,
  0.004728515088156238
 ],
 "macro_f1": [
  0.754561327895462,
  0.02751934984051381
 ],
 "accuracy": [
  0.962611988004029,
  0.008738142129593724
 ]
}