{
 "dataset": "baron",
 "n_samples": 8569,
 "n_features": 1936,
 "n_classes": 14,
 "n_train": 5098,
 "n_test": 2571,
 "transformer_params": 297792,
 "total_params": 774557,
 "config": {
  "heads": [
   "cell_type"
  ],
  "cohorts": null,
  "n_hvg": null,
  "n_channels": 1,
  "batch_size": 128,
  "val_frac": 0.15,
  "test_frac": 0.15,
  "d_model": 192,
  "n_heads": 4,
  "d_ff": 384,
  "dropout": 0.1,
  "n_markers": 128,
  "marker_mode": "router",
  "pathway_pool": "mean",
  "compress_mode": "aggregate",
  "recursive_marker_refine": true,
  "peak_init": true,
  "anneal_markers": true,
  "recursion_depth": 4,
  "share_weights": true,
  "share_strategy": "cycle",
  "n_unique_blocks": null,
  "step_cache": false,
  "adaptive_depth": false,
  "marker_ffn": false,
  "recursion_mode": "expert",
  "router_capacity": null,
  "router_alpha": 1.0,
  "router_temp": 1.0,
  "router_type": "linear",
  "router_z_coeff": 0.001,
  "router_balance_coeff": 0.1,
  "gene_interaction": "none",
  "interaction_knn": 16,
  "router_prior_beta": 1.0,
  "router_prior_anneal": true,
  "pathway_attn_bias": false,
  "pathway_attn_lambda": 2.0,
  "lambda_marker": 0.1,
  "gamma_diversity": 0.05,
  "beta_compression": 0.01,
  "lr": 0.001,
  "weight_decay": 1e-05,
  "epochs": 80,
  "patience": 12,
  "seed": 0,
  "device": "cuda"
 },
 "heads": {
  "cell_type": {
   "accuracy": 0.8665888759237651,
   "macro_f1": 0.6038945057066476,
   "weighted_f1": 0.8679898656453902,
   "per_class": {
    "0": {
     "precision": 0.9372822299651568,
     "recall": 0.9372822299651568,
     "f1-score": 0.9372822299651568,
     "support": 287.0
    },
    "1": {
     "precision": 0.7263157894736842,
     "recall": 0.8117647058823529,
     "f1-score": 0.7666666666666667,
     "support": 85.0
    },
    "2": {
     "precision": 0.9469026548672567,
     "recall": 0.9197707736389685,
     "f1-score": 0.9331395348837209,
     "support": 698.0
    },
    "3": {
     "precision": 0.9166666666666666,
     "recall": 0.8707124010554089,
     "f1-score": 0.8930987821380244,
     "support": 758.0
    },
    "4": {
     "precision": 0.7010869565217391,
     "recall": 0.7166666666666667,
     "f1-score": 0.7087912087912088,
     "support": 180.0
    },
    "5": {
     "precision": 0.8851963746223565,
     "recall": 0.9071207430340558,
     "f1-score": 0.8960244648318043,
     "support": 323.0
    },
    "6": {
     "precision": 0.7764705882352941,
     "recall": 0.868421052631579,
     "f1-score": 0.8198757763975155,
     "support": 76.0
    },
    "7": {
     "precision": 0.3333333333333333,
     "recall": 0.2,
     "f1-score": 0.25,
     "support": 5.0
    },
    "8": {
     "precision": 0.453125,
     "recall": 0.7532467532467533,
     "f1-score": 0.5658536585365853,
     "support": 77.0
    },
    "9": {
     "precision": 0.9166666666666666,
     "recall": 0.6470588235294118,
     "f1-score": 0.7586206896551724,
     "support": 17.0
    },
    "10": {
     "precision": 0.0,
     "recall": 0.0,
     "f1-score": 0.0,
     "support": 7.0
    },
    "11": {
     "precision": 0.6304347826086957,
     "recall": 0.5576923076923077,
     "f1-score": 0.5918367346938775,
     "support": 52.0
    },
    "12": {
     "precision": 0.5,
     "recall": 0.25,
     "f1-score": 0.3333333333333333,
     "support": 4.0
    },
    "13": {
     "precision": 0.0,
     "recall": 0.0,
     "f1-score": 0.0,
     "support": 2.0
    },
    "accuracy": 0.8665888759237651,
    "macro avg": {
     "precision": 0.6231057887829179,
     "recall": 0.6028383183816187,
     "f1-score": 0.6038945057066476,
     "support": 2571.0
    },
    "weighted avg": {
     "precision": 0.873028902417118,
     "recall": 0.8665888759237651,
     "f1-score": 0.8679898656453902,
     "support": 2571.0
    }
   }
  }
 }
}