{
 "dataset": "common_class",
 "n_samples": 27499,
 "n_features": 1089,
 "n_classes": 19,
 "n_train": 16361,
 "n_test": 8250,
 "transformer_params": 297792,
 "total_params": 613863,
 "config": {
  "heads": [
   "cell_type"
  ],
  "cohorts": null,
  "n_hvg": null,
  "n_channels": 1,
  "batch_size": 128,
  "val_frac": 0.15,
  "test_frac": 0.15,
  "d_model": 192,
  "n_heads": 4,
  "d_ff": 384,
  "dropout": 0.1,
  "n_markers": 128,
  "marker_mode": "router",
  "pathway_pool": "mean",
  "compress_mode": "aggregate",
  "recursive_marker_refine": true,
  "peak_init": true,
  "anneal_markers": true,
  "recursion_depth": 4,
  "share_weights": true,
  "share_strategy": "cycle",
  "n_unique_blocks": null,
  "step_cache": false,
  "adaptive_depth": false,
  "marker_ffn": false,
  "recursion_mode": "expert",
  "router_capacity": null,
  "router_alpha": 1.0,
  "router_temp": 1.0,
  "router_type": "linear",
  "router_z_coeff": 0.001,
  "router_balance_coeff": 0.1,
  "gene_interaction": "none",
  "interaction_knn": 16,
  "router_prior_beta": 1.0,
  "router_prior_anneal": true,
  "pathway_attn_bias": false,
  "pathway_attn_lambda": 2.0,
  "lambda_marker": 0.1,
  "gamma_diversity": 0.05,
  "beta_compression": 0.01,
  "lr": 0.001,
  "weight_decay": 1e-05,
  "epochs": 80,
  "patience": 12,
  "seed": 0,
  "device": "cuda"
 },
 "heads": {
  "cell_type": {
   "accuracy": 0.7521212121212121,
   "macro_f1": 0.5972475418378982,
   "weighted_f1": 0.7671044523138861,
   "per_class": {
    "0": {
     "precision": 0.4195804195804196,
     "recall": 0.7894736842105263,
     "f1-score": 0.547945205479452,
     "support": 76.0
    },
    "1": {
     "precision": 0.6206896551724138,
     "recall": 0.6055045871559633,
     "f1-score": 0.6130030959752322,
     "support": 327.0
    },
    "2": {
     "precision": 0.7511961722488039,
     "recall": 0.6596638655462185,
     "f1-score": 0.7024608501118568,
     "support": 238.0
    },
    "3": {
     "precision": 0.5282258064516129,
     "recall": 0.7844311377245509,
     "f1-score": 0.6313253012048192,
     "support": 167.0
    },
    "4": {
     "precision": 0.6785714285714286,
     "recall": 0.7125,
     "f1-score": 0.6951219512195121,
     "support": 160.0
    },
    "5": {
     "precision": 0.8397790055248618,
     "recall": 0.6204081632653061,
     "f1-score": 0.7136150234741784,
     "support": 245.0
    },
    "6": {
     "precision": 0.3855421686746988,
     "recall": 0.5378151260504201,
     "f1-score": 0.44912280701754387,
     "support": 119.0
    },
    "7": {
     "precision": 0.745697896749522,
     "recall": 0.5812220566318927,
     "f1-score": 0.6532663316582915,
     "support": 671.0
    },
    "8": {
     "precision": 0.3488372093023256,
     "recall": 0.625,
     "f1-score": 0.44776119402985076,
     "support": 144.0
    },
    "9": {
     "precision": 0.4597902097902098,
     "recall": 0.6383495145631068,
     "f1-score": 0.5345528455284553,
     "support": 412.0
    },
    "10": {
     "precision": 0.3632075471698113,
     "recall": 0.463855421686747,
     "f1-score": 0.4074074074074074,
     "support": 166.0
    },
    "11": {
     "precision": 0.8202247191011236,
     "recall": 0.7142857142857143,
     "f1-score": 0.7635983263598326,
     "support": 511.0
    },
    "12": {
     "precision": 0.6252220248667851,
     "recall": 0.6666666666666666,
     "f1-score": 0.6452795600366636,
     "support": 528.0
    },
    "13": {
     "precision": 0.29545454545454547,
     "recall": 0.2765957446808511,
     "f1-score": 0.2857142857142857,
     "support": 94.0
    },
    "14": {
     "precision": 0.4,
     "recall": 0.14285714285714285,
     "f1-score": 0.21052631578947367,
     "support": 14.0
    },
    "15": {
     "precision": 0.2564102564102564,
     "recall": 0.4975124378109453,
     "f1-score": 0.338409475465313,
     "support": 201.0
    },
    "16": {
     "precision": 0.9871194379391101,
     "recall": 0.9536199095022625,
     "f1-score": 0.9700805523590333,
     "support": 884.0
    },
    "17": {
     "precision": 0.9728695652173913,
     "recall": 0.8563992651561543,
     "f1-score": 0.9109265591923139,
     "support": 3266.0
    },
    "18": {
     "precision": 0.7741935483870968,
     "recall": 0.8888888888888888,
     "f1-score": 0.8275862068965517,
     "support": 27.0
    },
    "accuracy": 0.7521212121212121,
    "macro avg": {
     "precision": 0.5932953482427588,
     "recall": 0.6323710171938609,
     "f1-score": 0.5972475418378982,
     "support": 8250.0
    },
    "weighted avg": {
     "precision": 0.7960536673051885,
     "recall": 0.7521212121212121,
     "f1-score": 0.7671044523138861,
     "support": 8250.0
    }
   }
  }
 }
}