{
 "dataset": "lung",
 "n_samples": 57020,
 "n_features": 1089,
 "n_classes": 25,
 "n_train": 33926,
 "n_test": 17106,
 "transformer_params": 297792,
 "total_params": 616179,
 "config": {
  "heads": [
   "cell_type"
  ],
  "cohorts": null,
  "n_hvg": null,
  "n_channels": 1,
  "batch_size": 128,
  "val_frac": 0.15,
  "test_frac": 0.15,
  "d_model": 192,
  "n_heads": 4,
  "d_ff": 384,
  "dropout": 0.1,
  "n_markers": 128,
  "marker_mode": "router",
  "pathway_pool": "mean",
  "compress_mode": "aggregate",
  "recursive_marker_refine": true,
  "peak_init": true,
  "anneal_markers": true,
  "recursion_depth": 4,
  "share_weights": true,
  "share_strategy": "cycle",
  "n_unique_blocks": null,
  "step_cache": false,
  "adaptive_depth": false,
  "marker_ffn": false,
  "recursion_mode": "expert",
  "router_capacity": null,
  "router_alpha": 1.0,
  "router_temp": 1.0,
  "router_type": "linear",
  "router_z_coeff": 0.001,
  "router_balance_coeff": 0.1,
  "gene_interaction": "none",
  "interaction_knn": 16,
  "router_prior_beta": 1.0,
  "router_prior_anneal": true,
  "pathway_attn_bias": false,
  "pathway_attn_lambda": 2.0,
  "lambda_marker": 0.1,
  "gamma_diversity": 0.05,
  "beta_compression": 0.01,
  "lr": 0.001,
  "weight_decay": 1e-05,
  "epochs": 80,
  "patience": 12,
  "seed": 0,
  "device": "cuda"
 },
 "heads": {
  "cell_type": {
   "accuracy": 0.7860399859698352,
   "macro_f1": 0.7276511667828415,
   "weighted_f1": 0.7902465006209185,
   "per_class": {
    "0": {
     "precision": 0.7630057803468208,
     "recall": 0.5764192139737991,
     "f1-score": 0.6567164179104478,
     "support": 229.0
    },
    "1": {
     "precision": 0.939875604699378,
     "recall": 0.9693513898788311,
     "f1-score": 0.9543859649122807,
     "support": 1403.0
    },
    "2": {
     "precision": 0.8213552361396304,
     "recall": 0.8602150537634409,
     "f1-score": 0.8403361344537815,
     "support": 465.0
    },
    "3": {
     "precision": 0.8376777251184834,
     "recall": 0.875,
     "f1-score": 0.8559322033898306,
     "support": 808.0
    },
    "4": {
     "precision": 0.9264705882352942,
     "recall": 0.9,
     "f1-score": 0.9130434782608695,
     "support": 140.0
    },
    "5": {
     "precision": 0.6086956521739131,
     "recall": 0.8571428571428571,
     "f1-score": 0.711864406779661,
     "support": 49.0
    },
    "6": {
     "precision": 0.5870646766169154,
     "recall": 0.7344398340248963,
     "f1-score": 0.6525345622119816,
     "support": 482.0
    },
    "7": {
     "precision": 0.6764705882352942,
     "recall": 0.6301369863013698,
     "f1-score": 0.6524822695035462,
     "support": 73.0
    },
    "8": {
     "precision": 0.7777777777777778,
     "recall": 0.7567567567567568,
     "f1-score": 0.7671232876712328,
     "support": 37.0
    },
    "9": {
     "precision": 0.47619047619047616,
     "recall": 0.7142857142857143,
     "f1-score": 0.5714285714285714,
     "support": 14.0
    },
    "10": {
     "precision": 0.913235294117647,
     "recall": 0.8954578226387887,
     "f1-score": 0.9042591918456498,
     "support": 1387.0
    },
    "11": {
     "precision": 0.8089887640449438,
     "recall": 0.7128712871287128,
     "f1-score": 0.7578947368421053,
     "support": 101.0
    },
    "12": {
     "precision": 0.7428571428571429,
     "recall": 0.9285714285714286,
     "f1-score": 0.8253968253968254,
     "support": 28.0
    },
    "13": {
     "precision": 0.6728624535315985,
     "recall": 0.6441281138790036,
     "f1-score": 0.6581818181818182,
     "support": 281.0
    },
    "14": {
     "precision": 0.8548963545389564,
     "recall": 0.8833087149187593,
     "f1-score": 0.8688703232836905,
     "support": 1354.0
    },
    "15": {
     "precision": 0.8026052104208417,
     "recall": 0.9175257731958762,
     "f1-score": 0.8562266167824693,
     "support": 873.0
    },
    "16": {
     "precision": 0.8969194312796208,
     "recall": 0.8318681318681319,
     "f1-score": 0.863169897377423,
     "support": 1820.0
    },
    "17": {
     "precision": 0.7680608365019012,
     "recall": 0.8015873015873016,
     "f1-score": 0.7844660194174757,
     "support": 252.0
    },
    "18": {
     "precision": 0.8665678280207562,
     "recall": 0.74816,
     "f1-score": 0.8030224969946763,
     "support": 3125.0
    },
    "19": {
     "precision": 0.45454545454545453,
     "recall": 0.5128205128205128,
     "f1-score": 0.4819277108433735,
     "support": 39.0
    },
    "20": {
     "precision": 0.8051948051948052,
     "recall": 0.7209302325581395,
     "f1-score": 0.7607361963190185,
     "support": 86.0
    },
    "21": {
     "precision": 0.7318181818181818,
     "recall": 0.6699029126213593,
     "f1-score": 0.6994931209268646,
     "support": 2163.0
    },
    "22": {
     "precision": 0.543904958677686,
     "recall": 0.6097278517660684,
     "f1-score": 0.5749385749385749,
     "support": 1727.0
    },
    "23": {
     "precision": 0.48148148148148145,
     "recall": 0.5,
     "f1-score": 0.49056603773584906,
     "support": 26.0
    },
    "24": {
     "precision": 0.20055710306406685,
     "recall": 0.5,
     "f1-score": 0.28628230616302186,
     "support": 144.0
    },
    "accuracy": 0.7860399859698352,
    "macro avg": {
     "precision": 0.7183631762251628,
     "recall": 0.7500243155872698,
     "f1-score": 0.7276511667828415,
     "support": 17106.0
    },
    "weighted avg": {
     "precision": 0.7997488379193324,
     "recall": 0.7860399859698352,
     "f1-score": 0.7902465006209185,
     "support": 17106.0
    }
   }
  }
 }
}