{
 "dataset": "prototype",
 "n_samples": 90579,
 "n_features": 752,
 "n_classes": 10,
 "n_train": 53894,
 "n_test": 27174,
 "transformer_params": 297792,
 "total_params": 545685,
 "config": {
  "heads": [
   "cell_type"
  ],
  "cohorts": null,
  "n_hvg": null,
  "n_channels": 1,
  "batch_size": 128,
  "val_frac": 0.15,
  "test_frac": 0.15,
  "d_model": 192,
  "n_heads": 4,
  "d_ff": 384,
  "dropout": 0.1,
  "n_markers": 128,
  "marker_mode": "router",
  "pathway_pool": "mean",
  "compress_mode": "aggregate",
  "recursive_marker_refine": true,
  "peak_init": true,
  "anneal_markers": true,
  "recursion_depth": 4,
  "share_weights": true,
  "share_strategy": "cycle",
  "n_unique_blocks": null,
  "step_cache": false,
  "adaptive_depth": false,
  "marker_ffn": false,
  "recursion_mode": "expert",
  "router_capacity": null,
  "router_alpha": 1.0,
  "router_temp": 1.0,
  "router_type": "linear",
  "router_z_coeff": 0.001,
  "router_balance_coeff": 0.1,
  "gene_interaction": "none",
  "interaction_knn": 16,
  "router_prior_beta": 1.0,
  "router_prior_anneal": true,
  "pathway_attn_bias": false,
  "pathway_attn_lambda": 2.0,
  "lambda_marker": 0.1,
  "gamma_diversity": 0.05,
  "beta_compression": 0.01,
  "lr": 0.001,
  "weight_decay": 1e-05,
  "epochs": 80,
  "patience": 12,
  "seed": 0,
  "device": "cuda"
 },
 "heads": {
  "cell_type": {
   "accuracy": 0.9586737322440568,
   "macro_f1": 0.9540359210276635,
   "weighted_f1": 0.9587373920025386,
   "per_class": {
    "0": {
     "precision": 0.9604072398190046,
     "recall": 0.9883585564610011,
     "f1-score": 0.9741824440619621,
     "support": 859.0
    },
    "1": {
     "precision": 0.9787018255578094,
     "recall": 0.9507389162561576,
     "f1-score": 0.9645177411294353,
     "support": 1015.0
    },
    "2": {
     "precision": 0.9377555656519764,
     "recall": 0.961789375582479,
     "f1-score": 0.9496204278812974,
     "support": 2146.0
    },
    "3": {
     "precision": 0.9758394758394758,
     "recall": 0.9400394477317554,
     "f1-score": 0.9576049829214386,
     "support": 2535.0
    },
    "4": {
     "precision": 0.9050086355785838,
     "recall": 0.9247058823529412,
     "f1-score": 0.9147512365434972,
     "support": 1700.0
    },
    "5": {
     "precision": 0.9184149184149184,
     "recall": 0.923581809657759,
     "f1-score": 0.9209911173445535,
     "support": 2133.0
    },
    "6": {
     "precision": 0.9315519765739385,
     "recall": 0.9436410826844642,
     "f1-score": 0.9375575612451649,
     "support": 2697.0
    },
    "7": {
     "precision": 0.9644064780210002,
     "recall": 0.9744650242762093,
     "f1-score": 0.9694096601073345,
     "support": 5561.0
    },
    "8": {
     "precision": 0.9752155172413793,
     "recall": 0.9548931680295436,
     "f1-score": 0.9649473543915768,
     "support": 3791.0
    },
    "9": {
     "precision": 0.9889737065309584,
     "recall": 0.9845894025754697,
     "f1-score": 0.9867766846503755,
     "support": 4737.0
    },
    "accuracy": 0.9586737322440568,
    "macro avg": {
     "precision": 0.9536275339229044,
     "recall": 0.954680266560778,
     "f1-score": 0.9540359210276635,
     "support": 27174.0
    },
    "weighted avg": {
     "precision": 0.9589796484634003,
     "recall": 0.9586737322440568,
     "f1-score": 0.9587373920025386,
     "support": 27174.0
    }
   }
  }
 }
}