{
 "dataset": "tabula_muris",
 "n_samples": 54865,
 "n_features": 1089,
 "n_classes": 55,
 "n_train": 32645,
 "n_test": 16458,
 "transformer_params": 297792,
 "total_params": 627759,
 "config": {
  "heads": [
   "cell_type"
  ],
  "cohorts": null,
  "n_hvg": null,
  "n_channels": 1,
  "batch_size": 128,
  "val_frac": 0.15,
  "test_frac": 0.15,
  "d_model": 192,
  "n_heads": 4,
  "d_ff": 384,
  "dropout": 0.1,
  "n_markers": 128,
  "marker_mode": "router",
  "pathway_pool": "mean",
  "compress_mode": "aggregate",
  "recursive_marker_refine": true,
  "peak_init": true,
  "anneal_markers": true,
  "recursion_depth": 4,
  "share_weights": true,
  "share_strategy": "cycle",
  "n_unique_blocks": null,
  "step_cache": false,
  "adaptive_depth": false,
  "marker_ffn": false,
  "recursion_mode": "expert",
  "router_capacity": null,
  "router_alpha": 1.0,
  "router_temp": 1.0,
  "router_type": "linear",
  "router_z_coeff": 0.001,
  "router_balance_coeff": 0.1,
  "gene_interaction": "none",
  "interaction_knn": 16,
  "router_prior_beta": 1.0,
  "router_prior_anneal": true,
  "pathway_attn_bias": false,
  "pathway_attn_lambda": 2.0,
  "lambda_marker": 0.1,
  "gamma_diversity": 0.05,
  "beta_compression": 0.01,
  "lr": 0.001,
  "weight_decay": 1e-05,
  "epochs": 80,
  "patience": 12,
  "seed": 0,
  "device": "cuda"
 },
 "heads": {
  "cell_type": {
   "accuracy": 0.8583667517316806,
   "macro_f1": 0.7512323722437123,
   "weighted_f1": 0.8566292865228848,
   "per_class": {
    "0": {
     "precision": 0.9689697972693422,
     "recall": 0.9413183279742765,
     "f1-score": 0.9549439347604485,
     "support": 2488.0
    },
    "1": {
     "precision": 0.12903225806451613,
     "recall": 0.6153846153846154,
     "f1-score": 0.21333333333333335,
     "support": 13.0
    },
    "2": {
     "precision": 0.5384615384615384,
     "recall": 0.7,
     "f1-score": 0.6086956521739131,
     "support": 20.0
    },
    "3": {
     "precision": 0.7272727272727273,
     "recall": 0.7272727272727273,
     "f1-score": 0.7272727272727273,
     "support": 11.0
    },
    "4": {
     "precision": 0.8968,
     "recall": 0.8473167044595616,
     "f1-score": 0.8713563933151963,
     "support": 1323.0
    },
    "5": {
     "precision": 0.9900990099009901,
     "recall": 0.9615384615384616,
     "f1-score": 0.975609756097561,
     "support": 104.0
    },
    "6": {
     "precision": 0.9495798319327731,
     "recall": 0.9576271186440678,
     "f1-score": 0.9535864978902954,
     "support": 118.0
    },
    "7": {
     "precision": 0.9651972157772621,
     "recall": 0.9404672192916352,
     "f1-score": 0.9526717557251908,
     "support": 1327.0
    },
    "8": {
     "precision": 0.7142857142857143,
     "recall": 0.8333333333333334,
     "f1-score": 0.7692307692307693,
     "support": 18.0
    },
    "9": {
     "precision": 0.9158163265306123,
     "recall": 0.9944598337950139,
     "f1-score": 0.953519256308101,
     "support": 361.0
    },
    "10": {
     "precision": 0.9915014164305949,
     "recall": 1.0,
     "f1-score": 0.9957325746799431,
     "support": 350.0
    },
    "11": {
     "precision": 0.6298076923076923,
     "recall": 0.7660818713450293,
     "f1-score": 0.6912928759894459,
     "support": 342.0
    },
    "12": {
     "precision": 0.8947368421052632,
     "recall": 0.9444444444444444,
     "f1-score": 0.918918918918919,
     "support": 18.0
    },
    "13": {
     "precision": 1.0,
     "recall": 0.8666666666666667,
     "f1-score": 0.9285714285714286,
     "support": 15.0
    },
    "14": {
     "precision": 0.5,
     "recall": 0.3333333333333333,
     "f1-score": 0.4,
     "support": 48.0
    },
    "15": {
     "precision": 0.625,
     "recall": 0.38461538461538464,
     "f1-score": 0.47619047619047616,
     "support": 13.0
    },
    "16": {
     "precision": 1.0,
     "recall": 0.75,
     "f1-score": 0.8571428571428571,
     "support": 8.0
    },
    "17": {
     "precision": 0.391304347826087,
     "recall": 0.47368421052631576,
     "f1-score": 0.42857142857142855,
     "support": 19.0
    },
    "18": {
     "precision": 0.7727272727272727,
     "recall": 0.8947368421052632,
     "f1-score": 0.8292682926829268,
     "support": 19.0
    },
    "19": {
     "precision": 0.8966346153846154,
     "recall": 0.8745603751465416,
     "f1-score": 0.885459940652819,
     "support": 853.0
    },
    "20": {
     "precision": 0.5555555555555556,
     "recall": 0.625,
     "f1-score": 0.5882352941176471,
     "support": 8.0
    },
    "21": {
     "precision": 0.8366666666666667,
     "recall": 0.9616858237547893,
     "f1-score": 0.8948306595365418,
     "support": 261.0
    },
    "22": {
     "precision": 0.7321428571428571,
     "recall": 0.8913043478260869,
     "f1-score": 0.803921568627451,
     "support": 46.0
    },
    "23": {
     "precision": 0.9090909090909091,
     "recall": 0.7352941176470589,
     "f1-score": 0.8130081300813008,
     "support": 68.0
    },
    "24": {
     "precision": 0.9422222222222222,
     "recall": 0.9724770642201835,
     "f1-score": 0.9571106094808126,
     "support": 218.0
    },
    "25": {
     "precision": 0.9351851851851852,
     "recall": 0.8938053097345132,
     "f1-score": 0.9140271493212669,
     "support": 113.0
    },
    "26": {
     "precision": 0.8220338983050848,
     "recall": 0.8220338983050848,
     "f1-score": 0.8220338983050848,
     "support": 118.0
    },
    "27": {
     "precision": 0.9906367041198502,
     "recall": 1.0,
     "f1-score": 0.9952963311382879,
     "support": 529.0
    },
    "28": {
     "precision": 0.27941176470588236,
     "recall": 0.5588235294117647,
     "f1-score": 0.37254901960784315,
     "support": 34.0
    },
    "29": {
     "precision": 0.7974413646055437,
     "recall": 0.9211822660098522,
     "f1-score": 0.8548571428571429,
     "support": 406.0
    },
    "30": {
     "precision": 0.9247083775185578,
     "recall": 0.9447453954496208,
     "f1-score": 0.9346195069667739,
     "support": 923.0
    },
    "31": {
     "precision": 0.851063829787234,
     "recall": 0.6779661016949152,
     "f1-score": 0.7547169811320755,
     "support": 118.0
    },
    "32": {
     "precision": 0.5555555555555556,
     "recall": 0.35714285714285715,
     "f1-score": 0.43478260869565216,
     "support": 14.0
    },
    "33": {
     "precision": 0.8503937007874016,
     "recall": 0.8120300751879699,
     "f1-score": 0.8307692307692308,
     "support": 133.0
    },
    "34": {
     "precision": 0.9078014184397163,
     "recall": 0.9078014184397163,
     "f1-score": 0.9078014184397163,
     "support": 141.0
    },
    "35": {
     "precision": 0.9916897506925207,
     "recall": 0.9972144846796658,
     "f1-score": 0.9944444444444445,
     "support": 359.0
    },
    "36": {
     "precision": 0.8260869565217391,
     "recall": 0.9620253164556962,
     "f1-score": 0.8888888888888888,
     "support": 79.0
    },
    "37": {
     "precision": 0.4051724137931034,
     "recall": 0.4845360824742268,
     "f1-score": 0.4413145539906103,
     "support": 97.0
    },
    "38": {
     "precision": 0.9066666666666666,
     "recall": 0.9855072463768116,
     "f1-score": 0.9444444444444444,
     "support": 138.0
    },
    "39": {
     "precision": 0.782608695652174,
     "recall": 0.7769784172661871,
     "f1-score": 0.779783393501805,
     "support": 139.0
    },
    "40": {
     "precision": 0.5052631578947369,
     "recall": 0.36363636363636365,
     "f1-score": 0.42290748898678415,
     "support": 396.0
    },
    "41": {
     "precision": 0.6363636363636364,
     "recall": 1.0,
     "f1-score": 0.7777777777777778,
     "support": 7.0
    },
    "42": {
     "precision": 0.45161290322580644,
     "recall": 0.9333333333333333,
     "f1-score": 0.6086956521739131,
     "support": 15.0
    },
    "43": {
     "precision": 0.9710832973672853,
     "recall": 0.9558198810535259,
     "f1-score": 0.9633911368015414,
     "support": 2354.0
    },
    "44": {
     "precision": 0.35986159169550175,