{
 "dataset": "tcell",
 "n_samples": 24007,
 "n_features": 1089,
 "n_classes": 7,
 "n_train": 14283,
 "n_test": 7203,
 "transformer_params": 297792,
 "total_params": 609231,
 "config": {
  "heads": [
   "cell_type"
  ],
  "cohorts": null,
  "n_hvg": null,
  "n_channels": 1,
  "batch_size": 128,
  "val_frac": 0.15,
  "test_frac": 0.15,
  "d_model": 192,
  "n_heads": 4,
  "d_ff": 384,
  "dropout": 0.1,
  "n_markers": 128,
  "marker_mode": "router",
  "pathway_pool": "mean",
  "compress_mode": "aggregate",
  "recursive_marker_refine": true,
  "peak_init": true,
  "anneal_markers": true,
  "recursion_depth": 4,
  "share_weights": true,
  "share_strategy": "cycle",
  "n_unique_blocks": null,
  "step_cache": false,
  "adaptive_depth": false,
  "marker_ffn": false,
  "recursion_mode": "expert",
  "router_capacity": null,
  "router_alpha": 1.0,
  "router_temp": 1.0,
  "router_type": "linear",
  "router_z_coeff": 0.001,
  "router_balance_coeff": 0.1,
  "gene_interaction": "none",
  "interaction_knn": 16,
  "router_prior_beta": 1.0,
  "router_prior_anneal": true,
  "pathway_attn_bias": false,
  "pathway_attn_lambda": 2.0,
  "lambda_marker": 0.1,
  "gamma_diversity": 0.05,
  "beta_compression": 0.01,
  "lr": 0.001,
  "weight_decay": 1e-05,
  "epochs": 80,
  "patience": 12,
  "seed": 0,
  "device": "cuda"
 },
 "heads": {
  "cell_type": {
   "accuracy": 0.6527835624045537,
   "macro_f1": 0.47559015286696804,
   "weighted_f1": 0.6851437491925463,
   "per_class": {
    "0": {
     "precision": 0.28046744574290483,
     "recall": 0.6857142857142857,
     "f1-score": 0.3981042654028436,
     "support": 245.0
    },
    "1": {
     "precision": 0.71,
     "recall": 0.39371534195933455,
     "f1-score": 0.5065398335315101,
     "support": 541.0
    },
    "2": {
     "precision": 0.8948055338031845,
     "recall": 0.7497812773403325,
     "f1-score": 0.8158990836605974,
     "support": 4572.0
    },
    "3": {
     "precision": 0.11911764705882352,
     "recall": 0.2515527950310559,
     "f1-score": 0.16167664670658682,
     "support": 322.0
    },
    "4": {
     "precision": 0.4507845934379458,
     "recall": 0.4831804281345566,
     "f1-score": 0.4664206642066421,
     "support": 654.0
    },
    "5": {
     "precision": 0.725050916496945,
     "recall": 0.6180555555555556,
     "f1-score": 0.6672914714151827,
     "support": 576.0
    },
    "6": {
     "precision": 0.23294509151414308,
     "recall": 0.4778156996587031,
     "f1-score": 0.3131991051454139,
     "support": 293.0
    },
    "accuracy": 0.6527835624045537,
    "macro avg": {
     "precision": 0.48759588972199236,
     "recall": 0.5228307690562606,
     "f1-score": 0.47559015286696804,
     "support": 7203.0
    },
    "weighted avg": {
     "precision": 0.7445407012262131,
     "recall": 0.6527835624045537,
     "f1-score": 0.6851437491925463,
     "support": 7203.0
    }
   }
  }
 }
}