{
 "task": "panmeta_response",
 "arm": "vanilla",
 "pos_class": 1,
 "n_folds": 10,
 "pos_f1": [
  0.8983715601692644,
  0.022414783573739328
 ],
 "pos_precision": [
  0.8941930412208924,
  0.06732789578546214
 ],
 "pos_recall": [
  0.9086567732115677,
  0.04053953284629251
 ],
 "maj_f1": [
  0.9954354957985997,
  0.0012512989843357614
 ],
 "macro_f1": [
  0.9469035279839322,
  0.011825092613299575
 ],
 "accuracy": [
  0.9912648153810792,
  0.002373007592515323
 ]
}