{
 "dataset": "baron",
 "config": "bio",
 "seed": 0,
 "n_classes": 14,
 "n_test": 2571,
 "nll": 0.4283830591889415,
 "ece": 0.04638215837349159,
 "brier": 0.18642973201918175,
 "conf": 0.9214222059496522,
 "auroc": 0.8713285856667984
}