{
 "dataset": "blca",
 "config": "bio",
 "seed": 0,
 "n_classes": 2,
 "n_test": 81,
 "nll": 8.117113306886878,
 "ece": 0.33169908190407116,
 "brier": 0.6392769864006882,
 "conf": 0.9772551413138625,
 "auroc": 0.5633423180592992
}