{
 "dataset": "common_class",
 "config": "bio",
 "seed": 0,
 "n_classes": 19,
 "n_test": 8250,
 "nll": 0.5757381648591613,
 "ece": 0.022953746387278037,
 "brier": 0.23406813023351397,
 "conf": 0.8607602859040993,
 "auroc": 0.8680140063532299
}