{
 "dataset": "lung",
 "config": "bio",
 "seed": 0,
 "n_classes": 25,
 "n_test": 17106,
 "nll": 0.6193914700160236,
 "ece": 0.05568086388162999,
 "brier": 0.2924146008565214,
 "conf": 0.8492260316400122,
 "auroc": 0.8380116511223772
}