{
 "dataset": "oesophagus",
 "config": "bio",
 "seed": 0,
 "n_classes": 18,
 "n_test": 26385,
 "nll": 0.5257676904709522,
 "ece": 0.018853995592031887,
 "brier": 0.25389070993378493,
 "conf": 0.8440905897187784,
 "auroc": 0.8071654827719432
}