{
 "dataset": "pancreas",
 "config": "bio",
 "seed": 0,
 "n_classes": 15,
 "n_test": 2127,
 "nll": 0.4753527454637529,
 "ece": 0.033583152425665196,
 "brier": 0.20587491851111828,
 "conf": 0.8608924672091322,
 "auroc": 0.8130449263563023
}