{
 "dataset": "panmeta_subtype",
 "config": "bio",
 "seed": 0,
 "n_classes": 32,
 "n_test": 1718,
 "nll": 1.4088042268275018,
 "ece": 0.08181958089659244,
 "brier": 0.5759631587188686,
 "conf": 0.5131416766403843,
 "auroc": 0.7553507509886916
}