{
 "dataset": "prostate",
 "config": "bio",
 "seed": 0,
 "n_classes": 2,
 "n_test": 203,
 "nll": 0.6694231861114236,
 "ece": 0.1971576353116184,
 "brier": 0.4762796523920768,
 "conf": 0.5304123130021062,
 "auroc": 0.5466234078346551
}