{
 "dataset": "prototype",
 "config": "bio",
 "seed": 0,
 "n_classes": 10,
 "n_test": 27174,
 "nll": 0.19741194727298128,
 "ece": 0.03108795159741222,
 "brier": 0.0882240886189036,
 "conf": 0.974324218912908,
 "auroc": 0.9281178659835911
}