{
 "dataset": "segerstolpe",
 "config": "bio",
 "seed": 0,
 "n_classes": 10,
 "n_test": 637,
 "nll": 2.236929972331419,
 "ece": 0.12661794515790178,
 "brier": 0.9256744850419888,
 "conf": 0.24906692474973852,
 "auroc": 0.49731663685152055
}