{
 "dataset": "spleen",
 "config": "bio",
 "seed": 0,
 "n_classes": 28,
 "n_test": 28239,
 "nll": 1.2460395676178135,
 "ece": 0.027906411021366397,
 "brier": 0.5509327469253138,
 "conf": 0.5997293515587891,
 "auroc": 0.7654888472927951
}