{
 "dataset": "stad",
 "config": "bio",
 "seed": 0,
 "n_classes": 2,
 "n_test": 83,
 "nll": 8.714161264182456,
 "ece": 0.4495742009479238,
 "brier": 0.8888102843554117,
 "conf": 0.876438548925282,
 "auroc": 0.547953216374269
}