{
 "dataset": "tabula_muris",
 "config": "bio",
 "seed": 0,
 "n_classes": 55,
 "n_test": 16458,
 "nll": 1.110368208666031,
 "ece": 0.09377723194815359,
 "brier": 0.2669055655778483,
 "conf": 0.9316318614670005,
 "auroc": 0.766258464574507
}