{
 "dataset": "tcell",
 "config": "bio",
 "seed": 0,
 "n_classes": 7,
 "n_test": 7203,
 "nll": 0.9482333839689201,
 "ece": 0.10850966295152069,
 "brier": 0.47220413964554625,
 "conf": 0.5938214402171279,
 "auroc": 0.7112745053814855
}