{
 "task": "pan_meta_pri_3modal",
 "arm": "fixed_k3",
 "pos_class": 1,
 "n_folds": 10,
 "pos_f1": [
  0.8931239815422055,
  0.024881513152358724
 ],
 "pos_precision": [
  0.8920593777611053,
  0.0567201519297604
 ],
 "pos_recall": [
  0.8989155251141552,
  0.04667610247855965
 ],
 "maj_f1": [
  0.9952555776307795,
  0.0012395719117677933
 ],
 "macro_f1": [
  0.9441897795864923,
  0.013048051704543118
 ],
 "accuracy": [
  0.9909156398759784,
  0.0023605265016586412
 ]
}