{
 "family": "pnet",
 "cohort": "blca",
 "task": "response",
 "mode": "learned",
 "K": 4,
 "n_features": 3000,
 "n_classes": 2,
 "n_samples": 404,
 "n_folds": 5,
 "seed": 42,
 "val_frac": 0.1,
 "cv_macro_f1": {
  "mean": 45.635413945584375,
  "std": 4.036774713243957,
  "folds": [
   46.09193623278131,
   48.34183673469388,
   51.424287856071956,
   40.73170731707317,
   41.58730158730158
  ]
 },
 "cv_accuracy": {
  "mean": 48.25308641975308,
  "std": 7.024995111573711,
  "folds": [
   46.913580246913575,
   50.617283950617285,
   60.49382716049383,
   40.74074074074074,
   42.5
  ]
 }
}