{
 "dataset": "Muraro",
 "mode": "learned",
 "K": 2,
 "seed": 9,
 "n_markers": 128,
 "test_macro_f1": 78.19001403052278,
 "test_accuracy": 88.69701726844585,
 "val_macro_f1": 90.87417469485611,
 "n_features": 2000,
 "n_classes": 9,
 "n_samples": 2122,
 "learned_lambda": 0.22325840592384338,
 "bio_anchor_have": false
}