{
 "dataset": "Muraro",
 "mode": "learned",
 "K": 2,
 "seed": 8,
 "n_markers": 128,
 "test_macro_f1": 78.4125501874802,
 "test_accuracy": 90.89481946624804,
 "val_macro_f1": 89.04013841894003,
 "n_features": 2000,
 "n_classes": 9,
 "n_samples": 2122,
 "learned_lambda": 0.22896292805671692,
 "bio_anchor_have": false
}