{
 "dataset": "Muraro",
 "mode": "learned",
 "K": 2,
 "seed": 0,
 "n_markers": 128,
 "test_macro_f1": 76.84563715299052,
 "test_accuracy": 90.42386185243329,
 "val_macro_f1": 89.42156868556695,
 "n_features": 2000,
 "n_classes": 9,
 "n_samples": 2122,
 "learned_lambda": 0.2292443960905075,
 "bio_anchor_have": false
}