{
 "dataset": "Muraro",
 "mode": "learned",
 "K": 2,
 "seed": 3,
 "n_markers": 128,
 "test_macro_f1": 80.36127384292652,
 "test_accuracy": 91.05180533751962,
 "val_macro_f1": 91.04931274835516,
 "n_features": 2000,
 "n_classes": 9,
 "n_samples": 2122,
 "learned_lambda": 0.23270361125469208,
 "bio_anchor_have": false
}