{
 "dataset": "Muraro",
 "mode": "learned",
 "K": 2,
 "seed": 7,
 "n_markers": 128,
 "test_macro_f1": 85.70136852958427,
 "test_accuracy": 92.4646781789639,
 "val_macro_f1": 86.89601393641301,
 "n_features": 2000,
 "n_classes": 9,
 "n_samples": 2122,
 "learned_lambda": 0.23994611203670502,
 "bio_anchor_have": false
}