{
 "dataset": "Muraro",
 "mode": "learned",
 "K": 2,
 "seed": 4,
 "n_markers": 128,
 "test_macro_f1": 78.24256127476747,
 "test_accuracy": 92.93563579277865,
 "val_macro_f1": 91.15777162476135,
 "n_features": 2000,
 "n_classes": 9,
 "n_samples": 2122,
 "learned_lambda": 0.24365298449993134,
 "bio_anchor_have": false
}