{
 "dataset": "Muraro",
 "mode": "learned",
 "K": 2,
 "seed": 1,
 "n_markers": 128,
 "test_macro_f1": 70.7239345912662,
 "test_accuracy": 87.75510204081633,
 "val_macro_f1": 83.04108384244387,
 "n_features": 2000,
 "n_classes": 9,
 "n_samples": 2122,
 "learned_lambda": 0.21903912723064423,
 "bio_anchor_have": false
}