{
 "dataset": "Muraro",
 "mode": "learned",
 "K": 2,
 "seed": 5,
 "n_markers": 128,
 "test_macro_f1": 78.39916170778474,
 "test_accuracy": 91.52276295133439,
 "val_macro_f1": 87.68371630305427,
 "n_features": 2000,
 "n_classes": 9,
 "n_samples": 2122,
 "learned_lambda": 0.22303175926208496,
 "bio_anchor_have": false
}