{
 "dataset": "Muraro",
 "mode": "learned",
 "K": 2,
 "seed": 2,
 "n_markers": 128,
 "test_macro_f1": 80.8400657663682,
 "test_accuracy": 93.56357927786499,
 "val_macro_f1": 96.93724670719351,
 "n_features": 2000,
 "n_classes": 9,
 "n_samples": 2122,
 "learned_lambda": 0.2341148406267166,
 "bio_anchor_have": false
}