{
 "dataset": "Muraro",
 "mode": "learned",
 "K": 2,
 "seed": 6,
 "n_markers": 128,
 "test_macro_f1": 81.94094611459523,
 "test_accuracy": 90.10989010989012,
 "val_macro_f1": 93.65416608320085,
 "n_features": 2000,
 "n_classes": 9,
 "n_samples": 2122,
 "learned_lambda": 0.223657488822937,
 "bio_anchor_have": false
}