{
 "family": "pnet",
 "cohort": "blca",
 "task": "response",
 "mode": "learned",
 "K": 3,
 "n_features": 3000,
 "n_classes": 2,
 "n_samples": 404,
 "n_folds": 5,
 "seed": 42,
 "val_frac": 0.1,
 "cv_macro_f1": {
  "mean": 44.1250828974758,
  "std": 6.267493712372758,
  "folds": [
   31.772237196765495,
   46.30681818181818,
   47.824037706205814,
   45.87321654325447,
   48.849104859335036
  ]
 },
 "cv_accuracy": {
  "mean": 48.02469135802469,
  "std": 5.30145939594664,
  "folds": [
   38.2716049382716,
   48.148148148148145,
   49.382716049382715,
   54.32098765432099,
   50.0
  ]
 },
 "cv_pos_f1": {
  "mean": 74.04464337696757,
  "std": 7.00582942751867,
  "folds": [
   62.06896551724138,
   79.1044776119403,
   81.53846153846153,
   76.92307692307693,
   70.58823529411765
  ]
 }
}