{
 "task": "stad",
 "arm": "fixed_k3",
 "pos_class": 1,
 "n_folds": 10,
 "pos_f1": [
  0.6436497839135333,
  0.05808371844436409
 ],
 "pos_precision": [
  0.5563195682691505,
  0.03510178998621251
 ],
 "pos_recall": [
  0.7897584541062803,
  0.17025922909581398
 ],
 "maj_f1": [
  0.6436497839135333,
  0.05808371844436409
 ],
 "macro_f1": [
  0.444776203309406,
  0.07777983661607503
 ],
 "accuracy": [
  0.5324419629738466,
  0.04103207746678819
 ]
}