{
 "dataset": "Lung",
 "mode": "learned",
 "K": 4,
 "seed": 1,
 "n_markers": 128,
 "test_macro_f1": 79.88378308000935,
 "test_accuracy": 87.14486145212206,
 "val_macro_f1": 80.4303940830585,
 "n_features": 1089,
 "n_classes": 25,
 "n_samples": 57020,
 "learned_lambda": 0.650912344455719,
 "bio_anchor_have": false
}