{
 "dataset": "Lung",
 "mode": "learned",
 "K": 4,
 "seed": 2,
 "n_markers": 128,
 "test_macro_f1": 80.65225893627873,
 "test_accuracy": 86.90517946919209,
 "val_macro_f1": 79.98994840722102,
 "n_features": 1089,
 "n_classes": 25,
 "n_samples": 57020,
 "learned_lambda": 0.5081474184989929,
 "bio_anchor_have": false
}