{
 "dataset": "Lung",
 "mode": "learned",
 "K": 4,
 "seed": 0,
 "n_markers": 128,
 "test_macro_f1": 79.82327518374133,
 "test_accuracy": 87.04548111773647,
 "val_macro_f1": 80.9102883116093,
 "n_features": 1089,
 "n_classes": 25,
 "n_samples": 57020,
 "learned_lambda": 0.5889399647712708,
 "bio_anchor_have": false
}