{
 "dataset": "baron",
 "n_samples": 8569,
 "n_features": 1936,
 "n_classes": 14,
 "n_train": 5098,
 "n_test": 2571,
 "transformer_params": 75840,
 "total_params": 181229,
 "config": {
  "heads": [
   "cell_type"
  ],
  "cohorts": null,
  "n_hvg": null,
  "n_channels": 1,
  "batch_size": 128,
  "val_frac": 0.15,
  "test_frac": 0.15,
  "d_model": 48,
  "n_heads": 4,
  "d_ff": 96,
  "dropout": 0.1,
  "n_markers": 128,
  "marker_mode": "router",
  "pathway_pool": "mean",
  "compress_mode": "aggregate",
  "recursive_marker_refine": true,
  "peak_init": true,
  "anneal_markers": true,
  "recursion_depth": 4,
  "share_weights": false,
  "share_strategy": "cycle",
  "n_unique_blocks": null,
  "step_cache": false,
  "adaptive_depth": false,
  "marker_ffn": false,
  "recursion_mode": "fixed",
  "router_capacity": null,
  "router_alpha": 1.0,
  "router_temp": 1.0,
  "router_type": "linear",
  "router_z_coeff": 0.001,
  "router_balance_coeff": 0.1,
  "gene_interaction": "none",
  "interaction_knn": 16,
  "router_prior_beta": 1.0,
  "router_prior_anneal": true,
  "pathway_attn_bias": false,
  "pathway_attn_lambda": 2.0,
  "lambda_marker": 0.1,
  "gamma_diversity": 0.05,
  "beta_compression": 0.01,
  "lr": 0.001,
  "weight_decay": 1e-05,
  "epochs": 80,
  "patience": 12,
  "seed": 0,
  "device": "cuda"
 },
 "heads": {
  "cell_type": {
   "accuracy": 0.9019836639439907,
   "macro_f1": 0.7210342257019633,
   "weighted_f1": 0.9055063784795466,
   "per_class": {
    "0": {
     "precision": 0.8785046728971962,
     "recall": 0.9825783972125436,
     "f1-score": 0.9276315789473685,
     "support": 287.0
    },
    "1": {
     "precision": 0.8513513513513513,
     "recall": 0.7411764705882353,
     "f1-score": 0.7924528301886793,
     "support": 85.0
    },
    "2": {
     "precision": 0.9771754636233951,
     "recall": 0.9813753581661891,
     "f1-score": 0.9792709077912795,
     "support": 698.0
    },
    "3": {
     "precision": 0.9483960948396095,
     "recall": 0.8970976253298153,
     "f1-score": 0.9220338983050848,
     "support": 758.0
    },
    "4": {
     "precision": 0.774390243902439,
     "recall": 0.7055555555555556,
     "f1-score": 0.7383720930232558,
     "support": 180.0
    },
    "5": {
     "precision": 0.95578231292517,
     "recall": 0.8699690402476781,
     "f1-score": 0.9108589951377634,
     "support": 323.0
    },
    "6": {
     "precision": 0.9868421052631579,
     "recall": 0.9868421052631579,
     "f1-score": 0.9868421052631579,
     "support": 76.0
    },
    "7": {
     "precision": 0.11764705882352941,
     "recall": 0.4,
     "f1-score": 0.18181818181818182,
     "support": 5.0
    },
    "8": {
     "precision": 0.6464646464646465,
     "recall": 0.8311688311688312,
     "f1-score": 0.7272727272727273,
     "support": 77.0
    },
    "9": {
     "precision": 0.4230769230769231,
     "recall": 0.6470588235294118,
     "f1-score": 0.5116279069767442,
     "support": 17.0
    },
    "10": {
     "precision": 0.625,
     "recall": 0.7142857142857143,
     "f1-score": 0.6666666666666666,
     "support": 7.0
    },
    "11": {
     "precision": 0.6557377049180327,
     "recall": 0.7692307692307693,
     "f1-score": 0.7079646017699115,
     "support": 52.0
    },
    "12": {
     "precision": 0.25,
     "recall": 0.75,
     "f1-score": 0.375,
     "support": 4.0
    },
    "13": {
     "precision": 1.0,
     "recall": 0.5,
     "f1-score": 0.6666666666666666,
     "support": 2.0
    },
    "accuracy": 0.9019836639439907,
    "macro avg": {
     "precision": 0.7207406127203894,
     "recall": 0.7697384778984215,
     "f1-score": 0.7210342257019633,
     "support": 2571.0
    },
    "weighted avg": {
     "precision": 0.9131030851346262,
     "recall": 0.9019836639439907,
     "f1-score": 0.9055063784795466,
     "support": 2571.0
    }
   }
  }
 }
}