{
 "dataset": "common_class",
 "n_samples": 27499,
 "n_features": 1089,
 "n_classes": 19,
 "n_train": 16361,
 "n_test": 8250,
 "transformer_params": 75840,
 "total_params": 141063,
 "config": {
  "heads": [
   "cell_type"
  ],
  "cohorts": null,
  "n_hvg": null,
  "n_channels": 1,
  "batch_size": 128,
  "val_frac": 0.15,
  "test_frac": 0.15,
  "d_model": 48,
  "n_heads": 4,
  "d_ff": 96,
  "dropout": 0.1,
  "n_markers": 128,
  "marker_mode": "router",
  "pathway_pool": "mean",
  "compress_mode": "aggregate",
  "recursive_marker_refine": true,
  "peak_init": true,
  "anneal_markers": true,
  "recursion_depth": 4,
  "share_weights": false,
  "share_strategy": "cycle",
  "n_unique_blocks": null,
  "step_cache": false,
  "adaptive_depth": false,
  "marker_ffn": false,
  "recursion_mode": "fixed",
  "router_capacity": null,
  "router_alpha": 1.0,
  "router_temp": 1.0,
  "router_type": "linear",
  "router_z_coeff": 0.001,
  "router_balance_coeff": 0.1,
  "gene_interaction": "none",
  "interaction_knn": 16,
  "router_prior_beta": 1.0,
  "router_prior_anneal": true,
  "pathway_attn_bias": false,
  "pathway_attn_lambda": 2.0,
  "lambda_marker": 0.1,
  "gamma_diversity": 0.05,
  "beta_compression": 0.01,
  "lr": 0.001,
  "weight_decay": 1e-05,
  "epochs": 80,
  "patience": 12,
  "seed": 0,
  "device": "cuda"
 },
 "heads": {
  "cell_type": {
   "accuracy": 0.8533333333333334,
   "macro_f1": 0.7114056951842602,
   "weighted_f1": 0.8515966587618542,
   "per_class": {
    "0": {
     "precision": 0.7586206896551724,
     "recall": 0.868421052631579,
     "f1-score": 0.8098159509202454,
     "support": 76.0
    },
    "1": {
     "precision": 0.6017316017316018,
     "recall": 0.42507645259938837,
     "f1-score": 0.4982078853046595,
     "support": 327.0
    },
    "2": {
     "precision": 0.4864864864864865,
     "recall": 0.8319327731092437,
     "f1-score": 0.6139534883720931,
     "support": 238.0
    },
    "3": {
     "precision": 0.7323232323232324,
     "recall": 0.8682634730538922,
     "f1-score": 0.7945205479452054,
     "support": 167.0
    },
    "4": {
     "precision": 0.6475409836065574,
     "recall": 0.49375,
     "f1-score": 0.5602836879432624,
     "support": 160.0
    },
    "5": {
     "precision": 0.5296610169491526,
     "recall": 0.5102040816326531,
     "f1-score": 0.5197505197505198,
     "support": 245.0
    },
    "6": {
     "precision": 0.625,
     "recall": 0.5882352941176471,
     "f1-score": 0.6060606060606061,
     "support": 119.0
    },
    "7": {
     "precision": 0.8730886850152905,
     "recall": 0.8509687034277198,
     "f1-score": 0.8618867924528302,
     "support": 671.0
    },
    "8": {
     "precision": 0.675,
     "recall": 0.5625,
     "f1-score": 0.6136363636363636,
     "support": 144.0
    },
    "9": {
     "precision": 0.766743648960739,
     "recall": 0.8058252427184466,
     "f1-score": 0.7857988165680473,
     "support": 412.0
    },
    "10": {
     "precision": 0.73125,
     "recall": 0.7048192771084337,
     "f1-score": 0.7177914110429447,
     "support": 166.0
    },
    "11": {
     "precision": 0.8565400843881856,
     "recall": 0.7945205479452054,
     "f1-score": 0.8243654822335026,
     "support": 511.0
    },
    "12": {
     "precision": 0.8449197860962567,
     "recall": 0.8977272727272727,
     "f1-score": 0.8705234159779615,
     "support": 528.0
    },
    "13": {
     "precision": 0.49333333333333335,
     "recall": 0.7872340425531915,
     "f1-score": 0.6065573770491803,
     "support": 94.0
    },
    "14": {
     "precision": 0.5625,
     "recall": 0.6428571428571429,
     "f1-score": 0.6,
     "support": 14.0
    },
    "15": {
     "precision": 0.7345132743362832,
     "recall": 0.4129353233830846,
     "f1-score": 0.5286624203821656,
     "support": 201.0
    },
    "16": {
     "precision": 0.9864253393665159,
     "recall": 0.9864253393665159,
     "f1-score": 0.9864253393665159,
     "support": 884.0
    },
    "17": {
     "precision": 0.9730722154222766,
     "recall": 0.9736680955296999,
     "f1-score": 0.9733700642791552,
     "support": 3266.0
    },
    "18": {
     "precision": 0.7916666666666666,
     "recall": 0.7037037037037037,
     "f1-score": 0.7450980392156863,
     "support": 27.0
    },
    "accuracy": 0.8533333333333334,
    "macro avg": {
     "precision": 0.7194956339125133,
     "recall": 0.7215298851823588,
     "f1-score": 0.7114056951842602,
     "support": 8250.0
    },
    "weighted avg": {
     "precision": 0.8579035217616648,
     "recall": 0.8533333333333334,
     "f1-score": 0.8515966587618542,
     "support": 8250.0
    }
   }
  }
 }
}