{
 "dataset": "oesophagus",
 "n_samples": 87947,
 "n_features": 1089,
 "n_classes": 18,
 "n_train": 52327,
 "n_test": 26385,
 "transformer_params": 75840,
 "total_params": 140965,
 "config": {
  "heads": [
   "cell_type"
  ],
  "cohorts": null,
  "n_hvg": null,
  "n_channels": 1,
  "batch_size": 128,
  "val_frac": 0.15,
  "test_frac": 0.15,
  "d_model": 48,
  "n_heads": 4,
  "d_ff": 96,
  "dropout": 0.1,
  "n_markers": 128,
  "marker_mode": "router",
  "pathway_pool": "mean",
  "compress_mode": "aggregate",
  "recursive_marker_refine": true,
  "peak_init": true,
  "anneal_markers": true,
  "recursion_depth": 4,
  "share_weights": false,
  "share_strategy": "cycle",
  "n_unique_blocks": null,
  "step_cache": false,
  "adaptive_depth": false,
  "marker_ffn": false,
  "recursion_mode": "fixed",
  "router_capacity": null,
  "router_alpha": 1.0,
  "router_temp": 1.0,
  "router_type": "linear",
  "router_z_coeff": 0.001,
  "router_balance_coeff": 0.1,
  "gene_interaction": "none",
  "interaction_knn": 16,
  "router_prior_beta": 1.0,
  "router_prior_anneal": true,
  "pathway_attn_bias": false,
  "pathway_attn_lambda": 2.0,
  "lambda_marker": 0.1,
  "gamma_diversity": 0.05,
  "beta_compression": 0.01,
  "lr": 0.001,
  "weight_decay": 1e-05,
  "epochs": 80,
  "patience": 12,
  "seed": 0,
  "device": "cuda"
 },
 "heads": {
  "cell_type": {
   "accuracy": 0.8343755921925337,
   "macro_f1": 0.6013890353502975,
   "weighted_f1": 0.8389088399530358,
   "per_class": {
    "0": {
     "precision": 0.42424242424242425,
     "recall": 0.4028776978417266,
     "f1-score": 0.4132841328413284,
     "support": 139.0
    },
    "1": {
     "precision": 0.5859375,
     "recall": 0.646551724137931,
     "f1-score": 0.6147540983606558,
     "support": 232.0
    },
    "2": {
     "precision": 0.8708240534521158,
     "recall": 0.8708240534521158,
     "f1-score": 0.8708240534521158,
     "support": 449.0
    },
    "3": {
     "precision": 0.6532258064516129,
     "recall": 0.801980198019802,
     "f1-score": 0.72,
     "support": 101.0
    },
    "4": {
     "precision": 0.4294294294294294,
     "recall": 0.6327433628318584,
     "f1-score": 0.5116279069767442,
     "support": 226.0
    },
    "5": {
     "precision": 0.7285520974289581,
     "recall": 0.8255136461208218,
     "f1-score": 0.7740080506037953,
     "support": 3261.0
    },
    "6": {
     "precision": 0.9718949718949719,
     "recall": 0.8336305395944785,
     "f1-score": 0.8974687144482366,
     "support": 15141.0
    },
    "7": {
     "precision": 0.7116855710894223,
     "recall": 0.8993333333333333,
     "f1-score": 0.7945810631718451,
     "support": 3000.0
    },
    "8": {
     "precision": 0.7602759413624605,
     "recall": 0.9635701275045537,
     "f1-score": 0.8499357326478149,
     "support": 2745.0
    },
    "9": {
     "precision": 0.7636363636363637,
     "recall": 0.7924528301886793,
     "f1-score": 0.7777777777777778,
     "support": 53.0
    },
    "10": {
     "precision": 0.36363636363636365,
     "recall": 0.5,
     "f1-score": 0.42105263157894735,
     "support": 16.0
    },
    "11": {
     "precision": 0.5,
     "recall": 0.5,
     "f1-score": 0.5,
     "support": 32.0
    },
    "12": {
     "precision": 0.2916666666666667,
     "recall": 0.4117647058823529,
     "f1-score": 0.34146341463414637,
     "support": 34.0
    },
    "13": {
     "precision": 0.5306122448979592,
     "recall": 0.52,
     "f1-score": 0.5252525252525253,
     "support": 100.0
    },
    "14": {
     "precision": 0.2,
     "recall": 0.25,
     "f1-score": 0.2222222222222222,
     "support": 60.0
    },
    "15": {
     "precision": 0.7455621301775148,
     "recall": 0.8289473684210527,
     "f1-score": 0.7850467289719626,
     "support": 152.0
    },
    "16": {
     "precision": 0.44080604534005036,
     "recall": 0.43209876543209874,
     "f1-score": 0.43640897755610975,
     "support": 405.0
    },
    "17": {
     "precision": 0.3662551440329218,
     "recall": 0.3723849372384937,
     "f1-score": 0.36929460580912865,
     "support": 239.0
    },
    "accuracy": 0.8343755921925337,
    "macro avg": {
     "precision": 0.5743468196521797,
     "recall": 0.638037404999961,
     "f1-score": 0.6013890353502975,
     "support": 26385.0
    },
    "weighted avg": {
     "precision": 0.8557466006359342,
     "recall": 0.8343755921925337,
     "f1-score": 0.8389088399530358,
     "support": 26385.0
    }
   }
  }
 }
}