{
 "dataset": "prototype",
 "n_samples": 90579,
 "n_features": 752,
 "n_classes": 10,
 "n_train": 53894,
 "n_test": 27174,
 "transformer_params": 75840,
 "total_params": 124005,
 "config": {
  "heads": [
   "cell_type"
  ],
  "cohorts": null,
  "n_hvg": null,
  "n_channels": 1,
  "batch_size": 128,
  "val_frac": 0.15,
  "test_frac": 0.15,
  "d_model": 48,
  "n_heads": 4,
  "d_ff": 96,
  "dropout": 0.1,
  "n_markers": 128,
  "marker_mode": "router",
  "pathway_pool": "mean",
  "compress_mode": "aggregate",
  "recursive_marker_refine": true,
  "peak_init": true,
  "anneal_markers": true,
  "recursion_depth": 4,
  "share_weights": false,
  "share_strategy": "cycle",
  "n_unique_blocks": null,
  "step_cache": false,
  "adaptive_depth": false,
  "marker_ffn": false,
  "recursion_mode": "fixed",
  "router_capacity": null,
  "router_alpha": 1.0,
  "router_temp": 1.0,
  "router_type": "linear",
  "router_z_coeff": 0.001,
  "router_balance_coeff": 0.1,
  "gene_interaction": "none",
  "interaction_knn": 16,
  "router_prior_beta": 1.0,
  "router_prior_anneal": true,
  "pathway_attn_bias": false,
  "pathway_attn_lambda": 2.0,
  "lambda_marker": 0.1,
  "gamma_diversity": 0.05,
  "beta_compression": 0.01,
  "lr": 0.001,
  "weight_decay": 1e-05,
  "epochs": 80,
  "patience": 12,
  "seed": 0,
  "device": "cuda"
 },
 "heads": {
  "cell_type": {
   "accuracy": 0.9671377051593435,
   "macro_f1": 0.9629801242592967,
   "weighted_f1": 0.9671229334828811,
   "per_class": {
    "0": {
     "precision": 0.9780600461893765,
     "recall": 0.9860302677532014,
     "f1-score": 0.9820289855072464,
     "support": 859.0
    },
    "1": {
     "precision": 0.9734774066797642,
     "recall": 0.9763546798029556,
     "f1-score": 0.9749139203148057,
     "support": 1015.0
    },
    "2": {
     "precision": 0.953189536484626,
     "recall": 0.96784715750233,
     "f1-score": 0.9604624277456647,
     "support": 2146.0
    },
    "3": {
     "precision": 0.9731570512820513,
     "recall": 0.9581854043392505,
     "f1-score": 0.9656131981713377,
     "support": 2535.0
    },
    "4": {
     "precision": 0.9315315315315316,
     "recall": 0.9123529411764706,
     "f1-score": 0.9218424962852897,
     "support": 1700.0
    },
    "5": {
     "precision": 0.9236430542778289,
     "recall": 0.9413970932958274,
     "f1-score": 0.9324355700023218,
     "support": 2133.0
    },
    "6": {
     "precision": 0.9537313432835821,
     "recall": 0.9477196885428254,
     "f1-score": 0.9507160126464571,
     "support": 2697.0
    },
    "7": {
     "precision": 0.9784810126582278,
     "recall": 0.9730264340945873,
     "f1-score": 0.9757461004417997,
     "support": 5561.0
    },
    "8": {
     "precision": 0.9713685316522196,
     "recall": 0.9754682141915062,
     "f1-score": 0.9734140563306133,
     "support": 3791.0
    },
    "9": {
     "precision": 0.99033410380332,
     "recall": 0.9949335022165928,
     "f1-score": 0.9926284751474305,
     "support": 4737.0
    },
    "accuracy": 0.9671377051593435,
    "macro avg": {
     "precision": 0.9626973617842529,
     "recall": 0.9633315382915548,
     "f1-score": 0.9629801242592967,
     "support": 27174.0
    },
    "weighted avg": {
     "precision": 0.967162815690328,
     "recall": 0.9671377051593435,
     "f1-score": 0.9671229334828811,
     "support": 27174.0
    }
   }
  }
 }
}