{
 "dataset": "tabula_muris",
 "n_samples": 54865,
 "n_features": 1089,
 "n_classes": 55,
 "n_train": 32645,
 "n_test": 16458,
 "transformer_params": 75840,
 "total_params": 144591,
 "config": {
  "heads": [
   "cell_type"
  ],
  "cohorts": null,
  "n_hvg": null,
  "n_channels": 1,
  "batch_size": 128,
  "val_frac": 0.15,
  "test_frac": 0.15,
  "d_model": 48,
  "n_heads": 4,
  "d_ff": 96,
  "dropout": 0.1,
  "n_markers": 128,
  "marker_mode": "router",
  "pathway_pool": "mean",
  "compress_mode": "aggregate",
  "recursive_marker_refine": true,
  "peak_init": true,
  "anneal_markers": true,
  "recursion_depth": 4,
  "share_weights": false,
  "share_strategy": "cycle",
  "n_unique_blocks": null,
  "step_cache": false,
  "adaptive_depth": false,
  "marker_ffn": false,
  "recursion_mode": "fixed",
  "router_capacity": null,
  "router_alpha": 1.0,
  "router_temp": 1.0,
  "router_type": "linear",
  "router_z_coeff": 0.001,
  "router_balance_coeff": 0.1,
  "gene_interaction": "none",
  "interaction_knn": 16,
  "router_prior_beta": 1.0,
  "router_prior_anneal": true,
  "pathway_attn_bias": false,
  "pathway_attn_lambda": 2.0,
  "lambda_marker": 0.1,
  "gamma_diversity": 0.05,
  "beta_compression": 0.01,
  "lr": 0.001,
  "weight_decay": 1e-05,
  "epochs": 80,
  "patience": 12,
  "seed": 0,
  "device": "cuda"
 },
 "heads": {
  "cell_type": {
   "accuracy": 0.8496172074371127,
   "macro_f1": 0.7698392305661074,
   "weighted_f1": 0.8485742658805335,
   "per_class": {
    "0": {
     "precision": 0.9556962025316456,
     "recall": 0.9710610932475884,
     "f1-score": 0.9633173843700159,
     "support": 2488.0
    },
    "1": {
     "precision": 0.24242424242424243,
     "recall": 0.6153846153846154,
     "f1-score": 0.34782608695652173,
     "support": 13.0
    },
    "2": {
     "precision": 0.7142857142857143,
     "recall": 0.75,
     "f1-score": 0.7317073170731707,
     "support": 20.0
    },
    "3": {
     "precision": 0.5625,
     "recall": 0.8181818181818182,
     "f1-score": 0.6666666666666666,
     "support": 11.0
    },
    "4": {
     "precision": 0.9405241935483871,
     "recall": 0.7052154195011338,
     "f1-score": 0.8060475161987041,
     "support": 1323.0
    },
    "5": {
     "precision": 0.9484536082474226,
     "recall": 0.8846153846153846,
     "f1-score": 0.9154228855721394,
     "support": 104.0
    },
    "6": {
     "precision": 0.9274193548387096,
     "recall": 0.9745762711864406,
     "f1-score": 0.9504132231404959,
     "support": 118.0
    },
    "7": {
     "precision": 0.9710610932475884,
     "recall": 0.9103240391861341,
     "f1-score": 0.9397121742512641,
     "support": 1327.0
    },
    "8": {
     "precision": 1.0,
     "recall": 0.8888888888888888,
     "f1-score": 0.9411764705882353,
     "support": 18.0
    },
    "9": {
     "precision": 0.9559228650137741,
     "recall": 0.961218836565097,
     "f1-score": 0.9585635359116023,
     "support": 361.0
    },
    "10": {
     "precision": 0.9885386819484241,
     "recall": 0.9857142857142858,
     "f1-score": 0.9871244635193133,
     "support": 350.0
    },
    "11": {
     "precision": 0.5635673624288425,
     "recall": 0.868421052631579,
     "f1-score": 0.6835443037974683,
     "support": 342.0
    },
    "12": {
     "precision": 0.9473684210526315,
     "recall": 1.0,
     "f1-score": 0.972972972972973,
     "support": 18.0
    },
    "13": {
     "precision": 0.9285714285714286,
     "recall": 0.8666666666666667,
     "f1-score": 0.896551724137931,
     "support": 15.0
    },
    "14": {
     "precision": 0.5714285714285714,
     "recall": 0.6666666666666666,
     "f1-score": 0.6153846153846154,
     "support": 48.0
    },
    "15": {
     "precision": 0.625,
     "recall": 0.7692307692307693,
     "f1-score": 0.6896551724137931,
     "support": 13.0
    },
    "16": {
     "precision": 0.5833333333333334,
     "recall": 0.875,
     "f1-score": 0.7,
     "support": 8.0
    },
    "17": {
     "precision": 0.5142857142857142,
     "recall": 0.9473684210526315,
     "f1-score": 0.6666666666666666,
     "support": 19.0
    },
    "18": {
     "precision": 0.7,
     "recall": 0.7368421052631579,
     "f1-score": 0.717948717948718,
     "support": 19.0
    },
    "19": {
     "precision": 0.9240506329113924,
     "recall": 0.7702227432590856,
     "f1-score": 0.840153452685422,
     "support": 853.0
    },
    "20": {
     "precision": 0.8333333333333334,
     "recall": 0.625,
     "f1-score": 0.7142857142857143,
     "support": 8.0
    },
    "21": {
     "precision": 0.7095808383233533,
     "recall": 0.9080459770114943,
     "f1-score": 0.7966386554621848,
     "support": 261.0
    },
    "22": {
     "precision": 0.9183673469387755,
     "recall": 0.9782608695652174,
     "f1-score": 0.9473684210526315,
     "support": 46.0
    },
    "23": {
     "precision": 0.9122807017543859,
     "recall": 0.7647058823529411,
     "f1-score": 0.832,
     "support": 68.0
    },
    "24": {
     "precision": 0.9767441860465116,
     "recall": 0.963302752293578,
     "f1-score": 0.9699769053117783,
     "support": 218.0
    },
    "25": {
     "precision": 0.907563025210084,
     "recall": 0.9557522123893806,
     "f1-score": 0.9310344827586207,
     "support": 113.0
    },
    "26": {
     "precision": 0.8548387096774194,
     "recall": 0.8983050847457628,
     "f1-score": 0.8760330578512396,
     "support": 118.0
    },
    "27": {
     "precision": 0.9981060606060606,
     "recall": 0.996219281663516,
     "f1-score": 0.9971617786187322,
     "support": 529.0
    },
    "28": {
     "precision": 0.5294117647058824,
     "recall": 0.7941176470588235,
     "f1-score": 0.6352941176470588,
     "support": 34.0
    },
    "29": {
     "precision": 0.6272577996715928,
     "recall": 0.9408866995073891,
     "f1-score": 0.7527093596059113,
     "support": 406.0
    },
    "30": {
     "precision": 0.8997975708502024,
     "recall": 0.9631635969664138,
     "f1-score": 0.9304029304029304,
     "support": 923.0
    },
    "31": {
     "precision": 0.6308724832214765,
     "recall": 0.7966101694915254,
     "f1-score": 0.704119850187266,
     "support": 118.0
    },
    "32": {
     "precision": 0.11764705882352941,
     "recall": 0.14285714285714285,
     "f1-score": 0.12903225806451613,
     "support": 14.0
    },
    "33": {
     "precision": 0.7482014388489209,
     "recall": 0.7819548872180451,
     "f1-score": 0.7647058823529411,
     "support": 133.0
    },
    "34": {
     "precision": 0.875968992248062,
     "recall": 0.8014184397163121,
     "f1-score": 0.837037037037037,
     "support": 141.0
    },
    "35": {
     "precision": 0.9834710743801653,
     "recall": 0.9944289693593314,
     "f1-score": 0.9889196675900277,
     "support": 359.0
    },
    "36": {
     "precision": 0.8902439024390244,
     "recall": 0.9240506329113924,
     "f1-score": 0.906832298136646,
     "support": 79.0
    },
    "37": {
     "precision": 0.5686274509803921,
     "recall": 0.5979381443298969,
     "f1-score": 0.5829145728643216,
     "support": 97.0
    },
    "38": {
     "precision": 0.8698630136986302,
     "recall": 0.9202898550724637,
     "f1-score": 0.8943661971830986,
     "support": 138.0
    },
    "39": {
     "precision": 0.8809523809523809,
     "recall": 0.7985611510791367,
     "f1-score": 0.8377358490566038,
     "support": 139.0
    },
    "40": {
     "precision": 0.524,
     "recall": 0.33080808080808083,
     "f1-score": 0.4055727554179567,
     "support": 396.0
    },
    "41": {
     "precision": 0.3888888888888889,
     "recall": 1.0,
     "f1-score": 0.56,
     "support": 7.0
    },
    "42": {
     "precision": 0.5416666666666666,
     "recall": 0.8666666666666667,
     "f1-score": 0.6666666666666666,
     "support": 15.0
    },
    "43": {
     "precision": 0.9793859649122807,
     "recall": 0.9485981308411215,
     "f1-score": 0.9637462235649547,
     "support": 2354.0
    },
    "44": {
     "precision": 0.3585972850678733,
     "recall": 0.9296187683284457,