{
 "task": "blca",
 "arm": "biomor",
 "pos_class": 1,
 "n_folds": 10,
 "pos_f1": [
  0.6631014480614257,
  0.20819080951712834
 ],
 "pos_precision": [
  0.6758746286167792,
  0.01907312315077327
 ],
 "pos_recall": [
  0.7434680134680136,
  0.3001182733825384
 ],
 "maj_f1": [
  0.6631014480614257,
  0.20819080951712834
 ],
 "macro_f1": [
  0.429527771717851,
  0.04989547308046569
 ],
 "accuracy": [
  0.5828240740740741,
  0.10390729138927701
 ]
}