{
 "family": "pnet",
 "cohort": "prostate",
 "task": "response",
 "mode": "learned",
 "K": 2,
 "n_features": 3000,
 "n_classes": 2,
 "n_samples": 1011,
 "n_folds": 5,
 "seed": 42,
 "val_frac": 0.1,
 "cv_macro_f1": {
  "mean": 63.084427917573066,
  "std": 2.7518523056106616,
  "folds": [
   67.50430396568909,
   59.81022344658709,
   61.174025974025966,
   64.82061999303379,
   62.11296620852935
  ]
 },
 "cv_accuracy": {
  "mean": 67.25357264790519,
  "std": 4.481481368703579,
  "folds": [
   73.89162561576354,
   61.386138613861384,
   63.366336633663366,
   67.82178217821783,
   69.80198019801979
  ]
 },
 "cv_pos_f1": {
  "mean": 50.07466832985528,
  "std": 5.724583988234778,
  "folds": [
   51.2,
   51.533742331288344,
   52.17391304347826,
   56.25,
   39.21568627450981
  ]
 }
}