{
 "task": "blca",
 "arm": "expert_k4",
 "pos_class": 1,
 "n_folds": 10,
 "pos_f1": [
  0.7736984290910561,
  0.03617527184762777
 ],
 "pos_precision": [
  0.6733841661290838,
  0.016003947812153942
 ],
 "pos_recall": [
  0.911952861952862,
  0.07635325109459698
 ],
 "maj_f1": [
  0.7736984290910561,
  0.03617527184762777
 ],
 "macro_f1": [
  0.44554190586979836,
  0.04240589606405268
 ],
 "accuracy": [
  0.6422839506172839,
  0.042414696032945225
 ]
}