{
 "dataset": "Segerstolpe",
 "mode": "learned",
 "K": 4,
 "seed": 1,
 "n_markers": 128,
 "test_macro_f1": 58.99274100973773,
 "test_accuracy": 81.84663536776213,
 "val_macro_f1": 70.91779473769833,
 "n_features": 2000,
 "n_classes": 11,
 "n_samples": 2127,
 "learned_lambda": 0.21756590902805328,
 "bio_anchor_have": false
}