{
 "dataset": "Segerstolpe",
 "mode": "learned",
 "K": 4,
 "seed": 0,
 "n_markers": 128,
 "test_macro_f1": 65.23072581415026,
 "test_accuracy": 92.48826291079813,
 "val_macro_f1": 74.8557906606687,
 "n_features": 2000,
 "n_classes": 11,
 "n_samples": 2127,
 "learned_lambda": 0.23773470520973206,
 "bio_anchor_have": false
}