{
 "dataset": "Segerstolpe",
 "mode": "learned",
 "K": 4,
 "seed": 2,
 "n_markers": 128,
 "test_macro_f1": 73.05069729888058,
 "test_accuracy": 93.27073552425665,
 "val_macro_f1": 84.08608372188247,
 "n_features": 2000,
 "n_classes": 11,
 "n_samples": 2127,
 "learned_lambda": 0.230214461684227,
 "bio_anchor_have": false
}