{
 "task": "panmeta_response",
 "arm": "expert_k4",
 "pos_class": 1,
 "n_folds": 10,
 "pos_f1": [
  0.8891182851597474,
  0.03030458760089829
 ],
 "pos_precision": [
  0.8956681384170393,
  0.04160294396232424
 ],
 "pos_recall": [
  0.8849695585996956,
  0.046566870206638196
 ],
 "maj_f1": [
  0.9951683356682841,
  0.0012768623649009343
 ],
 "macro_f1": [
  0.9421433104140158,
  0.015784402750621453
 ],
 "accuracy": [
  0.9907407131180831,
  0.002449494675342702
 ]
}