{
 "task": "blca",
 "arm": "fixed_k2",
 "pos_class": 1,
 "n_folds": 10,
 "pos_f1": [
  0.7803645948434974,
  0.027469642495807692
 ],
 "pos_precision": [
  0.6722213193400092,
  0.010844113145693127
 ],
 "pos_recall": [
  0.9323905723905724,
  0.06617387503053979
 ],
 "maj_f1": [
  0.7803645948434974,
  0.027469642495807692
 ],
 "macro_f1": [
  0.4303787363931423,
  0.03498711511628392
 ],
 "accuracy": [
  0.6472376543209877,
  0.03238450469378133
 ]
}