{
 "dataset": "Wang",
 "mode": "learned",
 "K": 2,
 "seed": 0,
 "n_markers": 128,
 "test_macro_f1": 32.25820763087844,
 "test_accuracy": 50.72463768115942,
 "val_macro_f1": 36.12863024627731,
 "n_features": 2000,
 "n_classes": 7,
 "n_samples": 457,
 "learned_lambda": 0.20798760652542114,
 "bio_anchor_have": false
}