{
 "dataset": "Wang",
 "mode": "learned",
 "K": 2,
 "seed": 1,
 "n_markers": 128,
 "test_macro_f1": 21.903166404073843,
 "test_accuracy": 32.608695652173914,
 "val_macro_f1": 31.33452754142409,
 "n_features": 2000,
 "n_classes": 7,
 "n_samples": 457,
 "learned_lambda": 0.20131944119930267,
 "bio_anchor_have": false
}