{
 "family": "pnet",
 "cohort": "brca",
 "task": "response",
 "mode": "curated",
 "K": 4,
 "seed": 7,
 "test_macro_f1": 18.572080424841992,
 "test_accuracy": 40.38461538461539,
 "n_features": 3000,
 "n_classes": 5,
 "n_samples": 518,
 "learned_lambda": 0.30126193165779114,
 "learned_beta": 0.9599757790565491,
 "graph_diag": {
  "n_genes": 3000,
  "n_genes_in_reactome": 3000,
  "reactome_coverage_frac": 1.0,
  "mean_degree": 26.314,
  "isolated_frac": 0.0,
  "corr_pi_pc1": 0.03449440747499466
 }
}