{
 "family": "pnet",
 "cohort": "brca",
 "task": "response",
 "mode": "curated",
 "K": 4,
 "seed": 4,
 "test_macro_f1": 24.003902585462868,
 "test_accuracy": 33.33333333333333,
 "n_features": 3000,
 "n_classes": 5,
 "n_samples": 518,
 "learned_lambda": 0.29641193151474,
 "learned_beta": 0.9576412439346313,
 "graph_diag": {
  "n_genes": 3000,
  "n_genes_in_reactome": 3000,
  "reactome_coverage_frac": 1.0,
  "mean_degree": 26.314,
  "isolated_frac": 0.0,
  "corr_pi_pc1": 0.037902675569057465
 }
}