{
 "family": "pnet",
 "cohort": "brca",
 "task": "response",
 "mode": "curated",
 "K": 4,
 "seed": 2,
 "test_macro_f1": 15.33471359558316,
 "test_accuracy": 42.94871794871795,
 "n_features": 3000,
 "n_classes": 5,
 "n_samples": 518,
 "learned_lambda": 0.3185431659221649,
 "learned_beta": 0.9585230350494385,
 "graph_diag": {
  "n_genes": 3000,
  "n_genes_in_reactome": 3000,
  "reactome_coverage_frac": 1.0,
  "mean_degree": 26.314,
  "isolated_frac": 0.0,
  "corr_pi_pc1": 0.03446340560913086
 }
}