{
 "family": "pnet",
 "cohort": "brca",
 "task": "response",
 "mode": "curated",
 "K": 4,
 "seed": 6,
 "test_macro_f1": 19.56763170384433,
 "test_accuracy": 35.256410256410255,
 "n_features": 3000,
 "n_classes": 5,
 "n_samples": 518,
 "learned_lambda": 0.2979676127433777,
 "learned_beta": 0.9537932276725769,
 "graph_diag": {
  "n_genes": 3000,
  "n_genes_in_reactome": 3000,
  "reactome_coverage_frac": 1.0,
  "mean_degree": 26.314,
  "isolated_frac": 0.0,
  "corr_pi_pc1": 0.028921276330947876
 }
}