{
 "family": "pnet",
 "cohort": "brca",
 "task": "response",
 "mode": "random",
 "K": 4,
 "seed": 8,
 "test_macro_f1": 23.989742437855647,
 "test_accuracy": 40.38461538461539,
 "n_features": 3000,
 "n_classes": 5,
 "n_samples": 518,
 "learned_lambda": 0.3066363036632538,
 "learned_beta": 0.9583806395530701,
 "graph_diag": {
  "n_genes": 3000,
  "n_genes_in_reactome": 3000,
  "reactome_coverage_frac": 1.0,
  "mean_degree": 26.314,
  "isolated_frac": 0.0,
  "corr_pi_pc1": 0.030228320509195328
 }
}