{
 "family": "pnet",
 "cohort": "brca",
 "task": "response",
 "mode": "random",
 "K": 4,
 "seed": 5,
 "test_macro_f1": 27.87607415804293,
 "test_accuracy": 50.641025641025635,
 "n_features": 3000,
 "n_classes": 5,
 "n_samples": 518,
 "learned_lambda": 0.298246830701828,
 "learned_beta": 0.9520866274833679,
 "graph_diag": {
  "n_genes": 3000,
  "n_genes_in_reactome": 3000,
  "reactome_coverage_frac": 1.0,
  "mean_degree": 26.314,
  "isolated_frac": 0.0,
  "corr_pi_pc1": 0.03858407586812973
 }
}