{
 "family": "pnet",
 "cohort": "brca",
 "task": "response",
 "mode": "random",
 "K": 4,
 "seed": 4,
 "test_macro_f1": 11.235690235690235,
 "test_accuracy": 17.307692307692307,
 "n_features": 3000,
 "n_classes": 5,
 "n_samples": 518,
 "learned_lambda": 0.298608660697937,
 "learned_beta": 0.9619966745376587,
 "graph_diag": {
  "n_genes": 3000,
  "n_genes_in_reactome": 3000,
  "reactome_coverage_frac": 1.0,
  "mean_degree": 26.314,
  "isolated_frac": 0.0,
  "corr_pi_pc1": 0.037902675569057465
 }
}