{
 "task": "prostate",
 "arm": "expert_k4",
 "pos_class": 1,
 "n_folds": 10,
 "pos_f1": [
  0.6357607770268585,
  0.08875440862618345
 ],
 "pos_precision": [
  0.5924981852227134,
  0.1554199617984786
 ],
 "pos_recall": [
  0.755495251017639,
  0.14006703490582312
 ],
 "maj_f1": [
  0.6619769765358962,
  0.3331122372085606
 ],
 "macro_f1": [
  0.6488688767813774,
  0.20550882990882122
 ],
 "accuracy": [
  0.6853143442423061,
  0.18347710660020114
 ]
}