{
 "task": "prostate",
 "arm": "fixed_k2",
 "pos_class": 1,
 "n_folds": 10,
 "pos_f1": [
  0.6497081939437054,
  0.0797905979367238
 ],
 "pos_precision": [
  0.6112026792906695,
  0.1145126820411258
 ],
 "pos_recall": [
  0.7368159203980099,
  0.13643628997760263
 ],
 "maj_f1": [
  0.7396311984074236,
  0.2492215654227359
 ],
 "macro_f1": [
  0.6946696961755644,
  0.15517747308276347
 ],
 "accuracy": [
  0.7254255474808564,
  0.13776237736206198
 ]
}