{
 "dataset": "Baron",
 "mode": "learned",
 "K": 4,
 "seed": 2,
 "n_markers": 128,
 "test_macro_f1": 83.93203273155154,
 "test_accuracy": 96.69389342668222,
 "val_macro_f1": 84.81563529361405,
 "n_features": 2000,
 "n_classes": 13,
 "n_samples": 8569,
 "learned_lambda": 0.3086507320404053,
 "bio_anchor_have": false
}