{
 "dataset": "Baron",
 "mode": "learned",
 "K": 4,
 "seed": 1,
 "n_markers": 128,
 "test_macro_f1": 84.89706061500392,
 "test_accuracy": 97.1606378840918,
 "val_macro_f1": 94.3205440695078,
 "n_features": 2000,
 "n_classes": 13,
 "n_samples": 8569,
 "learned_lambda": 0.2970242202281952,
 "bio_anchor_have": false
}