{
 "dataset": "Oesophagus",
 "mode": "learned",
 "K": 4,
 "seed": 2,
 "n_markers": 1024,
 "test_macro_f1": 73.54526698688079,
 "test_accuracy": 88.87246541595604,
 "n_features": 1089,
 "n_classes": 18,
 "n_samples": 87947,
 "learned_lambda": 0.5624909996986389
}