{
 "dataset": "Oesophagus",
 "mode": "learned",
 "K": 4,
 "seed": 0,
 "n_markers": 1024,
 "test_macro_f1": 73.04601740287919,
 "test_accuracy": 86.59844608679174,
 "n_features": 1089,
 "n_classes": 18,
 "n_samples": 87947,
 "learned_lambda": 0.35835233330726624
}