{
 "family": "pnet",
 "cohort": "blca",
 "task": "response",
 "mode": "curated",
 "K": 4,
 "n_features": 3000,
 "n_classes": 2,
 "n_samples": 404,
 "n_folds": 5,
 "seed": 42,
 "val_frac": 0.1,
 "cv_macro_f1": {
  "mean": 45.19942811129482,
  "std": 5.926234329077868,
  "folds": [
   40.02167238576846,
   55.916145938318884,
   40.44117647058824,
   47.1541057367829,
   42.464040025015635
  ]
 },
 "cv_accuracy": {
  "mean": 58.12962962962963,
  "std": 10.256495594242422,
  "folds": [
   49.382716049382715,
   66.66666666666666,
   67.90123456790124,
   64.19753086419753,
   42.5
  ]
 }
}