{
 "family": "pnet",
 "cohort": "blca",
 "task": "response",
 "mode": "learned_bio",
 "K": 4,
 "n_features": 3000,
 "n_classes": 2,
 "n_samples": 404,
 "n_folds": 5,
 "seed": 42,
 "val_frac": 0.1,
 "cv_macro_f1": {
  "mean": 48.07144949684579,
  "std": 5.054354185293145,
  "folds": [
   40.71648690292758,
   46.88524590163935,
   45.35132466677637,
   54.54545454545454,
   52.85873546743112
  ]
 },
 "cv_accuracy": {
  "mean": 54.70061728395062,
  "std": 3.73407812317377,
  "folds": [
   53.086419753086425,
   60.49382716049383,
   49.382716049382715,
   56.79012345679012,
   53.75
  ]
 }
}