{
 "family": "pnet",
 "cohort": "blca",
 "task": "response",
 "mode": "learned",
 "K": 4,
 "n_features": 3000,
 "n_classes": 2,
 "n_samples": 404,
 "n_folds": 5,
 "seed": 42,
 "val_frac": 0.1,
 "cv_macro_f1": {
  "mean": 46.802288068488316,
  "std": 7.46288778530337,
  "folds": [
   33.09957924263674,
   49.92481203007519,
   46.32115548003398,
   55.459544383346426,
   49.20634920634921
  ]
 },
 "cv_accuracy": {
  "mean": 49.50617283950617,
  "std": 7.811996059040184,
  "folds": [
   34.5679012345679,
   54.32098765432099,
   51.85185185185185,
   56.79012345679012,
   50.0
  ]
 }
}