{
 "family": "pnet",
 "cohort": "blca",
 "task": "response",
 "mode": "none",
 "K": 4,
 "n_features": 3000,
 "n_classes": 2,
 "n_samples": 404,
 "n_folds": 5,
 "seed": 42,
 "val_frac": 0.1,
 "cv_macro_f1": {
  "mean": 46.70740116034635,
  "std": 7.763486916537567,
  "folds": [
   33.76623376623377,
   46.14626939177543,
   54.57943925233645,
   44.242803504380475,
   54.80225988700565
  ]
 },
 "cv_accuracy": {
  "mean": 54.728395061728385,
  "std": 11.518961789996634,
  "folds": [
   37.03703703703704,
   66.66666666666666,
   59.25925925925925,
   45.67901234567901,
   65.0
  ]
 }
}