{
 "family": "pnet",
 "cohort": "blca",
 "task": "response",
 "mode": "curated",
 "K": 4,
 "seed": 8,
 "test_macro_f1": 41.9047619047619,
 "test_accuracy": 52.459016393442624,
 "n_features": 3000,
 "n_classes": 2,
 "n_samples": 404,
 "learned_lambda": 0.3028155565261841,
 "learned_beta": 0.9607048034667969,
 "graph_diag": {
  "n_genes": 3000,
  "n_genes_in_reactome": 3000,
  "reactome_coverage_frac": 1.0,
  "mean_degree": 26.028666666666666,
  "isolated_frac": 0.0,
  "corr_pi_pc1": 0.036786701530218124
 }
}