{
 "family": "pnet",
 "cohort": "blca",
 "task": "response",
 "mode": "curated",
 "K": 4,
 "seed": 7,
 "test_macro_f1": 45.37165187657738,
 "test_accuracy": 54.91803278688525,
 "n_features": 3000,
 "n_classes": 2,
 "n_samples": 404,
 "learned_lambda": 0.2997261881828308,
 "learned_beta": 0.9715077877044678,
 "graph_diag": {
  "n_genes": 3000,
  "n_genes_in_reactome": 3000,
  "reactome_coverage_frac": 1.0,
  "mean_degree": 26.028666666666666,
  "isolated_frac": 0.0,
  "corr_pi_pc1": 0.029454853385686874
 }
}