{
 "family": "pnet",
 "cohort": "blca",
 "task": "response",
 "mode": "curated",
 "K": 4,
 "seed": 0,
 "test_macro_f1": 42.83311306019464,
 "test_accuracy": 68.0327868852459,
 "n_features": 3000,
 "n_classes": 2,
 "n_samples": 404,
 "learned_lambda": 0.2999876141548157,
 "learned_beta": 0.973616361618042,
 "graph_diag": {
  "n_genes": 3000,
  "n_genes_in_reactome": 3000,
  "reactome_coverage_frac": 1.0,
  "mean_degree": 26.028666666666666,
  "isolated_frac": 0.0,
  "corr_pi_pc1": 0.01102366205304861
 }
}