{
 "family": "pnet",
 "cohort": "blca",
 "task": "response",
 "mode": "curated",
 "K": 4,
 "seed": 6,
 "test_macro_f1": 49.917898193760266,
 "test_accuracy": 59.01639344262295,
 "n_features": 3000,
 "n_classes": 2,
 "n_samples": 404,
 "learned_lambda": 0.2994024157524109,
 "learned_beta": 0.9616287350654602,
 "graph_diag": {
  "n_genes": 3000,
  "n_genes_in_reactome": 3000,
  "reactome_coverage_frac": 1.0,
  "mean_degree": 26.028666666666666,
  "isolated_frac": 0.0,
  "corr_pi_pc1": 0.03509199246764183
 }
}