{
 "family": "pnet",
 "cohort": "blca",
 "task": "response",
 "mode": "curated",
 "K": 4,
 "seed": 9,
 "test_macro_f1": 53.558859441212384,
 "test_accuracy": 56.557377049180324,
 "n_features": 3000,
 "n_classes": 2,
 "n_samples": 404,
 "learned_lambda": 0.2995735704898834,
 "learned_beta": 0.9599359035491943,
 "graph_diag": {
  "n_genes": 3000,
  "n_genes_in_reactome": 3000,
  "reactome_coverage_frac": 1.0,
  "mean_degree": 26.028666666666666,
  "isolated_frac": 0.0,
  "corr_pi_pc1": 0.043160755187273026
 }
}