{
 "family": "pnet",
 "cohort": "blca",
 "task": "response",
 "mode": "none",
 "K": 4,
 "seed": 4,
 "test_macro_f1": 37.637880010761364,
 "test_accuracy": 37.704918032786885,
 "n_features": 3000,
 "n_classes": 2,
 "n_samples": 404,
 "graph_diag": {
  "n_genes": 3000,
  "n_genes_in_reactome": 3000,
  "reactome_coverage_frac": 1.0,
  "mean_degree": 26.028666666666666,
  "isolated_frac": 0.0,
  "corr_pi_pc1": 0.024614594876766205
 }
}