{
 "family": "pnet",
 "cohort": "blca",
 "task": "response",
 "mode": "random",
 "K": 4,
 "seed": 5,
 "test_macro_f1": 53.586956521739125,
 "test_accuracy": 65.57377049180327,
 "n_features": 3000,
 "n_classes": 2,
 "n_samples": 404,
 "learned_lambda": 0.29617342352867126,
 "learned_beta": 0.9606484174728394,
 "graph_diag": {
  "n_genes": 3000,
  "n_genes_in_reactome": 3000,
  "reactome_coverage_frac": 1.0,
  "mean_degree": 26.028666666666666,
  "isolated_frac": 0.0,
  "corr_pi_pc1": 0.028927458450198174
 }
}