{
 "family": "pnet",
 "cohort": "blca",
 "task": "response",
 "mode": "random",
 "K": 4,
 "seed": 1,
 "test_macro_f1": 38.607771875873645,
 "test_accuracy": 40.98360655737705,
 "n_features": 3000,
 "n_classes": 2,
 "n_samples": 404,
 "learned_lambda": 0.30122482776641846,
 "learned_beta": 0.9635167121887207,
 "graph_diag": {
  "n_genes": 3000,
  "n_genes_in_reactome": 3000,
  "reactome_coverage_frac": 1.0,
  "mean_degree": 26.028666666666666,
  "isolated_frac": 0.0,
  "corr_pi_pc1": 0.020940814167261124
 }
}