{
 "family": "pnet",
 "cohort": "blca",
 "task": "response",
 "mode": "random",
 "K": 4,
 "seed": 3,
 "test_macro_f1": 48.49423022797636,
 "test_accuracy": 63.114754098360656,
 "n_features": 3000,
 "n_classes": 2,
 "n_samples": 404,
 "learned_lambda": 0.2988477647304535,
 "learned_beta": 0.9579877853393555,
 "graph_diag": {
  "n_genes": 3000,
  "n_genes_in_reactome": 3000,
  "reactome_coverage_frac": 1.0,
  "mean_degree": 26.028666666666666,
  "isolated_frac": 0.0,
  "corr_pi_pc1": 0.016830239444971085
 }
}