{
 "family": "pnet",
 "cohort": "blca",
 "task": "response",
 "mode": "route_random",
 "K": 4,
 "seed": 2,
 "test_macro_f1": 47.30214510579105,
 "test_accuracy": 51.63934426229508,
 "n_features": 3000,
 "n_classes": 2,
 "n_samples": 404,
 "learned_lambda": 0.30000001192092896,
 "learned_beta": 0.9721601009368896,
 "graph_diag": {
  "n_genes": 3000,
  "n_genes_in_reactome": 3000,
  "reactome_coverage_frac": 1.0,
  "mean_degree": 26.058666666666667,
  "isolated_frac": 0.0,
  "corr_pi_pc1": 0.03377554565668106
 }
}