{
 "family": "pnet",
 "cohort": "blca",
 "task": "response",
 "mode": "route_curated",
 "K": 4,
 "seed": 3,
 "test_macro_f1": 40.19607843137255,
 "test_accuracy": 67.21311475409836,
 "n_features": 3000,
 "n_classes": 2,
 "n_samples": 404,
 "learned_lambda": 0.30000001192092896,
 "learned_beta": 0.9740535616874695,
 "graph_diag": {
  "n_genes": 3000,
  "n_genes_in_reactome": 3000,
  "reactome_coverage_frac": 1.0,
  "mean_degree": 26.058666666666667,
  "isolated_frac": 0.0,
  "corr_pi_pc1": 0.018837863579392433
 }
}