{
 "family": "pnet",
 "cohort": "blca",
 "task": "response",
 "mode": "route_curated",
 "K": 4,
 "seed": 1,
 "test_macro_f1": 39.08232118758435,
 "test_accuracy": 39.34426229508197,
 "n_features": 3000,
 "n_classes": 2,
 "n_samples": 404,
 "learned_lambda": 0.30000001192092896,
 "learned_beta": 0.9717227220535278,
 "graph_diag": {
  "n_genes": 3000,
  "n_genes_in_reactome": 3000,
  "reactome_coverage_frac": 1.0,
  "mean_degree": 26.058666666666667,
  "isolated_frac": 0.0,
  "corr_pi_pc1": 0.023062359541654587
 }
}