{
 "family": "pnet",
 "cohort": "blca",
 "task": "response",
 "mode": "smooth_random",
 "K": 4,
 "seed": 0,
 "test_macro_f1": 49.09969257795345,
 "test_accuracy": 68.85245901639344,
 "n_features": 3000,
 "n_classes": 2,
 "n_samples": 404,
 "learned_lambda": 0.30001044273376465,
 "learned_beta": 0.9740769863128662,
 "graph_diag": {
  "n_genes": 3000,
  "n_genes_in_reactome": 3000,
  "reactome_coverage_frac": 1.0,
  "mean_degree": 26.058666666666667,
  "isolated_frac": 0.0,
  "corr_pi_pc1": 0.011040858924388885
 }
}