{
 "family": "pnet",
 "cohort": "blca",
 "task": "response",
 "mode": "smooth_random",
 "K": 4,
 "seed": 3,
 "test_macro_f1": 44.37689969604863,
 "test_accuracy": 60.65573770491803,
 "n_features": 3000,
 "n_classes": 2,
 "n_samples": 404,
 "learned_lambda": 0.3000020980834961,
 "learned_beta": 0.9740769863128662,
 "graph_diag": {
  "n_genes": 3000,
  "n_genes_in_reactome": 3000,
  "reactome_coverage_frac": 1.0,
  "mean_degree": 26.058666666666667,
  "isolated_frac": 0.0,
  "corr_pi_pc1": 0.018837863579392433
 }
}