{
 "family": "pnet",
 "cohort": "blca",
 "task": "response",
 "mode": "smooth_curated",
 "K": 4,
 "seed": 4,
 "test_macro_f1": 46.44808743169399,
 "test_accuracy": 59.83606557377049,
 "n_features": 3000,
 "n_classes": 2,
 "n_samples": 404,
 "learned_lambda": 0.300029456615448,
 "learned_beta": 0.9740769863128662,
 "graph_diag": {
  "n_genes": 3000,
  "n_genes_in_reactome": 3000,
  "reactome_coverage_frac": 1.0,
  "mean_degree": 26.058666666666667,
  "isolated_frac": 0.0,
  "corr_pi_pc1": 0.024318713694810867
 }
}