{
 "dataset": "baron",
 "config": "fixed",
 "seed": 1,
 "n_classes": 14,
 "n_test": 2571,
 "nll": 0.5765508941980214,
 "ece": 0.047895921107290074,
 "brier": 0.2817423300495217,
 "conf": 0.8498892727370998,
 "auroc": 0.8314223991511484
}