{
 "dataset": "blca",
 "config": "fixed",
 "seed": 1,
 "n_classes": 2,
 "n_test": 81,
 "nll": 0.6813826125700466,
 "ece": 0.1664228218115325,
 "brier": 0.48824211586252225,
 "conf": 0.5151385091933905,
 "auroc": 0.6090534979423868
}