{
 "dataset": "common_class",
 "config": "fixed",
 "seed": 1,
 "n_classes": 19,
 "n_test": 8250,
 "nll": 0.583678584790973,
 "ece": 0.029595856311674898,
 "brier": 0.2516919933056054,
 "conf": 0.8589162904517317,
 "auroc": 0.8349902423826097
}