{
 "dataset": "lung",
 "config": "fixed",
 "seed": 1,
 "n_classes": 25,
 "n_test": 17106,
 "nll": 0.641712377251638,
 "ece": 0.06930553074796675,
 "brier": 0.27116425134660926,
 "conf": 0.8858026662559756,
 "auroc": 0.8367055891745739
}