{
 "dataset": "oesophagus",
 "config": "fixed",
 "seed": 1,
 "n_classes": 18,
 "n_test": 26385,
 "nll": 0.5759030429895785,
 "ece": 0.04464950502676897,
 "brier": 0.2801900766164158,
 "conf": 0.8473404278996134,
 "auroc": 0.8295448359543012
}