{
 "dataset": "pancreas",
 "config": "fixed",
 "seed": 1,
 "n_classes": 15,
 "n_test": 2127,
 "nll": 0.4707512281456134,
 "ece": 0.041638618888150965,
 "brier": 0.12235570218854108,
 "conf": 0.970176465620638,
 "auroc": 0.7938507661558961
}