{
 "dataset": "panmeta_subtype",
 "config": "fixed",
 "seed": 1,
 "n_classes": 32,
 "n_test": 1718,
 "nll": 1.009913369477858,
 "ece": 0.028476923408166956,
 "brier": 0.4235196446235528,
 "conf": 0.6835556481578213,
 "auroc": 0.8393688656274317
}