{
 "dataset": "prostate",
 "config": "fixed",
 "seed": 1,
 "n_classes": 2,
 "n_test": 203,
 "nll": 4.612195057924652,
 "ece": 0.26495475344675523,
 "brier": 0.5924151171435017,
 "conf": 0.9109826109252639,
 "auroc": 0.4229705817297058
}