{
 "dataset": "prototype",
 "config": "fixed",
 "seed": 1,
 "n_classes": 10,
 "n_test": 27174,
 "nll": 0.23356262816984555,
 "ece": 0.03058954582863254,
 "brier": 0.06997017921592859,
 "conf": 0.989548942915356,
 "auroc": 0.9373052767263363
}