{
 "dataset": "segerstolpe",
 "config": "fixed",
 "seed": 1,
 "n_classes": 10,
 "n_test": 637,
 "nll": 2.072408453209954,
 "ece": 0.10731302219886751,
 "brier": 0.8775346847427663,
 "conf": 0.22505242565255662,
 "auroc": 0.4781020166073547
}