{
 "dataset": "spleen",
 "config": "fixed",
 "seed": 1,
 "n_classes": 28,
 "n_test": 28239,
 "nll": 1.3830882279011667,
 "ece": 0.007218636031610343,
 "brier": 0.5932751756059295,
 "conf": 0.5326965673753736,
 "auroc": 0.7476720202196488
}