{
 "dataset": "stad",
 "config": "fixed",
 "seed": 1,
 "n_classes": 2,
 "n_test": 83,
 "nll": 0.6918439032556989,
 "ece": 0.0454153288322887,
 "brier": 0.4987016601087927,
 "conf": 0.5273430396756623,
 "auroc": 0.5924418604651163
}