{
 "dataset": "tabula_muris",
 "config": "fixed",
 "seed": 1,
 "n_classes": 55,
 "n_test": 16458,
 "nll": 1.0493596241021246,
 "ece": 0.09409723725828231,
 "brier": 0.2799373004521882,
 "conf": 0.9197139586096008,
 "auroc": 0.8356549999538433
}