{
 "dataset": "tcell",
 "config": "fixed",
 "seed": 1,
 "n_classes": 7,
 "n_test": 7203,
 "nll": 1.0444514312339348,
 "ece": 0.02533910851889905,
 "brier": 0.5215949654280007,
 "conf": 0.6402034508862755,
 "auroc": 0.7136150498912147
}