{
  "task": "cancer_type",
  "test_accuracy": 0.9847036328871893,
  "test_macro_f1": 0.9870422816476953,
  "token_reduction_summary": {
    "original_tokens": 4000,
    "marker_tokens": 256,
    "retained_tokens": 256,
    "removed_tokens": 3744,
    "retention_ratio": 0.064,
    "reduction_ratio": 0.936,
    "reduction_percentage": 93.6,
    "attention_cost_factor": 244.14
  },
  "token_selection": {
    "retained_indices": [
      19,
      23,
      58,
      67,
      76,
      81,
      97,
      102,
      105,
      113,
      125,
      127,
      131,
      165,
      169,
      170,
      184,
      201,
      209,
      225,
      239,
      277,
      301,
      302,
      317,
      331,
      350,
      355,
      367,
      414,
      449,
      454,
      490,
      510,
      522,
      550,
      557,
      561,
      628,
      633,
      638,
      702,
      724,
      728,
      733,
      753,
      759,
      765,
      774,
      801,
      804,
      813,
      818,
      843,
      856,
      864,
      889,
      947,
      955,
      968,
      976,
      1010,
      1054,
      1057,
      1096,
      1123,
      1124,
      1141,
      1151,
      1157,
      1205,
      1212,
      1213,
      1223,
      1239,
      1244,
      1247,
      1281,
      1347,
      1354,
      1369,
      1372,
      1389,
      1392,
      1428,
      1437,
      1462,
      1479,
      1480,
      1507,
      1517,
      1519,
      1527,
      1530,
      1541,
      1544,
      1552,
      1576,
      1588,
      1594,
      1619,
      1644,
      1657,
      1661,
      1663,
      1673,
      1691,
      1757,
      1821,
      1827,
      1841,
      1871,
      1877,
      1883,
      1895,
      1898,
      1904,
      1934,
      1939,
      1951,
      1975,
      1983,
      2011,
      2031,
      2046,
      2057,
      2068,
      2075,
      2076,
      2088,
      2102,
      2107,
      2110,
      2129,
      2135,
      2151,
      2176,
      2185,
      2221,
      2234,
      2240,
      2250,
      2284,
      2293,
      2314,
      2320,
      2389,
      2398,
      2400,
      2446,
      2452,
      2459,
      2465,
      2466,
      2467,
      2494,
      2501,
      2508,
      2539,
      2545,
      2593,
      2608,
      2611,
      2613,
      2653,
      2673,
      2676,
      2713,
      2750,
      2768,
      2808,
      2813,
      2825,
      2857,
      2858,
      2859,
      2869,
      2876,
      2898,
      2913,
      2943,
      2955,
      2957,
      2965,
      2976,
      3012,
      3067,
      3070,
      3071,
      3077,
      3083,
      3100,
      3101,
      3106,
      3107,
      3114,
      3131,
      3133,
      3153,
      3163,
      3222,
      3229,
      3252,
      3257,
      3291,
      3308,
      3310,
      3314,
      3319,
      3329,
      3351,
      3353,
      3356,
      3393,
      3398,
      3406,
      3408,
      3410,
      3431,
      3466,
      3468,
      3471,
      3511,
      3513,
      3528,
      3569,
      3576,
      3602,
      3628,
      3637,
      3642,
      3652,
      3654,
      3676,
      3722,
      3760,
      3769,
      3807,
      3810,
      3813,
      3815,
      3821,
      3823,
      3824,
      3866,
      3888,
      3902,
      3905,
      3916,
      3928,
      3938,
      3951,
      3977,
      3987,
      3988,
      3990
    ],
    "retained_features": [
      "ABCC12",
      "ABCC5",
      "ADAM12",
      "ADAMTS14",
      "ADAMTSL3",
      "ADCY5",
      "ADRB1",
      "AFP",
      "AGR2",
      "AIM1L",
      "AKR7A3",
      "ALDH1A1",
      "ALDH3A1",
      "ANGPTL7",
      "ANKRD1",
      "ANKRD2",
      "ANPEP",
      "APOB",
      "APOH",
      "ARHGEF38",
      "ART4",
      "AURKB",
      "BANK1",
      "BARX1",
      "BDKRB1",
      "BIK",
      "BRSK2",
      "BTNL9",
      "C10orf90",
      "C1QL4",
      "C21orf29",
      "C2CD4C",
      "C6orf138",
      "C8orf46",
      "C9orf169",
      "CADM3",
      "CALN1",
      "CAMP",
      "CCL23",
      "CCL7",
      "CCND2",
      "CDK5R2",
      "CENPF",
      "CES1",
      "CFI",
      "CHRD",
      "CHRNA4",
      "CHST2",
      "CITED1",
      "CLEC3A",
      "CLGN",
      "CMYA5",
      "CNGB3",
      "COL19A1",
      "COL4A4",
      "COL8A1",
      "CPXM2",
      "CX3CR1",
      "CXCL14",
      "CXorf49B",
      "CYP21A2",
      "DAPK2",
      "DIRAS2",
      "DKFZp434J0226",
      "DNAJC12",
      "DSC1",
      "DSC2",
      "DUSP26",
      "E2F8",
      "EDAR",
      "ENPP1",
      "EOMES",
      "EPCAM",
      "EPHB1",
      "ERP27",
      "ESR1",
      "ETV4",
      "FAM153A",
      "FCER1A",
      "FCRL2",
      "FGF13",
      "FGF2",
      "FLJ40330",
      "FLNC",
      "FREM1",
      "FSD1",
      "GABRQ",
      "GALNTL1",
      "GALNTL2",
      "GGTLC1",
      "GJB7",
      "GKN2",
      "GLP1R",
      "GLS2",
      "GNMT",
      "GOLGA8A",
      "GPC5",
      "GPR37",
      "GPRC5C",
      "GRB14",
      "GSDMA",
      "HAL",
      "HCN4",
      "HEPACAM2",
      "HEPN1",
      "HIF3A",
      "HLA-G",
      "HS6ST3",
      "IL1A",
      "IL1R2",
      "IL6",
      "ISL2",
      "ITGA9",
      "ITIH2",
      "JPH2",
      "KANK4",
      "KCNA3",
      "KCNK15",
      "KCNK7",
      "KDM5D",
      "KIF18B",
      "KIF5C",
      "KLK3",
      "KRT17",
      "KRT6B",
      "KRT83",
      "L3MBTL4",
      "LAMC2",
      "LAMC3",
      "LCN6",
      "LGALS4",
      "LGI3",
      "LGSN",
      "LIPE",
      "LMOD1",
      "LOC100190938",
      "LOC286467",
      "LOC440173",
      "LRP4",
      "LRRC6",
      "LRRN3",
      "LUZP2",
      "MAL",
      "MAPK10",
      "MEG3",
      "MEOX2",
      "MSC",
      "MT1A",
      "MT1F",
      "MYO1G",
      "MYOCD",
      "MYOZ2",
      "NALCN",
      "NAP1L2",
      "NAP1L6",
      "NEB",
      "NEIL3",
      "NEU4",
      "NLRP5",
      "NMUR1",
      "NTN4",
      "NXPH3",
      "OBP2A",
      "OCA2",
      "PADI3",
      "PAX5",
      "PAX9",
      "PCDHGC5",
      "PEBP4",
      "PHGR1",
      "PLAC1",
      "PLAG1",
      "PLEKHG7",
      "POMC",
      "PON1",
      "PON3",
      "PPAN-P2RY11",
      "PPFIA4",
      "PRG4",
      "PROX1",
      "PTGIS",
      "PTPRQ",
      "PTPRZ1",
      "PYCR1",
      "RAB27B",
      "RBP5",
      "RNF212",
      "ROBO2",
      "ROPN1",
      "ROS1",
      "RPS27",
      "RTKN2",
      "RTN1",
      "RUNX1T1",
      "RXFP1",
      "S100A14",
      "SALL4",
      "SAMD13",
      "SCML4",
      "SCN8A",
      "SFRP5",
      "SFTPB",
      "SHISA2",
      "SIDT1",
      "SLC16A6",
      "SLC26A4",
      "SLC26A9",
      "SLC29A4",
      "SLC30A2",
      "SLC39A6",
      "SLC6A2",
      "SLC6A3",
      "SLC7A10",
      "SNORD116-28",
      "SNX22",
      "SORCS2",
      "SOSTDC1",
      "SOX11",
      "SPERT",
      "SRMS",
      "SRPX2",
      "SSTR1",
      "SULT4A1",
      "SUSD3",
      "SYNPO2L",
      "TDRD12",
      "TESC",
      "THRSP",
      "TMEM108",
      "TMEM145",
      "TMEM163",
      "TMEM232",
      "TMEM26",
      "TMSB4Y",
      "TRAT1",
      "TSPAN12",
      "TTC39A",
      "UGT2B28",
      "UGT3A2",
      "ULBP1",
      "ULBP3",
      "UNC5D",
      "UNC93A",
      "UPF0639",
      "VWA3A",
      "WFDC3",
      "WNT2",
      "WNT4",
      "XIRP2",
      "ZBTB16",
      "ZFR2",
      "ZNF208",
      "ZNF667",
      "ZNF804B",
      "ZNF826",
      "ZNF883"
    ],
    "n_retained_features": 256,
    "n_discarded_features": 3744,