{
 "dataset": "panmeta_subtype",
 "K": 16,
 "seed": 0,
 "val_macro_f1": 42.928300841712165,
 "test_macro_f1": 41.023285597629105,
 "test_accuracy": 42.78230500582072
}