{
 "dataset": "panmeta_subtype",
 "K": 2,
 "seed": 0,
 "val_macro_f1": 55.27233805882326,
 "test_macro_f1": 52.677524643483544,
 "test_accuracy": 55.64610011641443
}