{
 "dataset": "panmeta_subtype",
 "K": 5,
 "seed": 0,
 "val_macro_f1": 74.83469218223675,
 "test_macro_f1": 72.77541742807551,
 "test_accuracy": 77.18277066356228
}