{
 "dataset": "Oesophagus",
 "mode": "learned",
 "K": 4,
 "seed": 1,
 "n_markers": 256,
 "test_macro_f1": 70.13154427757344,
 "test_accuracy": 88.45177184006064,
 "n_features": 1089,
 "n_classes": 18,
 "n_samples": 87947,
 "learned_lambda": 0.589585542678833
}