{
 "dataset": "spleen",
 "K": 12,
 "seed": 1,
 "val_macro_f1": 44.74509208631541,
 "test_macro_f1": 45.623526192113204,
 "test_accuracy": 53.08615744183576
}