{
 "dataset": "spleen",
 "K": 20,
 "seed": 0,
 "val_macro_f1": 50.086694382100795,
 "test_macro_f1": 49.935904575654305,
 "test_accuracy": 56.83983143879032
}