{
 "dataset": "spleen",
 "K": 24,
 "seed": 1,
 "val_macro_f1": 39.188550322546476,
 "test_macro_f1": 40.32082707490755,
 "test_accuracy": 47.13339707496724
}