{
 "dataset": "spleen",
 "K": 40,
 "seed": 0,
 "val_macro_f1": 1.258453192353635,
 "test_macro_f1": 1.2430003220325834,
 "test_accuracy": 4.20340663621233
}