{
 "dataset": "spleen",
 "K": 48,
 "seed": 0,
 "val_macro_f1": 1.1739697569930916,
 "test_macro_f1": 1.1739540310546142,
 "test_accuracy": 19.66783526328836
}