{
 "dataset": "spleen",
 "K": 5,
 "seed": 1,
 "val_macro_f1": 44.97324679815101,
 "test_macro_f1": 44.86683973020137,
 "test_accuracy": 53.383618400084984
}