{
 "dataset": "spleen",
 "K": 6,
 "seed": 0,
 "val_macro_f1": 51.37646369100195,
 "test_macro_f1": 50.13067847913943,
 "test_accuracy": 57.2364460497893
}