{
 "task": "blca",
 "arm": "token_k4",
 "pos_class": 1,
 "n_folds": 10,
 "pos_f1": [
  0.7836160529682664,
  0.030244055879051615
 ],
 "pos_precision": [
  0.6787448229357007,
  0.021429328778219403
 ],
 "pos_recall": [
  0.9305723905723905,
  0.07184301568582045
 ],
 "maj_f1": [
  0.7836160529682664,
  0.030244055879051615
 ],
 "macro_f1": [
  0.4494011373962096,
  0.05660204656438375
 ],
 "accuracy": [
  0.6547222222222223,
  0.03838538443404822
 ]
}