{
 "dataset": "common_class",
 "n_samples": 27499,
 "n_features": 1089,
 "n_classes": 19,
 "n_train": 16361,
 "n_test": 8250,
 "transformer_params": 75168,
 "total_params": 204039,
 "config": {
  "heads": [
   "cell_type"
  ],
  "cohorts": null,
  "n_hvg": null,
  "n_channels": 1,
  "batch_size": 128,
  "val_frac": 0.15,
  "test_frac": 0.15,
  "d_model": 96,
  "n_heads": 4,
  "d_ff": 192,
  "dropout": 0.1,
  "n_markers": 16,
  "marker_mode": "router",
  "pathway_pool": "mean",
  "compress_mode": "aggregate",
  "recursive_marker_refine": true,
  "peak_init": true,
  "anneal_markers": true,
  "recursion_depth": 4,
  "share_weights": true,
  "share_strategy": "cycle",
  "n_unique_blocks": null,
  "step_cache": false,
  "adaptive_depth": false,
  "marker_ffn": false,
  "recursion_mode": "expert",
  "router_capacity": null,
  "router_alpha": 1.0,
  "router_temp": 1.0,
  "router_type": "linear",
  "router_z_coeff": 0.001,
  "router_balance_coeff": 0.1,
  "gene_interaction": "none",
  "interaction_knn": 16,
  "router_prior_beta": 1.0,
  "router_prior_anneal": true,
  "pathway_attn_bias": false,
  "pathway_attn_lambda": 2.0,
  "lambda_marker": 0.1,
  "gamma_diversity": 0.05,
  "beta_compression": 0.01,
  "lr": 0.001,
  "weight_decay": 1e-05,
  "epochs": 80,
  "patience": 12,
  "seed": 0,
  "device": "cuda"
 },
 "heads": {
  "cell_type": {
   "accuracy": 0.22593939393939394,
   "macro_f1": 0.14704671442813003,
   "weighted_f1": 0.2527443103266909,
   "per_class": {
    "0": {
     "precision": 0.0440251572327044,
     "recall": 0.3684210526315789,
     "f1-score": 0.07865168539325842,
     "support": 76.0
    },
    "1": {
     "precision": 0.14673913043478262,
     "recall": 0.08256880733944955,
     "f1-score": 0.10567514677103718,
     "support": 327.0
    },
    "2": {
     "precision": 0.07941176470588235,
     "recall": 0.1134453781512605,
     "f1-score": 0.09342560553633218,
     "support": 238.0
    },
    "3": {
     "precision": 0.11194029850746269,
     "recall": 0.17964071856287425,
     "f1-score": 0.13793103448275862,
     "support": 167.0
    },
    "4": {
     "precision": 0.09448818897637795,
     "recall": 0.225,
     "f1-score": 0.133086876155268,
     "support": 160.0
    },
    "5": {
     "precision": 0.16666666666666666,
     "recall": 0.0163265306122449,
     "f1-score": 0.02973977695167286,
     "support": 245.0
    },
    "6": {
     "precision": 0.054441260744985676,
     "recall": 0.15966386554621848,
     "f1-score": 0.0811965811965812,
     "support": 119.0
    },
    "7": {
     "precision": 0.22707423580786026,
     "recall": 0.23248882265275708,
     "f1-score": 0.22974963181148747,
     "support": 671.0
    },
    "8": {
     "precision": 0.03502626970227671,
     "recall": 0.1388888888888889,
     "f1-score": 0.055944055944055944,
     "support": 144.0
    },
    "9": {
     "precision": 0.10287081339712918,
     "recall": 0.10436893203883495,
     "f1-score": 0.10361445783132531,
     "support": 412.0
    },
    "10": {
     "precision": 0.0575,
     "recall": 0.13855421686746988,
     "f1-score": 0.0812720848056537,
     "support": 166.0
    },
    "11": {
     "precision": 0.15151515151515152,
     "recall": 0.05870841487279843,
     "f1-score": 0.0846262341325811,
     "support": 511.0
    },
    "12": {
     "precision": 0.19042553191489361,
     "recall": 0.3390151515151515,
     "f1-score": 0.2438692098092643,
     "support": 528.0
    },
    "13": {
     "precision": 0.018108651911468814,
     "recall": 0.09574468085106383,
     "f1-score": 0.030456852791878174,
     "support": 94.0
    },
    "14": {
     "precision": 0.0,
     "recall": 0.0,
     "f1-score": 0.0,
     "support": 14.0
    },
    "15": {
     "precision": 0.23478260869565218,
     "recall": 0.13432835820895522,
     "f1-score": 0.17088607594936708,
     "support": 201.0
    },
    "16": {
     "precision": 0.9058240396530359,
     "recall": 0.8269230769230769,
     "f1-score": 0.8645771732702543,
     "support": 884.0
    },
    "17": {
     "precision": 0.6833578792341679,
     "recall": 0.14206981016533987,
     "f1-score": 0.23523447401774397,
     "support": 3266.0
    },
    "18": {
     "precision": 0.017713365539452495,
     "recall": 0.4074074074074074,
     "f1-score": 0.033950617283950615,
     "support": 27.0
    },
    "accuracy": 0.22593939393939394,
    "macro avg": {
     "precision": 0.1748374218231553,
     "recall": 0.19808232174923002,
     "f1-score": 0.14704671442813003,
     "support": 8250.0
    },
    "weighted avg": {
     "precision": 0.43886399365322226,
     "recall": 0.22593939393939394,
     "f1-score": 0.2527443103266909,
     "support": 8250.0
    }
   }
  }
 }
}