{
 "dataset": "tabula_muris",
 "n_samples": 54865,
 "n_features": 1089,
 "n_classes": 55,
 "n_train": 32645,
 "n_test": 16458,
 "transformer_params": 75168,
 "total_params": 211023,
 "config": {
  "heads": [
   "cell_type"
  ],
  "cohorts": null,
  "n_hvg": null,
  "n_channels": 1,
  "batch_size": 128,
  "val_frac": 0.15,
  "test_frac": 0.15,
  "d_model": 96,
  "n_heads": 4,
  "d_ff": 192,
  "dropout": 0.1,
  "n_markers": 16,
  "marker_mode": "router",
  "pathway_pool": "mean",
  "compress_mode": "aggregate",
  "recursive_marker_refine": true,
  "peak_init": true,
  "anneal_markers": true,
  "recursion_depth": 4,
  "share_weights": true,
  "share_strategy": "cycle",
  "n_unique_blocks": null,
  "step_cache": false,
  "adaptive_depth": false,
  "marker_ffn": false,
  "recursion_mode": "expert",
  "router_capacity": null,
  "router_alpha": 1.0,
  "router_temp": 1.0,
  "router_type": "linear",
  "router_z_coeff": 0.001,
  "router_balance_coeff": 0.1,
  "gene_interaction": "none",
  "interaction_knn": 16,
  "router_prior_beta": 1.0,
  "router_prior_anneal": true,
  "pathway_attn_bias": false,
  "pathway_attn_lambda": 2.0,
  "lambda_marker": 0.1,
  "gamma_diversity": 0.05,
  "beta_compression": 0.01,
  "lr": 0.001,
  "weight_decay": 1e-05,
  "epochs": 80,
  "patience": 12,
  "seed": 0,
  "device": "cuda"
 },
 "heads": {
  "cell_type": {
   "accuracy": 0.4614169400899259,
   "macro_f1": 0.36323936319163813,
   "weighted_f1": 0.4787571091339794,
   "per_class": {
    "0": {
     "precision": 0.6483950617283951,
     "recall": 0.5277331189710611,
     "f1-score": 0.5818745845335697,
     "support": 2488.0
    },
    "1": {
     "precision": 0.006514657980456026,
     "recall": 0.3076923076923077,
     "f1-score": 0.012759170653907496,
     "support": 13.0
    },
    "2": {
     "precision": 0.3333333333333333,
     "recall": 0.15,
     "f1-score": 0.20689655172413793,
     "support": 20.0
    },
    "3": {
     "precision": 0.10526315789473684,
     "recall": 0.18181818181818182,
     "f1-score": 0.13333333333333333,
     "support": 11.0
    },
    "4": {
     "precision": 0.4899193548387097,
     "recall": 0.1836734693877551,
     "f1-score": 0.26717976910390323,
     "support": 1323.0
    },
    "5": {
     "precision": 0.3870967741935484,
     "recall": 0.5769230769230769,
     "f1-score": 0.46332046332046334,
     "support": 104.0
    },
    "6": {
     "precision": 0.42231075697211157,
     "recall": 0.8983050847457628,
     "f1-score": 0.5745257452574526,
     "support": 118.0
    },
    "7": {
     "precision": 0.9152981849611063,
     "recall": 0.7980406932931424,
     "f1-score": 0.8526570048309179,
     "support": 1327.0
    },
    "8": {
     "precision": 0.29411764705882354,
     "recall": 0.2777777777777778,
     "f1-score": 0.2857142857142857,
     "support": 18.0
    },
    "9": {
     "precision": 0.37404580152671757,
     "recall": 0.407202216066482,
     "f1-score": 0.38992042440318303,
     "support": 361.0
    },
    "10": {
     "precision": 0.9613095238095238,
     "recall": 0.9228571428571428,
     "f1-score": 0.9416909620991254,
     "support": 350.0
    },
    "11": {
     "precision": 0.2655172413793103,
     "recall": 0.22514619883040934,
     "f1-score": 0.24367088607594936,
     "support": 342.0
    },
    "12": {
     "precision": 0.5806451612903226,
     "recall": 1.0,
     "f1-score": 0.7346938775510204,
     "support": 18.0
    },
    "13": {
     "precision": 0.08196721311475409,
     "recall": 0.3333333333333333,
     "f1-score": 0.13157894736842105,
     "support": 15.0
    },
    "14": {
     "precision": 0.4583333333333333,
     "recall": 0.22916666666666666,
     "f1-score": 0.3055555555555556,
     "support": 48.0
    },
    "15": {
     "precision": 0.027777777777777776,
     "recall": 0.38461538461538464,
     "f1-score": 0.05181347150259067,
     "support": 13.0
    },
    "16": {
     "precision": 0.06944444444444445,
     "recall": 0.625,
     "f1-score": 0.125,
     "support": 8.0
    },
    "17": {
     "precision": 0.034759358288770054,
     "recall": 0.6842105263157895,
     "f1-score": 0.06615776081424936,
     "support": 19.0
    },
    "18": {
     "precision": 0.2894736842105263,
     "recall": 0.5789473684210527,
     "f1-score": 0.38596491228070173,
     "support": 19.0
    },
    "19": {
     "precision": 0.5835010060362174,
     "recall": 0.3399765533411489,
     "f1-score": 0.42962962962962964,
     "support": 853.0
    },
    "20": {
     "precision": 0.029411764705882353,
     "recall": 0.5,
     "f1-score": 0.05555555555555555,
     "support": 8.0
    },
    "21": {
     "precision": 0.21341463414634146,
     "recall": 0.2681992337164751,
     "f1-score": 0.23769100169779286,
     "support": 261.0
    },
    "22": {
     "precision": 0.15625,
     "recall": 0.6521739130434783,
     "f1-score": 0.25210084033613445,
     "support": 46.0
    },
    "23": {
     "precision": 0.14857142857142858,
     "recall": 0.7647058823529411,
     "f1-score": 0.24880382775119617,
     "support": 68.0
    },
    "24": {
     "precision": 0.9021739130434783,
     "recall": 0.7614678899082569,
     "f1-score": 0.8258706467661692,
     "support": 218.0
    },
    "25": {
     "precision": 0.7244094488188977,
     "recall": 0.8141592920353983,
     "f1-score": 0.7666666666666667,
     "support": 113.0
    },
    "26": {
     "precision": 0.6190476190476191,
     "recall": 0.5508474576271186,
     "f1-score": 0.5829596412556054,
     "support": 118.0
    },
    "27": {
     "precision": 0.9317269076305221,
     "recall": 0.8771266540642723,
     "f1-score": 0.9036027263875365,
     "support": 529.0
    },
    "28": {
     "precision": 0.039473684210526314,
     "recall": 0.5294117647058824,
     "f1-score": 0.07346938775510205,
     "support": 34.0
    },
    "29": {
     "precision": 0.3497854077253219,
     "recall": 0.4014778325123153,
     "f1-score": 0.3738532110091743,
     "support": 406.0
    },
    "30": {
     "precision": 0.7706237424547284,
     "recall": 0.8299024918743229,
     "f1-score": 0.7991653625456442,
     "support": 923.0
    },
    "31": {
     "precision": 0.2534722222222222,
     "recall": 0.6186440677966102,
     "f1-score": 0.35960591133004927,
     "support": 118.0
    },
    "32": {
     "precision": 0.06060606060606061,
     "recall": 0.14285714285714285,
     "f1-score": 0.0851063829787234,
     "support": 14.0
    },
    "33": {
     "precision": 0.12871287128712872,
     "recall": 0.09774436090225563,
     "f1-score": 0.1111111111111111,
     "support": 133.0
    },
    "34": {
     "precision": 0.25688073394495414,
     "recall": 0.5957446808510638,
     "f1-score": 0.358974358974359,
     "support": 141.0
    },
    "35": {
     "precision": 0.6322418136020151,
     "recall": 0.6991643454038997,
     "f1-score": 0.6640211640211641,
     "support": 359.0
    },
    "36": {
     "precision": 0.29523809523809524,
     "recall": 0.3924050632911392,
     "f1-score": 0.33695652173913043,
     "support": 79.0
    },
    "37": {
     "precision": 0.3364485981308411,
     "recall": 0.3711340206185567,
     "f1-score": 0.35294117647058826,
     "support": 97.0
    },
    "38": {
     "precision": 0.30578512396694213,
     "recall": 0.5362318840579711,
     "f1-score": 0.3894736842105263,
     "support": 138.0
    },
    "39": {
     "precision": 0.20588235294117646,
     "recall": 0.2517985611510791,
     "f1-score": 0.22653721682847897,
     "support": 139.0
    },
    "40": {
     "precision": 0.015384615384615385,
     "recall": 0.0025252525252525255,
     "f1-score": 0.004338394793926247,
     "support": 396.0
    },
    "41": {
     "precision": 0.043478260869565216,
     "recall": 0.14285714285714285,
     "f1-score": 0.06666666666666667,
     "support": 7.0
    },
    "42": {
     "precision": 0.02092050209205021,
     "recall": 0.3333333333333333,
     "f1-score": 0.03937007874015748,
     "support": 15.0
    },
    "43": {
     "precision": 0.8348082595870207,