{
 "family": "pnet",
 "cohort": "blca",
 "task": "response",
 "mode": "learned",
 "K": 2,
 "n_features": 3000,
 "n_classes": 2,
 "n_samples": 404,
 "n_folds": 5,
 "seed": 42,
 "val_frac": 0.1,
 "cv_macro_f1": {
  "mean": 48.01922444223644,
  "std": 4.603631744998465,
  "folds": [
   51.82247979258807,
   46.09641291998052,
   54.72049689440994,
   45.47123623011016,
   41.98549637409352
  ]
 },
 "cv_accuracy": {
  "mean": 53.24382716049382,
  "std": 6.1611030402155755,
  "folds": [
   51.85185185185185,
   49.382716049382715,
   55.55555555555556,
   45.67901234567901,
   63.74999999999999
  ]
 }
}