{
 "dataset": "Lung",
 "mode": "learned",
 "K": 1,
 "seed": 1,
 "n_markers": 128,
 "test_macro_f1": 78.82756869901918,
 "test_accuracy": 86.72395650648895,
 "val_macro_f1": 79.43252849951617,
 "n_features": 1089,
 "n_classes": 25,
 "n_samples": 57020,
 "learned_lambda": 0.6568291187286377,
 "bio_anchor_have": false
}