{
 "dataset": "Lung",
 "mode": "learned",
 "K": 1,
 "seed": 2,
 "n_markers": 128,
 "test_macro_f1": 78.81132829410674,
 "test_accuracy": 86.50181222962703,
 "val_macro_f1": 80.05640824780015,
 "n_features": 1089,
 "n_classes": 25,
 "n_samples": 57020,
 "learned_lambda": 0.5808855891227722,
 "bio_anchor_have": false
}