{
 "dataset": "Lung",
 "mode": "learned",
 "K": 1,
 "seed": 0,
 "n_markers": 128,
 "test_macro_f1": 78.70473124762528,
 "test_accuracy": 85.42032035543085,
 "val_macro_f1": 79.38789342612179,
 "n_features": 1089,
 "n_classes": 25,
 "n_samples": 57020,
 "learned_lambda": 0.7503957748413086,
 "bio_anchor_have": false
}