{
 "dataset": "Lung",
 "method": "Linear (ANOVA->PCA->LogReg)",
 "n_folds": 5,
 "seed": 42,
 "n_features": 1089,
 "n_classes": 25,
 "n_samples": 57020,
 "cv_macro_f1": {
  "mean": 75.43828205443558,
  "std": 0.4754265200702112,
  "folds": [
   75.38467221631221,
   74.62857656830104,
   76.11149798927329,
   75.5468651718834,
   75.51979832640797
  ]
 }
}