{
 "dataset": "Lung",
 "mode": "learned",
 "K": 3,
 "seed": 1,
 "n_markers": 128,
 "test_macro_f1": 77.6722384006433,
 "test_accuracy": 86.47842862153631,
 "val_macro_f1": 77.46141441571112,
 "n_features": 1089,
 "n_classes": 25,
 "n_samples": 57020,
 "learned_lambda": 0.6502845287322998,
 "bio_anchor_have": false
}