{
 "dataset": "baron",
 "config": "fixed",
 "seed": 2,
 "n_classes": 14,
 "n_test": 2571,
 "nll": 0.45607802701501404,
 "ece": 0.03074870513330135,
 "brier": 0.2277725503424308,
 "conf": 0.8462299473195073,
 "auroc": 0.8134752229080933
}