{
 "dataset": "blca",
 "config": "fixed",
 "seed": 2,
 "n_classes": 2,
 "n_test": 81,
 "nll": 0.6912222156692195,
 "ece": 0.0751233470839503,
 "brier": 0.49807510281268785,
 "conf": 0.5051235664962966,
 "auroc": 0.5344180225281602
}