{
 "dataset": "common_class",
 "config": "fixed",
 "seed": 2,
 "n_classes": 19,
 "n_test": 8250,
 "nll": 0.6671015556475012,
 "ece": 0.022533956556743756,
 "brier": 0.28099455179441846,
 "conf": 0.8211344997197583,
 "auroc": 0.8531191538591116
}