{
 "dataset": "lung",
 "config": "fixed",
 "seed": 2,
 "n_classes": 25,
 "n_test": 17106,
 "nll": 0.6636254650757735,
 "ece": 0.06554804817085116,
 "brier": 0.2799077716149336,
 "conf": 0.8723979974751868,
 "auroc": 0.8370433360887797
}