{
 "dataset": "oesophagus",
 "config": "fixed",
 "seed": 2,
 "n_classes": 18,
 "n_test": 26385,
 "nll": 0.6638408856116739,
 "ece": 0.05736426682602655,
 "brier": 0.3299245043488957,
 "conf": 0.8263618033050867,
 "auroc": 0.7864181104905854
}