{
 "dataset": "panmeta_subtype",
 "config": "fixed",
 "seed": 2,
 "n_classes": 32,
 "n_test": 1718,
 "nll": 0.8271888663809311,
 "ece": 0.0249637196636858,
 "brier": 0.35000071527789933,
 "conf": 0.7283353474909916,
 "auroc": 0.8513681228699155
}