{
 "dataset": "prostate",
 "config": "fixed",
 "seed": 2,
 "n_classes": 2,
 "n_test": 203,
 "nll": 5.804707739407944,
 "ece": 0.3349672468123965,
 "brier": 0.7422835355822134,
 "conf": 0.8830376605083816,
 "auroc": 0.41614593831888735
}