{
 "dataset": "prototype",
 "config": "fixed",
 "seed": 2,
 "n_classes": 10,
 "n_test": 27174,
 "nll": 0.17413973132024424,
 "ece": 0.025859674873092,
 "brier": 0.07840346300343064,
 "conf": 0.9752163631980438,
 "auroc": 0.9351950469966179
}