{
 "dataset": "segerstolpe",
 "config": "fixed",
 "seed": 2,
 "n_classes": 10,
 "n_test": 637,
 "nll": 2.1687130549498668,
 "ece": 0.07894634587628975,
 "brier": 0.8866448217190475,
 "conf": 0.16422851857802892,
 "auroc": 0.3306717612096274
}