{
 "dataset": "spleen",
 "config": "fixed",
 "seed": 2,
 "n_classes": 28,
 "n_test": 28239,
 "nll": 1.1606712075967962,
 "ece": 0.043527107739086815,
 "brier": 0.5230313874298779,
 "conf": 0.6435793743002207,
 "auroc": 0.7631986706360911
}