{
 "dataset": "stad",
 "config": "fixed",
 "seed": 2,
 "n_classes": 2,
 "n_test": 83,
 "nll": 0.8177378985514496,
 "ece": 0.1664673265423177,
 "brier": 0.5908525593183727,
 "conf": 0.5934763810704597,
 "auroc": 0.4174418604651162
}