{
 "dataset": "tabula_muris",
 "config": "fixed",
 "seed": 2,
 "n_classes": 55,
 "n_test": 16458,
 "nll": 0.9998883045320548,
 "ece": 0.09219438598266722,
 "brier": 0.22940779735753533,
 "conf": 0.9579090574557111,
 "auroc": 0.8206881749541792
}