{
 "dataset": "tcell",
 "config": "fixed",
 "seed": 2,
 "n_classes": 7,
 "n_test": 7203,
 "nll": 0.9539909252237879,
 "ece": 0.02717907761950416,
 "brier": 0.4714774992688378,
 "conf": 0.6946787305418977,
 "auroc": 0.7050555094327826
}