{
 "dataset": "baron",
 "config": "adaptive",
 "seed": 0,
 "n_classes": 14,
 "n_test": 2571,
 "nll": 0.46595180282899257,
 "ece": 0.06193715928710197,
 "brier": 0.18111305331461852,
 "conf": 0.949490153636378,
 "auroc": 0.8501558102440616
}