{
 "dataset": "blca",
 "config": "adaptive",
 "seed": 0,
 "n_classes": 2,
 "n_test": 81,
 "nll": 8.117380297591366,
 "ece": 0.33168797232360653,
 "brier": 0.6392582608496525,
 "conf": 0.9772573689312761,
 "auroc": 0.5633423180592992
}