{
 "dataset": "common_class",
 "config": "adaptive",
 "seed": 0,
 "n_classes": 19,
 "n_test": 8250,
 "nll": 0.6808835493387785,
 "ece": 0.046844320845275164,
 "brier": 0.2695008186750113,
 "conf": 0.8592079572089115,
 "auroc": 0.8690222826770055
}