{
 "dataset": "lung",
 "config": "adaptive",
 "seed": 0,
 "n_classes": 25,
 "n_test": 17106,
 "nll": 0.6096193364138665,
 "ece": 0.02883136377017711,
 "brier": 0.29322082699946056,
 "conf": 0.8183788909536216,
 "auroc": 0.8393805016700395
}