{
 "dataset": "oesophagus",
 "config": "adaptive",
 "seed": 0,
 "n_classes": 18,
 "n_test": 26385,
 "nll": 0.6383176745028659,
 "ece": 0.017714633993716318,
 "brier": 0.3235154137482462,
 "conf": 0.7848701870068971,
 "auroc": 0.7888964723356042
}