{
 "dataset": "pancreas",
 "config": "adaptive",
 "seed": 0,
 "n_classes": 15,
 "n_test": 2127,
 "nll": 0.4206145495947706,
 "ece": 0.025183131485484685,
 "brier": 0.17845426259163927,
 "conf": 0.8904563269943863,
 "auroc": 0.8106517307144266
}