{
 "dataset": "panmeta_subtype",
 "config": "adaptive",
 "seed": 0,
 "n_classes": 32,
 "n_test": 1718,
 "nll": 1.416506542542418,
 "ece": 0.04862061833804441,
 "brier": 0.5895407956059868,
 "conf": 0.5162950152700151,
 "auroc": 0.728314824394378
}