{
 "dataset": "prostate",
 "config": "adaptive",
 "seed": 0,
 "n_classes": 2,
 "n_test": 203,
 "nll": 0.6694723395632362,
 "ece": 0.19724133927244616,
 "brier": 0.4763290547467756,
 "conf": 0.5303125490793912,
 "auroc": 0.5472242249459265
}