{
 "dataset": "segerstolpe",
 "config": "adaptive",
 "seed": 0,
 "n_classes": 10,
 "n_test": 637,
 "nll": 2.2541228822898605,
 "ece": 0.038813833994444616,
 "brier": 0.8935368471706215,
 "conf": 0.14399436774640692,
 "auroc": 0.47926158680282793
}