{
 "dataset": "spleen",
 "config": "adaptive",
 "seed": 0,
 "n_classes": 28,
 "n_test": 28239,
 "nll": 1.2786694138952721,
 "ece": 0.026745302165436247,
 "brier": 0.5576612896793683,
 "conf": 0.5999137766825928,
 "auroc": 0.7535019518830497
}