{
 "dataset": "stad",
 "config": "adaptive",
 "seed": 0,
 "n_classes": 2,
 "n_test": 83,
 "nll": 0.9571079228799075,
 "ece": 0.2584316801067482,
 "brier": 0.6179148593798193,
 "conf": 0.6270659680999698,
 "auroc": 0.597394540942928
}