{
 "dataset": "tabula_muris",
 "config": "adaptive",
 "seed": 0,
 "n_classes": 55,
 "n_test": 16458,
 "nll": 1.1966392983814582,
 "ece": 0.09412065718085941,
 "brier": 0.2602978423226515,
 "conf": 0.9372364671213138,
 "auroc": 0.7693709460287745
}