{
 "dataset": "tcell",
 "config": "adaptive",
 "seed": 0,
 "n_classes": 7,
 "n_test": 7203,
 "nll": 0.9847157236213453,
 "ece": 0.13489532741430643,
 "brier": 0.5031308509794333,
 "conf": 0.5624053615770873,
 "auroc": 0.67954947262078
}