{
 "task": "pan_meta_pri_3modal",
 "arm": "expert_k4",
 "pos_class": 1,
 "n_folds": 10,
 "pos_f1": [
  0.9057223761690455,
  0.03680901673301065
 ],
 "pos_precision": [
  0.9102813028032856,
  0.05998522343208724
 ],
 "pos_recall": [
  0.9044140030441401,
  0.041907071801567546
 ],
 "maj_f1": [
  0.9958342275646661,
  0.0017751708396182904
 ],
 "macro_f1": [
  0.9507783018668559,
  0.01928451086228831
 ],
 "accuracy": [
  0.992021983818597,
  0.0033858629557718474
 ]
}