{
 "dataset": "blca",
 "method": "Linear (ANOVA->PCA->LogReg)",
 "n_folds": 5,
 "seed": 42,
 "n_features": 3000,
 "n_classes": 2,
 "n_samples": 404,
 "cv_macro_f1": {
  "mean": 46.0556965710237,
  "std": 5.148508708902633,
  "folds": [
   38.961038961038966,
   45.35232383808096,
   45.035714285714285,
   55.03568596352102,
   45.893719806763286
  ]
 }
}