{
 "dataset": "Oesophagus",
 "mode": "learned",
 "K": 3,
 "seed": 2,
 "n_markers": 128,
 "test_macro_f1": 68.8532261397003,
 "test_accuracy": 87.7771461057419,
 "val_macro_f1": 70.0201494090224,
 "n_features": 1089,
 "n_classes": 18,
 "n_samples": 87947,
 "learned_lambda": 0.7655231952667236,
 "bio_anchor_have": false
}