{
 "dataset": "Oesophagus",
 "mode": "learned",
 "K": 3,
 "seed": 0,
 "n_markers": 128,
 "test_macro_f1": 69.95930081568456,
 "test_accuracy": 87.31097214326323,
 "val_macro_f1": 71.5044285172541,
 "n_features": 1089,
 "n_classes": 18,
 "n_samples": 87947,
 "learned_lambda": 0.5449287295341492,
 "bio_anchor_have": false
}