{
 "dataset": "Lung",
 "mode": "route_random",
 "K": 4,
 "seed": 0,
 "test_macro_f1": 64.70303210981531,
 "test_accuracy": 73.74020811411201,
 "n_features": 1089,
 "n_classes": 25,
 "n_samples": 57020
}