{
 "dataset": "Lung",
 "mode": "route_coexpr",
 "K": 4,
 "seed": 2,
 "test_macro_f1": 72.83626930938115,
 "test_accuracy": 78.70922483339179,
 "n_features": 1089,
 "n_classes": 25,
 "n_samples": 57020
}