{
 "dataset": "Lung",
 "mode": "route_random",
 "K": 4,
 "seed": 1,
 "test_macro_f1": 69.13778750494247,
 "test_accuracy": 79.14766748509295,
 "n_features": 1089,
 "n_classes": 25,
 "n_samples": 57020
}