{
 "dataset": "Lung",
 "mode": "route_coexpr",
 "K": 4,
 "seed": 4,
 "test_macro_f1": 73.2530548360811,
 "test_accuracy": 78.76183795159594,
 "n_features": 1089,
 "n_classes": 25,
 "n_samples": 57020
}