{
 "dataset": "Lung",
 "mode": "route_random",
 "K": 4,
 "seed": 2,
 "test_macro_f1": 72.17468500857908,
 "test_accuracy": 77.41143458435637,
 "n_features": 1089,
 "n_classes": 25,
 "n_samples": 57020
}