{
 "dataset": "Lung",
 "mode": "smooth_random",
 "K": 4,
 "seed": 1,
 "test_macro_f1": 69.40720350330399,
 "test_accuracy": 80.03624459254063,
 "n_features": 1089,
 "n_classes": 25,
 "n_samples": 57020
}