{
 "dataset": "Lung",
 "mode": "smooth_coexpr",
 "K": 4,
 "seed": 0,
 "test_macro_f1": 74.0858341163153,
 "test_accuracy": 82.73705132701976,
 "n_features": 1089,
 "n_classes": 25,
 "n_samples": 57020
}