{
 "dataset": "Lung",
 "mode": "smooth_coexpr",
 "K": 4,
 "seed": 4,
 "test_macro_f1": 73.64428308554658,
 "test_accuracy": 81.29895942943996,
 "n_features": 1089,
 "n_classes": 25,
 "n_samples": 57020
}