{
 "dataset": "Lung",
 "mode": "smooth_random",
 "K": 4,
 "seed": 2,
 "test_macro_f1": 73.56255478584325,
 "test_accuracy": 78.41692973225769,
 "n_features": 1089,
 "n_classes": 25,
 "n_samples": 57020
}