{
 "dataset": "Lung",
 "mode": "smooth_coexpr",
 "K": 4,
 "seed": 1,
 "test_macro_f1": 70.58972130476798,
 "test_accuracy": 81.98877586811645,
 "n_features": 1089,
 "n_classes": 25,
 "n_samples": 57020
}