{
 "dataset": "lung",
 "n_samples": 57020,
 "n_features": 1089,
 "n_classes": 25,
 "n_train": 33926,
 "n_test": 17106,
 "transformer_params": 75168,
 "total_params": 215955,
 "config": {
  "heads": [
   "cell_type"
  ],
  "cohorts": null,
  "n_hvg": null,
  "n_channels": 1,
  "batch_size": 128,
  "val_frac": 0.15,
  "test_frac": 0.15,
  "d_model": 96,
  "n_heads": 4,
  "d_ff": 192,
  "dropout": 0.1,
  "n_markers": 128,
  "marker_mode": "router",
  "pathway_pool": "mean",
  "compress_mode": "aggregate",
  "recursive_marker_refine": true,
  "peak_init": true,
  "anneal_markers": true,
  "recursion_depth": 4,
  "share_weights": true,
  "share_strategy": "cycle",
  "n_unique_blocks": null,
  "step_cache": false,
  "adaptive_depth": false,
  "marker_ffn": false,
  "recursion_mode": "expert",
  "router_capacity": null,
  "router_alpha": 1.0,
  "router_temp": 1.0,
  "router_type": "linear",
  "router_z_coeff": 0.001,
  "router_balance_coeff": 0.1,
  "gene_interaction": "none",
  "interaction_knn": 16,
  "router_prior_beta": 1.0,
  "router_prior_anneal": true,
  "pathway_attn_bias": false,
  "pathway_attn_lambda": 2.0,
  "lambda_marker": 0.1,
  "gamma_diversity": 0.05,
  "beta_compression": 0.01,
  "lr": 0.001,
  "weight_decay": 1e-05,
  "epochs": 80,
  "patience": 12,
  "seed": 2,
  "device": "cuda"
 },
 "heads": {
  "cell_type": {
   "accuracy": 0.7731790015199346,
   "macro_f1": 0.7356920653848148,
   "weighted_f1": 0.7846908025922305,
   "per_class": {
    "0": {
     "precision": 0.5640243902439024,
     "recall": 0.8078602620087336,
     "f1-score": 0.6642728904847397,
     "support": 229.0
    },
    "1": {
     "precision": 0.9782608695652174,
     "recall": 0.962223806129722,
     "f1-score": 0.9701760689902983,
     "support": 1403.0
    },
    "2": {
     "precision": 0.9455337690631809,
     "recall": 0.9333333333333333,
     "f1-score": 0.9393939393939394,
     "support": 465.0
    },
    "3": {
     "precision": 0.9475218658892128,
     "recall": 0.8044554455445545,
     "f1-score": 0.8701472556894244,
     "support": 808.0
    },
    "4": {
     "precision": 0.8968253968253969,
     "recall": 0.8071428571428572,
     "f1-score": 0.849624060150376,
     "support": 140.0
    },
    "5": {
     "precision": 0.8043478260869565,
     "recall": 0.7551020408163265,
     "f1-score": 0.7789473684210526,
     "support": 49.0
    },
    "6": {
     "precision": 0.6918714555765595,
     "recall": 0.7593360995850622,
     "f1-score": 0.7240356083086054,
     "support": 482.0
    },
    "7": {
     "precision": 0.5274725274725275,
     "recall": 0.6575342465753424,
     "f1-score": 0.5853658536585366,
     "support": 73.0
    },
    "8": {
     "precision": 0.918918918918919,
     "recall": 0.918918918918919,
     "f1-score": 0.918918918918919,
     "support": 37.0
    },
    "9": {
     "precision": 0.75,
     "recall": 0.6428571428571429,
     "f1-score": 0.6923076923076923,
     "support": 14.0
    },
    "10": {
     "precision": 0.9778830963665087,
     "recall": 0.8925739005046863,
     "f1-score": 0.9332830757632868,
     "support": 1387.0
    },
    "11": {
     "precision": 0.6120689655172413,
     "recall": 0.7029702970297029,
     "f1-score": 0.6543778801843319,
     "support": 101.0
    },
    "12": {
     "precision": 0.65625,
     "recall": 0.75,
     "f1-score": 0.7,
     "support": 28.0
    },
    "13": {
     "precision": 0.6059602649006622,
     "recall": 0.6512455516014235,
     "f1-score": 0.62778730703259,
     "support": 281.0
    },
    "14": {
     "precision": 0.922077922077922,
     "recall": 0.7865583456425406,
     "f1-score": 0.848943802311678,
     "support": 1354.0
    },
    "15": {
     "precision": 0.969248291571754,
     "recall": 0.9747995418098511,
     "f1-score": 0.9720159908623643,
     "support": 873.0
    },
    "16": {
     "precision": 0.829002079002079,
     "recall": 0.8763736263736264,
     "f1-score": 0.8520299145299145,
     "support": 1820.0
    },
    "17": {
     "precision": 0.6060606060606061,
     "recall": 0.873015873015873,
     "f1-score": 0.7154471544715447,
     "support": 252.0
    },
    "18": {
     "precision": 0.8882457702582368,
     "recall": 0.6384,
     "f1-score": 0.7428784211506237,
     "support": 3125.0
    },
    "19": {
     "precision": 0.5272727272727272,
     "recall": 0.7435897435897436,
     "f1-score": 0.6170212765957447,
     "support": 39.0
    },
    "20": {
     "precision": 0.7872340425531915,
     "recall": 0.8604651162790697,
     "f1-score": 0.8222222222222222,
     "support": 86.0
    },
    "21": {
     "precision": 0.7243430837878037,
     "recall": 0.6754507628294036,
     "f1-score": 0.6990430622009569,
     "support": 2163.0
    },
    "22": {
     "precision": 0.45462149728147216,
     "recall": 0.6294151708164447,
     "f1-score": 0.5279261777561923,
     "support": 1727.0
    },
    "23": {
     "precision": 0.3333333333333333,
     "recall": 0.5,
     "f1-score": 0.4,
     "support": 26.0
    },
    "24": {
     "precision": 0.18164794007490637,
     "recall": 0.6736111111111112,
     "f1-score": 0.2861356932153392,
     "support": 144.0
    },
    "accuracy": 0.7731790015199346,
    "macro avg": {
     "precision": 0.7240010655880126,
     "recall": 0.7710893277406187,
     "f1-score": 0.7356920653848148,
     "support": 17106.0
    },
    "weighted avg": {
     "precision": 0.8127021366224181,
     "recall": 0.7731790015199346,
     "f1-score": 0.7846908025922305,
     "support": 17106.0
    }
   }
  }
 }
}