{
 "dataset": "prototype",
 "n_samples": 90579,
 "n_features": 752,
 "n_classes": 10,
 "n_train": 53894,
 "n_test": 27174,
 "transformer_params": 75168,
 "total_params": 180693,
 "config": {
  "heads": [
   "cell_type"
  ],
  "cohorts": null,
  "n_hvg": null,
  "n_channels": 1,
  "batch_size": 128,
  "val_frac": 0.15,
  "test_frac": 0.15,
  "d_model": 96,
  "n_heads": 4,
  "d_ff": 192,
  "dropout": 0.1,
  "n_markers": 128,
  "marker_mode": "router",
  "pathway_pool": "mean",
  "compress_mode": "aggregate",
  "recursive_marker_refine": true,
  "peak_init": true,
  "anneal_markers": true,
  "recursion_depth": 4,
  "share_weights": true,
  "share_strategy": "cycle",
  "n_unique_blocks": null,
  "step_cache": false,
  "adaptive_depth": false,
  "marker_ffn": false,
  "recursion_mode": "expert",
  "router_capacity": null,
  "router_alpha": 1.0,
  "router_temp": 1.0,
  "router_type": "linear",
  "router_z_coeff": 0.001,
  "router_balance_coeff": 0.1,
  "gene_interaction": "none",
  "interaction_knn": 16,
  "router_prior_beta": 1.0,
  "router_prior_anneal": true,
  "pathway_attn_bias": false,
  "pathway_attn_lambda": 2.0,
  "lambda_marker": 0.1,
  "gamma_diversity": 0.05,
  "beta_compression": 0.01,
  "lr": 0.001,
  "weight_decay": 1e-05,
  "epochs": 80,
  "patience": 12,
  "seed": 2,
  "device": "cuda"
 },
 "heads": {
  "cell_type": {
   "accuracy": 0.9526753514388754,
   "macro_f1": 0.9465831517692618,
   "weighted_f1": 0.9526457855920077,
   "per_class": {
    "0": {
     "precision": 0.9645308924485125,
     "recall": 0.9813736903376019,
     "f1-score": 0.9728793998845932,
     "support": 859.0
    },
    "1": {
     "precision": 0.968031968031968,
     "recall": 0.954679802955665,
     "f1-score": 0.9613095238095238,
     "support": 1015.0
    },
    "2": {
     "precision": 0.9224876070301938,
     "recall": 0.9538676607642125,
     "f1-score": 0.9379152348224513,
     "support": 2146.0
    },
    "3": {
     "precision": 0.960752903484181,
     "recall": 0.9463510848126233,
     "f1-score": 0.9534976152623211,
     "support": 2535.0
    },
    "4": {
     "precision": 0.8997014925373135,
     "recall": 0.8864705882352941,
     "f1-score": 0.8930370370370371,
     "support": 1700.0
    },
    "5": {
     "precision": 0.9012753897024091,
     "recall": 0.8945147679324894,
     "f1-score": 0.8978823529411765,
     "support": 2133.0
    },
    "6": {
     "precision": 0.9301470588235294,
     "recall": 0.9380793474230626,
     "f1-score": 0.93409636330072,
     "support": 2697.0
    },
    "7": {
     "precision": 0.9711119186046512,
     "recall": 0.9611580650962057,
     "f1-score": 0.9661093538183462,
     "support": 5561.0
    },
    "8": {
     "precision": 0.9648705758055995,
     "recall": 0.9635979952519125,
     "f1-score": 0.9642338656460341,
     "support": 3791.0
    },
    "9": {
     "precision": 0.9803388412466011,
     "recall": 0.9894447962845683,
     "f1-score": 0.984870771170414,
     "support": 4737.0
    },
    "accuracy": 0.9526753514388754,
    "macro avg": {
     "precision": 0.9463248647714959,
     "recall": 0.9469537799093635,
     "f1-score": 0.9465831517692618,
     "support": 27174.0
    },
    "weighted avg": {
     "precision": 0.9527053022597074,
     "recall": 0.9526753514388754,
     "f1-score": 0.9526457855920077,
     "support": 27174.0
    }
   }
  }
 }
}