{
 "dataset": "tabula_muris",
 "n_samples": 54865,
 "n_features": 1089,
 "n_classes": 55,
 "n_train": 32645,
 "n_test": 16458,
 "transformer_params": 75168,
 "total_params": 221775,
 "config": {
  "heads": [
   "cell_type"
  ],
  "cohorts": null,
  "n_hvg": null,
  "n_channels": 1,
  "batch_size": 128,
  "val_frac": 0.15,
  "test_frac": 0.15,
  "d_model": 96,
  "n_heads": 4,
  "d_ff": 192,
  "dropout": 0.1,
  "n_markers": 128,
  "marker_mode": "router",
  "pathway_pool": "mean",
  "compress_mode": "aggregate",
  "recursive_marker_refine": true,
  "peak_init": true,
  "anneal_markers": true,
  "recursion_depth": 4,
  "share_weights": true,
  "share_strategy": "cycle",
  "n_unique_blocks": null,
  "step_cache": false,
  "adaptive_depth": false,
  "marker_ffn": false,
  "recursion_mode": "expert",
  "router_capacity": null,
  "router_alpha": 1.0,
  "router_temp": 1.0,
  "router_type": "linear",
  "router_z_coeff": 0.001,
  "router_balance_coeff": 0.1,
  "gene_interaction": "none",
  "interaction_knn": 16,
  "router_prior_beta": 1.0,
  "router_prior_anneal": true,
  "pathway_attn_bias": false,
  "pathway_attn_lambda": 2.0,
  "lambda_marker": 0.1,
  "gamma_diversity": 0.05,
  "beta_compression": 0.01,
  "lr": 0.001,
  "weight_decay": 1e-05,
  "epochs": 80,
  "patience": 12,
  "seed": 2,
  "device": "cuda"
 },
 "heads": {
  "cell_type": {
   "accuracy": 0.8336978976789403,
   "macro_f1": 0.7459604351793943,
   "weighted_f1": 0.8361432580252044,
   "per_class": {
    "0": {
     "precision": 0.9493670886075949,
     "recall": 0.9043408360128617,
     "f1-score": 0.9263071222725402,
     "support": 2488.0
    },
    "1": {
     "precision": 0.10526315789473684,
     "recall": 0.6153846153846154,
     "f1-score": 0.1797752808988764,
     "support": 13.0
    },
    "2": {
     "precision": 0.7272727272727273,
     "recall": 0.8,
     "f1-score": 0.7619047619047619,
     "support": 20.0
    },
    "3": {
     "precision": 1.0,
     "recall": 0.7272727272727273,
     "f1-score": 0.8421052631578947,
     "support": 11.0
    },
    "4": {
     "precision": 0.9412288512911843,
     "recall": 0.798941798941799,
     "f1-score": 0.8642681929681112,
     "support": 1323.0
    },
    "5": {
     "precision": 0.968421052631579,
     "recall": 0.8846153846153846,
     "f1-score": 0.9246231155778895,
     "support": 104.0
    },
    "6": {
     "precision": 0.8809523809523809,
     "recall": 0.940677966101695,
     "f1-score": 0.9098360655737705,
     "support": 118.0
    },
    "7": {
     "precision": 0.9605678233438486,
     "recall": 0.9178598342125094,
     "f1-score": 0.9387283236994219,
     "support": 1327.0
    },
    "8": {
     "precision": 0.8235294117647058,
     "recall": 0.7777777777777778,
     "f1-score": 0.8,
     "support": 18.0
    },
    "9": {
     "precision": 0.828978622327791,
     "recall": 0.9667590027700831,
     "f1-score": 0.8925831202046036,
     "support": 361.0
    },
    "10": {
     "precision": 0.9942196531791907,
     "recall": 0.9828571428571429,
     "f1-score": 0.9885057471264368,
     "support": 350.0
    },
    "11": {
     "precision": 0.645933014354067,
     "recall": 0.7894736842105263,
     "f1-score": 0.7105263157894737,
     "support": 342.0
    },
    "12": {
     "precision": 0.8571428571428571,
     "recall": 1.0,
     "f1-score": 0.9230769230769231,
     "support": 18.0
    },
    "13": {
     "precision": 0.8666666666666667,
     "recall": 0.8666666666666667,
     "f1-score": 0.8666666666666667,
     "support": 15.0
    },
    "14": {
     "precision": 0.5609756097560976,
     "recall": 0.4791666666666667,
     "f1-score": 0.5168539325842697,
     "support": 48.0
    },
    "15": {
     "precision": 0.19230769230769232,
     "recall": 0.38461538461538464,
     "f1-score": 0.2564102564102564,
     "support": 13.0
    },
    "16": {
     "precision": 0.75,
     "recall": 0.75,
     "f1-score": 0.75,
     "support": 8.0
    },
    "17": {
     "precision": 0.6923076923076923,
     "recall": 0.9473684210526315,
     "f1-score": 0.8,
     "support": 19.0
    },
    "18": {
     "precision": 0.7391304347826086,
     "recall": 0.8947368421052632,
     "f1-score": 0.8095238095238095,
     "support": 19.0
    },
    "19": {
     "precision": 0.9437869822485208,
     "recall": 0.7479484173505275,
     "f1-score": 0.8345323741007195,
     "support": 853.0
    },
    "20": {
     "precision": 0.5833333333333334,
     "recall": 0.875,
     "f1-score": 0.7,
     "support": 8.0
    },
    "21": {
     "precision": 0.7828947368421053,
     "recall": 0.9118773946360154,
     "f1-score": 0.8424778761061947,
     "support": 261.0
    },
    "22": {
     "precision": 0.8113207547169812,
     "recall": 0.9347826086956522,
     "f1-score": 0.8686868686868687,
     "support": 46.0
    },
    "23": {
     "precision": 0.48514851485148514,
     "recall": 0.7205882352941176,
     "f1-score": 0.5798816568047337,
     "support": 68.0
    },
    "24": {
     "precision": 0.918552036199095,
     "recall": 0.9311926605504587,
     "f1-score": 0.9248291571753986,
     "support": 218.0
    },
    "25": {
     "precision": 0.8771929824561403,
     "recall": 0.8849557522123894,
     "f1-score": 0.8810572687224669,
     "support": 113.0
    },
    "26": {
     "precision": 0.8189655172413793,
     "recall": 0.8050847457627118,
     "f1-score": 0.811965811965812,
     "support": 118.0
    },
    "27": {
     "precision": 0.9943609022556391,
     "recall": 1.0,
     "f1-score": 0.9971724787935909,
     "support": 529.0
    },
    "28": {
     "precision": 0.09090909090909091,
     "recall": 0.5882352941176471,
     "f1-score": 0.15748031496062992,
     "support": 34.0
    },
    "29": {
     "precision": 0.7704590818363274,
     "recall": 0.9507389162561576,
     "f1-score": 0.8511576626240352,
     "support": 406.0
    },
    "30": {
     "precision": 0.8972533062054934,
     "recall": 0.9555796316359697,
     "f1-score": 0.925498426023085,
     "support": 923.0
    },
    "31": {
     "precision": 0.8064516129032258,
     "recall": 0.847457627118644,
     "f1-score": 0.8264462809917356,
     "support": 118.0
    },
    "32": {
     "precision": 0.3333333333333333,
     "recall": 0.35714285714285715,
     "f1-score": 0.3448275862068966,
     "support": 14.0
    },
    "33": {
     "precision": 0.8947368421052632,
     "recall": 0.6390977443609023,
     "f1-score": 0.7456140350877193,
     "support": 133.0
    },
    "34": {
     "precision": 0.7857142857142857,
     "recall": 0.9361702127659575,
     "f1-score": 0.8543689320388349,
     "support": 141.0
    },
    "35": {
     "precision": 0.9862258953168044,
     "recall": 0.9972144846796658,
     "f1-score": 0.9916897506925207,
     "support": 359.0
    },
    "36": {
     "precision": 0.896551724137931,
     "recall": 0.9873417721518988,
     "f1-score": 0.9397590361445783,
     "support": 79.0
    },
    "37": {
     "precision": 0.532608695652174,
     "recall": 0.5051546391752577,
     "f1-score": 0.5185185185185185,
     "support": 97.0
    },
    "38": {
     "precision": 0.9230769230769231,
     "recall": 0.9565217391304348,
     "f1-score": 0.9395017793594306,
     "support": 138.0
    },
    "39": {
     "precision": 0.7191011235955056,
     "recall": 0.920863309352518,
     "f1-score": 0.807570977917981,
     "support": 139.0
    },
    "40": {
     "precision": 0.476,
     "recall": 0.3005050505050505,
     "f1-score": 0.3684210526315789,
     "support": 396.0
    },
    "41": {
     "precision": 0.5,
     "recall": 0.8571428571428571,
     "f1-score": 0.631578947368421,
     "support": 7.0
    },
    "42": {
     "precision": 0.65,
     "recall": 0.8666666666666667,
     "f1-score": 0.7428571428571429,
     "support": 15.0
    },
    "43": {
     "precision": 0.9289785181937746,
     "recall": 0.9001699235344095,
     "f1-score": 0.9143473570658037,
     "support": 2354.0
    },
    "44": {
     "precision": 0.374845869297164,
     "recall": 0.8914956011730205,