{
 "family": "pnet",
 "cohort": "prostate",
 "task": "response",
 "mode": "learned",
 "K": 4,
 "n_features": 3000,
 "n_classes": 2,
 "n_samples": 1011,
 "n_folds": 5,
 "seed": 42,
 "val_frac": 0.1,
 "cv_macro_f1": {
  "mean": 67.77345675479124,
  "std": 3.0238863616862637,
  "folds": [
   70.98558289833457,
   63.135049817500246,
   70.26721014492753,
   65.3557996088461,
   69.12364130434783
  ]
 },
 "cv_accuracy": {
  "mean": 72.00263376091304,
  "std": 4.68623922974649,
  "folds": [
   77.33990147783251,
   63.366336633663366,
   74.25742574257426,
   71.78217821782178,
   73.26732673267327
  ]
 }
}