{
 "dataset": "common_class",
 "n_samples": 27499,
 "n_features": 1089,
 "n_classes": 19,
 "n_train": 16361,
 "n_test": 8250,
 "transformer_params": 75168,
 "total_params": 208647,
 "config": {
  "heads": [
   "cell_type"
  ],
  "cohorts": null,
  "n_hvg": null,
  "n_channels": 1,
  "batch_size": 128,
  "val_frac": 0.15,
  "test_frac": 0.15,
  "d_model": 96,
  "n_heads": 4,
  "d_ff": 192,
  "dropout": 0.1,
  "n_markers": 64,
  "marker_mode": "router",
  "pathway_pool": "mean",
  "compress_mode": "aggregate",
  "recursive_marker_refine": true,
  "peak_init": true,
  "anneal_markers": true,
  "recursion_depth": 4,
  "share_weights": true,
  "share_strategy": "cycle",
  "n_unique_blocks": null,
  "step_cache": false,
  "adaptive_depth": false,
  "marker_ffn": false,
  "recursion_mode": "expert",
  "router_capacity": null,
  "router_alpha": 1.0,
  "router_temp": 1.0,
  "router_type": "linear",
  "router_z_coeff": 0.001,
  "router_balance_coeff": 0.1,
  "gene_interaction": "none",
  "interaction_knn": 16,
  "router_prior_beta": 1.0,
  "router_prior_anneal": true,
  "pathway_attn_bias": false,
  "pathway_attn_lambda": 2.0,
  "lambda_marker": 0.1,
  "gamma_diversity": 0.05,
  "beta_compression": 0.01,
  "lr": 0.001,
  "weight_decay": 1e-05,
  "epochs": 80,
  "patience": 12,
  "seed": 1,
  "device": "cuda"
 },
 "heads": {
  "cell_type": {
   "accuracy": 0.6804848484848485,
   "macro_f1": 0.46327002954035473,
   "weighted_f1": 0.6941139323660334,
   "per_class": {
    "0": {
     "precision": 0.27710843373493976,
     "recall": 0.6052631578947368,
     "f1-score": 0.38016528925619836,
     "support": 76.0
    },
    "1": {
     "precision": 0.4745762711864407,
     "recall": 0.1712538226299694,
     "f1-score": 0.251685393258427,
     "support": 327.0
    },
    "2": {
     "precision": 0.37209302325581395,
     "recall": 0.5378151260504201,
     "f1-score": 0.43986254295532645,
     "support": 238.0
    },
    "3": {
     "precision": 0.4306930693069307,
     "recall": 0.5209580838323353,
     "f1-score": 0.4715447154471545,
     "support": 167.0
    },
    "4": {
     "precision": 0.5666666666666667,
     "recall": 0.53125,
     "f1-score": 0.5483870967741935,
     "support": 160.0
    },
    "5": {
     "precision": 0.2549019607843137,
     "recall": 0.3183673469387755,
     "f1-score": 0.2831215970961887,
     "support": 245.0
    },
    "6": {
     "precision": 0.22491349480968859,
     "recall": 0.5462184873949579,
     "f1-score": 0.31862745098039214,
     "support": 119.0
    },
    "7": {
     "precision": 0.6594202898550725,
     "recall": 0.6780923994038748,
     "f1-score": 0.668626010286554,
     "support": 671.0
    },
    "8": {
     "precision": 0.237012987012987,
     "recall": 0.5069444444444444,
     "f1-score": 0.3230088495575221,
     "support": 144.0
    },
    "9": {
     "precision": 0.6402266288951841,
     "recall": 0.5485436893203883,
     "f1-score": 0.5908496732026144,
     "support": 412.0
    },
    "10": {
     "precision": 0.33136094674556216,
     "recall": 0.3373493975903614,
     "f1-score": 0.33432835820895523,
     "support": 166.0
    },
    "11": {
     "precision": 0.6111111111111112,
     "recall": 0.49510763209393344,
     "f1-score": 0.547027027027027,
     "support": 511.0
    },
    "12": {
     "precision": 0.7017892644135189,
     "recall": 0.6685606060606061,
     "f1-score": 0.6847720659553831,
     "support": 528.0
    },
    "13": {
     "precision": 0.3028169014084507,
     "recall": 0.4574468085106383,
     "f1-score": 0.3644067796610169,
     "support": 94.0
    },
    "14": {
     "precision": 0.08333333333333333,
     "recall": 0.07142857142857142,
     "f1-score": 0.07692307692307693,
     "support": 14.0
    },
    "15": {
     "precision": 0.19424460431654678,
     "recall": 0.26865671641791045,
     "f1-score": 0.2254697286012526,
     "support": 201.0
    },
    "16": {
     "precision": 0.9856459330143541,
     "recall": 0.9321266968325792,
     "f1-score": 0.958139534883721,
     "support": 884.0
    },
    "17": {
     "precision": 0.9254087193460491,
     "recall": 0.8319044703000612,
     "f1-score": 0.8761689777491132,
     "support": 3266.0
    },
    "18": {
     "precision": 0.4117647058823529,
     "recall": 0.5185185185185185,
     "f1-score": 0.45901639344262296,
     "support": 27.0
    },
    "accuracy": 0.6804848484848485,
    "macro avg": {
     "precision": 0.4571099128989114,
     "recall": 0.5024108408243728,
     "f1-score": 0.46327002954035473,
     "support": 8250.0
    },
    "weighted avg": {
     "precision": 0.7234307574620429,
     "recall": 0.6804848484848485,
     "f1-score": 0.6941139323660334,
     "support": 8250.0
    }
   }
  }
 }
}