{
 "dataset": "Lung",
 "mode": "learned",
 "K": 4,
 "seed": 2,
 "n_markers": 128,
 "test_macro_f1": 78.81897955798762,
 "test_accuracy": 86.6421138781714,
 "val_macro_f1": 81.00123807968174,
 "n_features": 1089,
 "n_classes": 25,
 "n_samples": 57020,
 "learned_lambda": 0.6247215270996094,
 "bio_anchor_have": false
}