{
 "dataset": "Muraro",
 "method": "NearestCentroid",
 "n_folds": 5,
 "seed": 42,
 "n_features": 2000,
 "n_classes": 9,
 "n_samples": 2122,
 "cv_macro_f1": {
  "mean": 80.2944020124935,
  "std": 2.0151001420370145,
  "folds": [
   81.68832113949762,
   82.59927283526687,
   80.8553038207683,
   79.5174428793838,
   76.81166938755091
  ]
 }
}