{
 "dataset": "Xin",
 "mode": "learned",
 "K": 2,
 "seed": 2,
 "n_markers": 128,
 "test_macro_f1": 75.89970178306045,
 "test_accuracy": 91.74107142857143,
 "val_macro_f1": 75.14425770308122,
 "n_features": 2000,
 "n_classes": 4,
 "n_samples": 1492,
 "learned_lambda": 0.2171097844839096,
 "bio_anchor_have": false
}