{
 "dataset": "Xin",
 "mode": "learned",
 "K": 2,
 "seed": 1,
 "n_markers": 128,
 "test_macro_f1": 74.58786986765153,
 "test_accuracy": 90.625,
 "val_macro_f1": 83.06776556776556,
 "n_features": 2000,
 "n_classes": 4,
 "n_samples": 1492,
 "learned_lambda": 0.20971499383449554,
 "bio_anchor_have": false
}