{
 "dataset": "Xin",
 "mode": "learned",
 "K": 2,
 "seed": 7,
 "n_markers": 128,
 "test_macro_f1": 66.18166175605622,
 "test_accuracy": 85.49107142857143,
 "val_macro_f1": 67.8308212058212,
 "n_features": 2000,
 "n_classes": 4,
 "n_samples": 1492,
 "learned_lambda": 0.21692940592765808,
 "bio_anchor_have": false
}