{
 "dataset": "Xin",
 "mode": "learned",
 "K": 2,
 "seed": 5,
 "n_markers": 128,
 "test_macro_f1": 75.23167554710982,
 "test_accuracy": 87.05357142857143,
 "val_macro_f1": 80.1050890856716,
 "n_features": 2000,
 "n_classes": 4,
 "n_samples": 1492,
 "learned_lambda": 0.2141963094472885,
 "bio_anchor_have": false
}