{
 "dataset": "Xin",
 "mode": "learned",
 "K": 2,
 "seed": 8,
 "n_markers": 128,
 "test_macro_f1": 55.125843172159826,
 "test_accuracy": 78.79464285714286,
 "val_macro_f1": 63.51756277428452,
 "n_features": 2000,
 "n_classes": 4,
 "n_samples": 1492,
 "learned_lambda": 0.2070157527923584,
 "bio_anchor_have": false
}