{
 "dataset": "Xin",
 "mode": "learned",
 "K": 2,
 "seed": 6,
 "n_markers": 128,
 "test_macro_f1": 67.01345658027627,
 "test_accuracy": 86.60714285714286,
 "val_macro_f1": 62.74669551246941,
 "n_features": 2000,
 "n_classes": 4,
 "n_samples": 1492,
 "learned_lambda": 0.21211445331573486,
 "bio_anchor_have": false
}