{
 "dataset": "Xin",
 "mode": "learned",
 "K": 2,
 "seed": 9,
 "n_markers": 128,
 "test_macro_f1": 72.79076234024133,
 "test_accuracy": 90.84821428571429,
 "val_macro_f1": 68.24877335838815,
 "n_features": 2000,
 "n_classes": 4,
 "n_samples": 1492,
 "learned_lambda": 0.21624627709388733,
 "bio_anchor_have": false
}