{
 "dataset": "lung",
 "K": 100,
 "seed": 0,
 "val_macro_f1": 1.7991342038523432,
 "test_macro_f1": 1.9199244975099634,
 "test_accuracy": 4.027826493627966
}