{
 "dataset": "lung",
 "K": 100,
 "seed": 1,
 "val_macro_f1": 3.9596834780401204,
 "test_macro_f1": 3.9337813233640406,
 "test_accuracy": 16.690050274757397
}