{
 "dataset": "lung",
 "K": 10,
 "seed": 0,
 "val_macro_f1": 74.84448989001098,
 "test_macro_f1": 73.27852726167714,
 "test_accuracy": 80.13562492692623
}