{
 "dataset": "lung",
 "K": 12,
 "seed": 0,
 "val_macro_f1": 75.73758971026693,
 "test_macro_f1": 74.7951646334952,
 "test_accuracy": 80.7669823453759
}