{
 "dataset": "lung",
 "K": 1,
 "seed": 1,
 "val_macro_f1": 70.93658190868696,
 "test_macro_f1": 67.85616072757615,
 "test_accuracy": 78.65076581316497
}