{
 "dataset": "lung",
 "K": 2,
 "seed": 0,
 "val_macro_f1": 72.13639429922473,
 "test_macro_f1": 71.97551315292591,
 "test_accuracy": 79.422424880159
}