{
 "dataset": "lung",
 "K": 32,
 "seed": 0,
 "val_macro_f1": 65.99823016485715,
 "test_macro_f1": 67.246625030438,
 "test_accuracy": 75.41798199462177
}