{
 "dataset": "lung",
 "K": 3,
 "seed": 1,
 "val_macro_f1": 71.7577274491478,
 "test_macro_f1": 70.8649713692562,
 "test_accuracy": 79.3581199579095
}