{
 "dataset": "lung",
 "K": 40,
 "seed": 0,
 "val_macro_f1": 61.16203346451766,
 "test_macro_f1": 63.154106739868595,
 "test_accuracy": 73.17900151993453
}