{
 "dataset": "lung",
 "K": 48,
 "seed": 0,
 "val_macro_f1": 47.39022971096651,
 "test_macro_f1": 49.06614329177448,
 "test_accuracy": 61.19490237343622
}