{
 "dataset": "lung",
 "K": 64,
 "seed": 1,
 "val_macro_f1": 12.31239547993735,
 "test_macro_f1": 12.473255927988763,
 "test_accuracy": 27.604349351104872
}