{
 "dataset": "lung",
 "K": 64,
 "seed": 0,
 "val_macro_f1": 1.1946404492915708,
 "test_macro_f1": 1.2485131416053312,
 "test_accuracy": 8.412253010639542
}