{
 "dataset": "lung",
 "K": 6,
 "seed": 0,
 "val_macro_f1": 76.49563739671733,
 "test_macro_f1": 74.22388887666963,
 "test_accuracy": 80.57406757862738
}