{
 "dataset": "lung",
 "K": 80,
 "seed": 1,
 "val_macro_f1": 1.4161401090645374,
 "test_macro_f1": 1.422906312885279,
 "test_accuracy": 5.769905296387233
}