{
 "dataset": "lung",
 "K": 8,
 "seed": 0,
 "val_macro_f1": 75.89445682286154,
 "test_macro_f1": 74.84961539522355,
 "test_accuracy": 81.12942827078217
}