{
 "dataset": "Tcell",
 "mode": "learned",
 "K": 4,
 "seed": 0,
 "n_markers": 128,
 "test_macro_f1": 68.12215697049766,
 "test_accuracy": 79.20310981535471,
 "val_macro_f1": 67.97481056310409,
 "n_features": 1089,
 "n_classes": 7,
 "n_samples": 24007,
 "learned_lambda": 0.2946532964706421,
 "bio_anchor_have": false
}