{
 "dataset": "Tcell",
 "mode": "learned",
 "K": 4,
 "seed": 2,
 "n_markers": 128,
 "test_macro_f1": 68.68883761191216,
 "test_accuracy": 84.14549493266694,
 "val_macro_f1": 69.66646914917233,
 "n_features": 1089,
 "n_classes": 7,
 "n_samples": 24007,
 "learned_lambda": 0.4407072067260742,
 "bio_anchor_have": false
}