{
 "family": "pnet",
 "cohort": "blca",
 "task": "response",
 "mode": "learned",
 "K": 4,
 "n_features": 3000,
 "n_classes": 2,
 "n_samples": 404,
 "n_folds": 5,
 "seed": 42,
 "val_frac": 0.1,
 "cv_macro_f1": {
  "mean": 47.29677371868759,
  "std": 6.322901610960449,
  "folds": [
   49.705882352941174,
   45.35132466677637,
   49.705882352941174,
   36.36363636363637,
   55.35714285714286
  ]
 },
 "cv_accuracy": {
  "mean": 51.512345679012356,
  "std": 7.407664604588348,
  "folds": [
   53.086419753086425,
   49.382716049382715,
   53.086419753086425,
   39.50617283950617,
   62.5
  ]
 }
}