{
 "dataset": "Xin",
 "mode": "learned",
 "K": 4,
 "seed": 1,
 "n_markers": 128,
 "test_macro_f1": 74.50913319334371,
 "test_accuracy": 90.84821428571429,
 "val_macro_f1": 84.61407553798858,
 "n_features": 2000,
 "n_classes": 4,
 "n_samples": 1492,
 "learned_lambda": 0.2165013551712036,
 "bio_anchor_have": false
}