{
 "dataset": "Tcell",
 "method": "NearestCentroid",
 "n_folds": 5,
 "seed": 42,
 "n_features": 1089,
 "n_classes": 7,
 "n_samples": 24007,
 "cv_macro_f1": {
  "mean": 76.72604579435625,
  "std": 0.6502470576068506,
  "folds": [
   75.86956444823947,
   77.73765839648176,
   77.15566505395228,
   76.46236318056623,
   76.40497789254154
  ]
 }
}