{
 "dataset": "Tcell",
 "method": "Random Forest",
 "n_folds": 5,
 "seed": 42,
 "n_features": 1089,
 "n_classes": 7,
 "n_samples": 24007,
 "cv_macro_f1": {
  "mean": 59.86920956705997,
  "std": 0.6706195391903101,
  "folds": [
   59.0641256921648,
   60.59580432045255,
   60.72477531327171,
   59.619660578071866,
   59.34168193133892
  ]
 }
}