{
 "dataset": "Oesophagus",
 "mode": "learned",
 "K": 4,
 "seed": 0,
 "n_markers": 128,
 "test_macro_f1": 67.42644646269984,
 "test_accuracy": 87.6444949782073,
 "val_macro_f1": 70.37132601013568,
 "n_features": 1089,
 "n_classes": 18,
 "n_samples": 87947,
 "learned_lambda": 0.46215158700942993,
 "bio_anchor_have": false
}