{
 "dataset": "Xin",
 "method": "Random Forest",
 "n_folds": 5,
 "seed": 42,
 "n_features": 2000,
 "n_classes": 4,
 "n_samples": 1492,
 "cv_macro_f1": {
  "mean": 98.70238473711271,
  "std": 0.7045780671646283,
  "folds": [
   99.79730233251361,
   98.29705056179775,
   98.45938375350141,
   99.17200170721297,
   97.78618533053778
  ]
 }
}