{
 "task": "blca",
 "arm": "expert_k2",
 "pos_class": 1,
 "n_folds": 10,
 "pos_f1": [
  0.8025767977630871,
  0.011906602903478721
 ],
 "pos_precision": [
  0.6762239990826489,
  0.008378215260423321
 ],
 "pos_recall": [
  0.9871717171717173,
  0.021786593294568116
 ],
 "maj_f1": [
  0.8025767977630871,
  0.011906602903478721
 ],
 "macro_f1": [
  0.41549304131199244,
  0.01910858320417844
 ],
 "accuracy": [
  0.672037037037037,
  0.016572206023885146
 ]
}