{
 "dataset": "baron",
 "K": 100,
 "seed": 1,
 "val_macro_f1": 2.3853254381921545,
 "test_macro_f1": 2.6052611121245937,
 "test_accuracy": 11.396343835083625
}