{
 "dataset": "baron",
 "K": 12,
 "seed": 0,
 "val_macro_f1": 71.88648575325712,
 "test_macro_f1": 60.67335427614245,
 "test_accuracy": 87.59237650719565
}