{
 "dataset": "baron",
 "K": 16,
 "seed": 0,
 "val_macro_f1": 4.082511012619049,
 "test_macro_f1": 4.202374972144689,
 "test_accuracy": 5.211979774406846
}