{
 "dataset": "baron",
 "K": 32,
 "seed": 0,
 "val_macro_f1": 4.844618578795794,
 "test_macro_f1": 5.207694952337892,
 "test_accuracy": 11.824192921042396
}