{
 "dataset": "baron",
 "K": 3,
 "seed": 0,
 "val_macro_f1": 72.93105757856091,
 "test_macro_f1": 67.0423320272503,
 "test_accuracy": 88.75923765071957
}