{
 "dataset": "baron",
 "K": 40,
 "seed": 1,
 "val_macro_f1": 1.4414157271300128,
 "test_macro_f1": 1.4345696291112666,
 "test_accuracy": 11.162971606378841
}