{
 "dataset": "baron",
 "K": 48,
 "seed": 0,
 "val_macro_f1": 3.046953046953047,
 "test_macro_f1": 3.0502993488616004,
 "test_accuracy": 27.148969272656554
}