{
 "dataset": "baron",
 "K": 6,
 "seed": 0,
 "val_macro_f1": 74.05669691078204,
 "test_macro_f1": 69.1315255060711,
 "test_accuracy": 90.47063399455465
}