{
 "dataset": "Spleen",
 "mode": "learned",
 "K": 4,
 "seed": 1,
 "n_markers": 512,
 "test_macro_f1": 60.687518047666,
 "test_accuracy": 69.99185523566699,
 "n_features": 1089,
 "n_classes": 28,
 "n_samples": 94129,
 "learned_lambda": 0.6163813471794128
}