{
 "dataset": "tabula_muris",
 "K": 100,
 "seed": 1,
 "val_macro_f1": 0.4775022956841139,
 "test_macro_f1": 0.47752943773211903,
 "test_accuracy": 15.11726819783692
}