{
 "dataset": "tabula_muris",
 "K": 20,
 "seed": 0,
 "val_macro_f1": 79.03240337909912,
 "test_macro_f1": 74.32417965257216,
 "test_accuracy": 83.94701664843845
}