{
 "dataset": "tabula_muris",
 "K": 24,
 "seed": 0,
 "val_macro_f1": 71.81452343183886,
 "test_macro_f1": 69.94180118597744,
 "test_accuracy": 81.1945558391056
}