{
 "dataset": "tabula_muris",
 "K": 4,
 "seed": 1,
 "val_macro_f1": 82.69267242380351,
 "test_macro_f1": 76.28995146929917,
 "test_accuracy": 85.46603475513427
}