{
 "dataset": "tabula_muris",
 "K": 5,
 "seed": 1,
 "val_macro_f1": 86.5802503784367,
 "test_macro_f1": 77.10747217236612,
 "test_accuracy": 86.01288127354478
}