{
 "dataset": "tabula_muris",
 "K": 5,
 "seed": 0,
 "val_macro_f1": 83.14645666986891,
 "test_macro_f1": 76.50463435285911,
 "test_accuracy": 84.93741645400414
}