{
 "dataset": "baron",
 "n_samples": 8569,
 "n_features": 1936,
 "n_classes": 14,
 "n_train": 5098,
 "n_test": 2571,
 "transformer_params": 75168,
 "total_params": 285917,
 "config": {
  "heads": [
   "cell_type"
  ],
  "cohorts": null,
  "n_hvg": null,
  "n_channels": 1,
  "batch_size": 128,
  "val_frac": 0.15,
  "test_frac": 0.15,
  "d_model": 96,
  "n_heads": 4,
  "d_ff": 192,
  "dropout": 0.1,
  "n_markers": 32,
  "marker_mode": "router",
  "pathway_pool": "mean",
  "compress_mode": "aggregate",
  "recursive_marker_refine": true,
  "peak_init": true,
  "anneal_markers": true,
  "recursion_depth": 4,
  "share_weights": true,
  "share_strategy": "cycle",
  "n_unique_blocks": null,
  "step_cache": false,
  "adaptive_depth": false,
  "marker_ffn": false,
  "recursion_mode": "expert",
  "router_capacity": null,
  "router_alpha": 1.0,
  "router_temp": 1.0,
  "router_type": "linear",
  "router_z_coeff": 0.001,
  "router_balance_coeff": 0.1,
  "gene_interaction": "none",
  "interaction_knn": 16,
  "router_prior_beta": 1.0,
  "router_prior_anneal": true,
  "pathway_attn_bias": false,
  "pathway_attn_lambda": 2.0,
  "lambda_marker": 0.1,
  "gamma_diversity": 0.05,
  "beta_compression": 0.01,
  "lr": 0.001,
  "weight_decay": 1e-05,
  "epochs": 80,
  "patience": 12,
  "seed": 0,
  "device": "cuda"
 },
 "heads": {
  "cell_type": {
   "accuracy": 0.6674445740956826,
   "macro_f1": 0.432897838457844,
   "weighted_f1": 0.681794313548506,
   "per_class": {
    "0": {
     "precision": 0.8414239482200647,
     "recall": 0.9059233449477352,
     "f1-score": 0.87248322147651,
     "support": 287.0
    },
    "1": {
     "precision": 0.6288659793814433,
     "recall": 0.7176470588235294,
     "f1-score": 0.6703296703296703,
     "support": 85.0
    },
    "2": {
     "precision": 0.7710196779964222,
     "recall": 0.6174785100286533,
     "f1-score": 0.6857597454256166,
     "support": 698.0
    },
    "3": {
     "precision": 0.6755050505050505,
     "recall": 0.7058047493403694,
     "f1-score": 0.6903225806451613,
     "support": 758.0
    },
    "4": {
     "precision": 0.4861878453038674,
     "recall": 0.4888888888888889,
     "f1-score": 0.48753462603878117,
     "support": 180.0
    },
    "5": {
     "precision": 0.8821428571428571,
     "recall": 0.7647058823529411,
     "f1-score": 0.8192371475953566,
     "support": 323.0
    },
    "6": {
     "precision": 0.5076923076923077,
     "recall": 0.4342105263157895,
     "f1-score": 0.46808510638297873,
     "support": 76.0
    },
    "7": {
     "precision": 0.015384615384615385,
     "recall": 0.2,
     "f1-score": 0.02857142857142857,
     "support": 5.0
    },
    "8": {
     "precision": 0.225,
     "recall": 0.23376623376623376,
     "f1-score": 0.22929936305732485,
     "support": 77.0
    },
    "9": {
     "precision": 0.21739130434782608,
     "recall": 0.5882352941176471,
     "f1-score": 0.31746031746031744,
     "support": 17.0
    },
    "10": {
     "precision": 0.125,
     "recall": 0.42857142857142855,
     "f1-score": 0.1935483870967742,
     "support": 7.0
    },
    "11": {
     "precision": 0.6444444444444445,
     "recall": 0.5576923076923077,
     "f1-score": 0.5979381443298969,
     "support": 52.0
    },
    "12": {
     "precision": 0.0,
     "recall": 0.0,
     "f1-score": 0.0,
     "support": 4.0
    },
    "13": {
     "precision": 0.0,
     "recall": 0.0,
     "f1-score": 0.0,
     "support": 2.0
    },
    "accuracy": 0.6674445740956826,
    "macro avg": {
     "precision": 0.43000414502992135,
     "recall": 0.474494587488966,
     "f1-score": 0.432897838457844,
     "support": 2571.0
    },
    "weighted avg": {
     "precision": 0.7046523149238871,
     "recall": 0.6674445740956826,
     "f1-score": 0.681794313548506,
     "support": 2571.0
    }
   }
  }
 }
}