{
 "dataset": "common_class",
 "n_samples": 27499,
 "n_features": 1089,
 "n_classes": 19,
 "n_train": 16361,
 "n_test": 8250,
 "transformer_params": 75168,
 "total_params": 205575,
 "config": {
  "heads": [
   "cell_type"
  ],
  "cohorts": null,
  "n_hvg": null,
  "n_channels": 1,
  "batch_size": 128,
  "val_frac": 0.15,
  "test_frac": 0.15,
  "d_model": 96,
  "n_heads": 4,
  "d_ff": 192,
  "dropout": 0.1,
  "n_markers": 32,
  "marker_mode": "router",
  "pathway_pool": "mean",
  "compress_mode": "aggregate",
  "recursive_marker_refine": true,
  "peak_init": true,
  "anneal_markers": true,
  "recursion_depth": 4,
  "share_weights": true,
  "share_strategy": "cycle",
  "n_unique_blocks": null,
  "step_cache": false,
  "adaptive_depth": false,
  "marker_ffn": false,
  "recursion_mode": "expert",
  "router_capacity": null,
  "router_alpha": 1.0,
  "router_temp": 1.0,
  "router_type": "linear",
  "router_z_coeff": 0.001,
  "router_balance_coeff": 0.1,
  "gene_interaction": "none",
  "interaction_knn": 16,
  "router_prior_beta": 1.0,
  "router_prior_anneal": true,
  "pathway_attn_bias": false,
  "pathway_attn_lambda": 2.0,
  "lambda_marker": 0.1,
  "gamma_diversity": 0.05,
  "beta_compression": 0.01,
  "lr": 0.001,
  "weight_decay": 1e-05,
  "epochs": 80,
  "patience": 12,
  "seed": 0,
  "device": "cuda"
 },
 "heads": {
  "cell_type": {
   "accuracy": 0.572,
   "macro_f1": 0.3085221965019309,
   "weighted_f1": 0.5857175282172842,
   "per_class": {
    "0": {
     "precision": 0.3076923076923077,
     "recall": 0.631578947368421,
     "f1-score": 0.41379310344827586,
     "support": 76.0
    },
    "1": {
     "precision": 0.25971370143149286,
     "recall": 0.38837920489296635,
     "f1-score": 0.3112745098039216,
     "support": 327.0
    },
    "2": {
     "precision": 0.19767441860465115,
     "recall": 0.21428571428571427,
     "f1-score": 0.2056451612903226,
     "support": 238.0
    },
    "3": {
     "precision": 0.19548872180451127,
     "recall": 0.15568862275449102,
     "f1-score": 0.17333333333333334,
     "support": 167.0
    },
    "4": {
     "precision": 0.07692307692307693,
     "recall": 0.05625,
     "f1-score": 0.06498194945848375,
     "support": 160.0
    },
    "5": {
     "precision": 0.21140939597315436,
     "recall": 0.2571428571428571,
     "f1-score": 0.23204419889502761,
     "support": 245.0
    },
    "6": {
     "precision": 0.15637860082304528,
     "recall": 0.31932773109243695,
     "f1-score": 0.20994475138121546,
     "support": 119.0
    },
    "7": {
     "precision": 0.4671717171717172,
     "recall": 0.2757078986587183,
     "f1-score": 0.3467666354264292,
     "support": 671.0
    },
    "8": {
     "precision": 0.17647058823529413,
     "recall": 0.125,
     "f1-score": 0.14634146341463414,
     "support": 144.0
    },
    "9": {
     "precision": 0.3720136518771331,
     "recall": 0.2645631067961165,
     "f1-score": 0.30921985815602837,
     "support": 412.0
    },
    "10": {
     "precision": 0.19838056680161945,
     "recall": 0.29518072289156627,
     "f1-score": 0.23728813559322035,
     "support": 166.0
    },
    "11": {
     "precision": 0.40535714285714286,
     "recall": 0.44422700587084146,
     "f1-score": 0.4239028944911298,
     "support": 511.0
    },
    "12": {
     "precision": 0.510548523206751,
     "recall": 0.22916666666666666,
     "f1-score": 0.31633986928104574,
     "support": 528.0
    },
    "13": {
     "precision": 0.08830022075055188,
     "recall": 0.425531914893617,
     "f1-score": 0.14625228519195613,
     "support": 94.0
    },
    "14": {
     "precision": 0.03389830508474576,
     "recall": 0.14285714285714285,
     "f1-score": 0.0547945205479452,
     "support": 14.0
    },
    "15": {
     "precision": 0.13127413127413126,
     "recall": 0.1691542288557214,
     "f1-score": 0.14782608695652175,
     "support": 201.0
    },
    "16": {
     "precision": 0.8446700507614213,
     "recall": 0.9411764705882353,
     "f1-score": 0.8903156768325308,
     "support": 884.0
    },
    "17": {
     "precision": 0.9377150722642807,
     "recall": 0.8343539497856706,
     "f1-score": 0.8830200907323396,
     "support": 3266.0
    },
    "18": {
     "precision": 0.2542372881355932,
     "recall": 0.5555555555555556,
     "f1-score": 0.3488372093023256,
     "support": 27.0
    },
    "accuracy": 0.572,
    "macro avg": {
     "precision": 0.306595656930138,
     "recall": 0.353954091629302,
     "f1-score": 0.3085221965019309,
     "support": 8250.0
    },
    "weighted avg": {
     "precision": 0.6210665615346044,
     "recall": 0.572,
     "f1-score": 0.5857175282172842,
     "support": 8250.0
    }
   }
  }
 }
}