{
 "dataset": "prototype",
 "n_samples": 90579,
 "n_features": 752,
 "n_classes": 10,
 "n_train": 53894,
 "n_test": 27174,
 "transformer_params": 75168,
 "total_params": 171477,
 "config": {
  "heads": [
   "cell_type"
  ],
  "cohorts": null,
  "n_hvg": null,
  "n_channels": 1,
  "batch_size": 128,
  "val_frac": 0.15,
  "test_frac": 0.15,
  "d_model": 96,
  "n_heads": 4,
  "d_ff": 192,
  "dropout": 0.1,
  "n_markers": 32,
  "marker_mode": "router",
  "pathway_pool": "mean",
  "compress_mode": "aggregate",
  "recursive_marker_refine": true,
  "peak_init": true,
  "anneal_markers": true,
  "recursion_depth": 4,
  "share_weights": true,
  "share_strategy": "cycle",
  "n_unique_blocks": null,
  "step_cache": false,
  "adaptive_depth": false,
  "marker_ffn": false,
  "recursion_mode": "expert",
  "router_capacity": null,
  "router_alpha": 1.0,
  "router_temp": 1.0,
  "router_type": "linear",
  "router_z_coeff": 0.001,
  "router_balance_coeff": 0.1,
  "gene_interaction": "none",
  "interaction_knn": 16,
  "router_prior_beta": 1.0,
  "router_prior_anneal": true,
  "pathway_attn_bias": false,
  "pathway_attn_lambda": 2.0,
  "lambda_marker": 0.1,
  "gamma_diversity": 0.05,
  "beta_compression": 0.01,
  "lr": 0.001,
  "weight_decay": 1e-05,
  "epochs": 80,
  "patience": 12,
  "seed": 0,
  "device": "cuda"
 },
 "heads": {
  "cell_type": {
   "accuracy": 0.7844998896003533,
   "macro_f1": 0.7910845527651862,
   "weighted_f1": 0.7857107194966908,
   "per_class": {
    "0": {
     "precision": 0.9027149321266968,
     "recall": 0.9289871944121071,
     "f1-score": 0.9156626506024096,
     "support": 859.0
    },
    "1": {
     "precision": 0.8622696411251213,
     "recall": 0.8758620689655172,
     "f1-score": 0.8690127077223851,
     "support": 1015.0
    },
    "2": {
     "precision": 0.8246488445854101,
     "recall": 0.848089468779124,
     "f1-score": 0.8362049161497818,
     "support": 2146.0
    },
    "3": {
     "precision": 0.8402414486921529,
     "recall": 0.8236686390532545,
     "f1-score": 0.8318725099601594,
     "support": 2535.0
    },
    "4": {
     "precision": 0.6176623376623377,
     "recall": 0.6994117647058824,
     "f1-score": 0.656,
     "support": 1700.0
    },
    "5": {
     "precision": 0.619560878243513,
     "recall": 0.7276136896390061,
     "f1-score": 0.6692539887882708,
     "support": 2133.0
    },
    "6": {
     "precision": 0.7488789237668162,
     "recall": 0.743047830923248,
     "f1-score": 0.7459519821328866,
     "support": 2697.0
    },
    "7": {
     "precision": 0.795173514160351,
     "recall": 0.7169573817658694,
     "f1-score": 0.7540425531914894,
     "support": 5561.0
    },
    "8": {
     "precision": 0.7381137957911146,
     "recall": 0.7494064890530203,
     "f1-score": 0.743717277486911,
     "support": 3791.0
    },
    "9": {
     "precision": 0.9025663331883428,
     "recall": 0.8760819083808318,
     "f1-score": 0.8891269416175683,
     "support": 4737.0
    },
    "accuracy": 0.7844998896003533,
    "macro avg": {
     "precision": 0.7851830649341857,
     "recall": 0.7989126435677861,
     "f1-score": 0.7910845527651862,
     "support": 27174.0
    },
    "weighted avg": {
     "precision": 0.7888873968674185,
     "recall": 0.7844998896003533,
     "f1-score": 0.7857107194966908,
     "support": 27174.0
    }
   }
  }
 }
}