{
 "dataset": "tabula_muris",
 "n_samples": 54865,
 "n_features": 1089,
 "n_classes": 55,
 "n_train": 32645,
 "n_test": 16458,
 "transformer_params": 75168,
 "total_params": 212559,
 "config": {
  "heads": [
   "cell_type"
  ],
  "cohorts": null,
  "n_hvg": null,
  "n_channels": 1,
  "batch_size": 128,
  "val_frac": 0.15,
  "test_frac": 0.15,
  "d_model": 96,
  "n_heads": 4,
  "d_ff": 192,
  "dropout": 0.1,
  "n_markers": 32,
  "marker_mode": "router",
  "pathway_pool": "mean",
  "compress_mode": "aggregate",
  "recursive_marker_refine": true,
  "peak_init": true,
  "anneal_markers": true,
  "recursion_depth": 4,
  "share_weights": true,
  "share_strategy": "cycle",
  "n_unique_blocks": null,
  "step_cache": false,
  "adaptive_depth": false,
  "marker_ffn": false,
  "recursion_mode": "expert",
  "router_capacity": null,
  "router_alpha": 1.0,
  "router_temp": 1.0,
  "router_type": "linear",
  "router_z_coeff": 0.001,
  "router_balance_coeff": 0.1,
  "gene_interaction": "none",
  "interaction_knn": 16,
  "router_prior_beta": 1.0,
  "router_prior_anneal": true,
  "pathway_attn_bias": false,
  "pathway_attn_lambda": 2.0,
  "lambda_marker": 0.1,
  "gamma_diversity": 0.05,
  "beta_compression": 0.01,
  "lr": 0.001,
  "weight_decay": 1e-05,
  "epochs": 80,
  "patience": 12,
  "seed": 0,
  "device": "cuda"
 },
 "heads": {
  "cell_type": {
   "accuracy": 0.6627779803135253,
   "macro_f1": 0.5317362712490672,
   "weighted_f1": 0.6823606683031032,
   "per_class": {
    "0": {
     "precision": 0.9329710144927537,
     "recall": 0.8279742765273312,
     "f1-score": 0.8773424190800682,
     "support": 2488.0
    },
    "1": {
     "precision": 0.029661016949152543,
     "recall": 0.5384615384615384,
     "f1-score": 0.05622489959839357,
     "support": 13.0
    },
    "2": {
     "precision": 0.391304347826087,
     "recall": 0.45,
     "f1-score": 0.4186046511627907,
     "support": 20.0
    },
    "3": {
     "precision": 0.35,
     "recall": 0.6363636363636364,
     "f1-score": 0.45161290322580644,
     "support": 11.0
    },
    "4": {
     "precision": 0.7586872586872587,
     "recall": 0.29705215419501135,
     "f1-score": 0.4269418794133623,
     "support": 1323.0
    },
    "5": {
     "precision": 0.6194690265486725,
     "recall": 0.6730769230769231,
     "f1-score": 0.6451612903225806,
     "support": 104.0
    },
    "6": {
     "precision": 0.7841726618705036,
     "recall": 0.923728813559322,
     "f1-score": 0.8482490272373541,
     "support": 118.0
    },
    "7": {
     "precision": 0.9566694987255735,
     "recall": 0.8485305199698568,
     "f1-score": 0.8993610223642172,
     "support": 1327.0
    },
    "8": {
     "precision": 0.42857142857142855,
     "recall": 0.6666666666666666,
     "f1-score": 0.5217391304347826,
     "support": 18.0
    },
    "9": {
     "precision": 0.5811965811965812,
     "recall": 0.7534626038781164,
     "f1-score": 0.6562123039806996,
     "support": 361.0
    },
    "10": {
     "precision": 0.9137466307277629,
     "recall": 0.9685714285714285,
     "f1-score": 0.9403606102635229,
     "support": 350.0
    },
    "11": {
     "precision": 0.6938775510204082,
     "recall": 0.49707602339181284,
     "f1-score": 0.5792163543441227,
     "support": 342.0
    },
    "12": {
     "precision": 0.2328767123287671,
     "recall": 0.9444444444444444,
     "f1-score": 0.37362637362637363,
     "support": 18.0
    },
    "13": {
     "precision": 0.5384615384615384,
     "recall": 0.9333333333333333,
     "f1-score": 0.6829268292682927,
     "support": 15.0
    },
    "14": {
     "precision": 0.35294117647058826,
     "recall": 0.375,
     "f1-score": 0.36363636363636365,
     "support": 48.0
    },
    "15": {
     "precision": 0.0763888888888889,
     "recall": 0.8461538461538461,
     "f1-score": 0.14012738853503184,
     "support": 13.0
    },
    "16": {
     "precision": 0.4,
     "recall": 0.75,
     "f1-score": 0.5217391304347826,
     "support": 8.0
    },
    "17": {
     "precision": 0.0898876404494382,
     "recall": 0.42105263157894735,
     "f1-score": 0.14814814814814814,
     "support": 19.0
    },
    "18": {
     "precision": 0.40625,
     "recall": 0.6842105263157895,
     "f1-score": 0.5098039215686274,
     "support": 19.0
    },
    "19": {
     "precision": 0.8579439252336448,
     "recall": 0.5381008206330598,
     "f1-score": 0.6613832853025937,
     "support": 853.0
    },
    "20": {
     "precision": 0.03759398496240601,
     "recall": 0.625,
     "f1-score": 0.07092198581560284,
     "support": 8.0
    },
    "21": {
     "precision": 0.6488294314381271,
     "recall": 0.7432950191570882,
     "f1-score": 0.6928571428571428,
     "support": 261.0
    },
    "22": {
     "precision": 0.2814814814814815,
     "recall": 0.8260869565217391,
     "f1-score": 0.4198895027624309,
     "support": 46.0
    },
    "23": {
     "precision": 0.16065573770491803,
     "recall": 0.7205882352941176,
     "f1-score": 0.26273458445040215,
     "support": 68.0
    },
    "24": {
     "precision": 0.6653225806451613,
     "recall": 0.7568807339449541,
     "f1-score": 0.7081545064377682,
     "support": 218.0
    },
    "25": {
     "precision": 0.7704918032786885,
     "recall": 0.831858407079646,
     "f1-score": 0.8,
     "support": 113.0
    },
    "26": {
     "precision": 0.6699029126213593,
     "recall": 0.5847457627118644,
     "f1-score": 0.6244343891402715,
     "support": 118.0
    },
    "27": {
     "precision": 0.9464668094218416,
     "recall": 0.8355387523629489,
     "f1-score": 0.8875502008032129,
     "support": 529.0
    },
    "28": {
     "precision": 0.06291390728476821,
     "recall": 0.5588235294117647,
     "f1-score": 0.1130952380952381,
     "support": 34.0
    },
    "29": {
     "precision": 0.5224913494809689,
     "recall": 0.7438423645320197,
     "f1-score": 0.6138211382113821,
     "support": 406.0
    },
    "30": {
     "precision": 0.8322147651006712,
     "recall": 0.9404117009750813,
     "f1-score": 0.8830111902339777,
     "support": 923.0
    },
    "31": {
     "precision": 0.620253164556962,
     "recall": 0.8305084745762712,
     "f1-score": 0.7101449275362319,
     "support": 118.0
    },
    "32": {
     "precision": 0.09090909090909091,
     "recall": 0.21428571428571427,
     "f1-score": 0.1276595744680851,
     "support": 14.0
    },
    "33": {
     "precision": 0.5871559633027523,
     "recall": 0.48120300751879697,
     "f1-score": 0.5289256198347108,
     "support": 133.0
    },
    "34": {
     "precision": 0.688622754491018,
     "recall": 0.8156028368794326,
     "f1-score": 0.7467532467532467,
     "support": 141.0
    },
    "35": {
     "precision": 0.9555555555555556,
     "recall": 0.958217270194986,
     "f1-score": 0.9568845618915159,
     "support": 359.0
    },
    "36": {
     "precision": 0.5042016806722689,
     "recall": 0.759493670886076,
     "f1-score": 0.6060606060606061,
     "support": 79.0
    },
    "37": {
     "precision": 0.3333333333333333,
     "recall": 0.38144329896907214,
     "f1-score": 0.3557692307692308,
     "support": 97.0
    },
    "38": {
     "precision": 0.7647058823529411,
     "recall": 0.8478260869565217,
     "f1-score": 0.8041237113402062,
     "support": 138.0
    },
    "39": {
     "precision": 0.5396039603960396,
     "recall": 0.7841726618705036,
     "f1-score": 0.6392961876832844,
     "support": 139.0
    },
    "40": {
     "precision": 0.4386792452830189,
     "recall": 0.23484848484848486,
     "f1-score": 0.3059210526315789,
     "support": 396.0
    },
    "41": {
     "precision": 0.2222222222222222,
     "recall": 0.5714285714285714,
     "f1-score": 0.32,
     "support": 7.0
    },
    "42": {
     "precision": 0.23728813559322035,
     "recall": 0.9333333333333333,
     "f1-score": 0.3783783783783784,
     "support": 15.0
    },
    "43": {
     "precision": 0.8888206388206388,
     "recall": 0.6146983857264231,
     "f1-score": 0.7267704671019588,
     "support": 2354.0
    },