{
 "dataset": "Wang",
 "mode": "learned",
 "K": 3,
 "seed": 1,
 "n_markers": 128,
 "test_macro_f1": 33.767714554948604,
 "test_accuracy": 43.47826086956522,
 "val_macro_f1": 49.855275443510735,
 "n_features": 2000,
 "n_classes": 7,
 "n_samples": 457,
 "learned_lambda": 0.20981936156749725,
 "bio_anchor_have": false
}