{
 "dataset": "Wang",
 "mode": "learned",
 "K": 3,
 "seed": 0,
 "n_markers": 128,
 "test_macro_f1": 17.84322820037106,
 "test_accuracy": 21.014492753623188,
 "val_macro_f1": 40.92165898617511,
 "n_features": 2000,
 "n_classes": 7,
 "n_samples": 457,
 "learned_lambda": 0.2010839879512787,
 "bio_anchor_have": false
}