{
 "dataset": "Wang",
 "mode": "learned",
 "K": 3,
 "seed": 2,
 "n_markers": 128,
 "test_macro_f1": 33.33157236622071,
 "test_accuracy": 47.10144927536232,
 "val_macro_f1": 35.364750551383345,
 "n_features": 2000,
 "n_classes": 7,
 "n_samples": 457,
 "learned_lambda": 0.20455105602741241,
 "bio_anchor_have": false
}