{
 "family": "pnet",
 "cohort": "blca",
 "task": "response",
 "mode": "learned",
 "K": 3,
 "n_features": 3000,
 "n_classes": 2,
 "n_samples": 404,
 "n_folds": 5,
 "seed": 42,
 "val_frac": 0.1,
 "cv_macro_f1": {
  "mean": 47.546048794210556,
  "std": 4.579779139457381,
  "folds": [
   41.33545310015898,
   52.352941176470594,
   44.16360294117647,
   46.75324675324675,
   53.125
  ]
 },
 "cv_accuracy": {
  "mean": 57.45679012345679,
  "std": 8.020549738452837,
  "folds": [
   49.382716049382715,
   55.55555555555556,
   62.96296296296296,
   49.382716049382715,
   70.0
  ]
 },
 "cv_pos_f1": {
  "mean": 75.71681207391913,
  "std": 4.667423658343165,
  "folds": [
   67.24137931034483,
   77.27272727272727,
   75.96899224806202,
   76.5625,
   81.53846153846153
  ]
 }
}