{
 "family": "pnet",
 "cohort": "blca",
 "task": "response",
 "mode": "learned",
 "K": 4,
 "n_features": 3000,
 "n_classes": 2,
 "n_samples": 404,
 "n_folds": 5,
 "seed": 42,
 "val_frac": 0.1,
 "cv_macro_f1": {
  "mean": 48.758009600958836,
  "std": 5.126646734262721,
  "folds": [
   39.280359820089956,
   48.7258561921766,
   49.21081081081081,
   53.714285714285715,
   52.85873546743112
  ]
 },
 "cv_accuracy": {
  "mean": 56.1820987654321,
  "std": 5.262536653426196,
  "folds": [
   50.617283950617285,
   51.85185185185185,
   64.19753086419753,
   60.49382716049383,
   53.75
  ]
 }
}