{
 "task": "prostate",
 "arm": "vanilla",
 "pos_class": 1,
 "n_folds": 10,
 "pos_f1": [
  0.5049861419002403,
  0.1522073245130859
 ],
 "pos_precision": [
  0.5490810251416913,
  0.13848116364311508
 ],
 "pos_recall": [
  0.5225463591135233,
  0.22932421950442602
 ],
 "maj_f1": [
  0.7632416147493348,
  0.0760248059676788
 ],
 "macro_f1": [
  0.6341138783247875,
  0.0894424319960743
 ],
 "accuracy": [
  0.6903453153197093,
  0.0723601718823956
 ]
}