{
 "task": "pan_meta_pri_3modal",
 "arm": "token_k2",
 "pos_class": 1,
 "n_folds": 10,
 "pos_f1": [
  0.8792635262384648,
  0.01551783098243058
 ],
 "pos_precision": [
  0.8925547284084994,
  0.03573703266127875
 ],
 "pos_recall": [
  0.8696156773211567,
  0.04633025632194932
 ],
 "maj_f1": [
  0.9947745278485124,
  0.0006200204085327232
 ],
 "macro_f1": [
  0.9370190270434886,
  0.008045462990024541
 ],
 "accuracy": [
  0.9899836124816342,
  0.0011883975867545186
 ]
}