{
 "dataset": "Oesophagus",
 "mode": "learned",
 "K": 4,
 "seed": 1,
 "n_markers": 128,
 "test_macro_f1": 70.39665954302204,
 "test_accuracy": 86.70077695660413,
 "val_macro_f1": 69.84697957286569,
 "n_features": 1089,
 "n_classes": 18,
 "n_samples": 87947,
 "learned_lambda": 0.7271443605422974,
 "bio_anchor_have": false
}