{
 "dataset": "Oesophagus",
 "mode": "learned",
 "K": 4,
 "seed": 2,
 "n_markers": 128,
 "test_macro_f1": 68.24325992957019,
 "test_accuracy": 87.51184385067273,
 "val_macro_f1": 70.70899698209271,
 "n_features": 1089,
 "n_classes": 18,
 "n_samples": 87947,
 "learned_lambda": 0.7252566814422607,
 "bio_anchor_have": false
}