{
 "family": "pnet",
 "cohort": "blca",
 "task": "response",
 "mode": "learned",
 "K": 4,
 "n_features": 3000,
 "n_classes": 2,
 "n_samples": 404,
 "n_folds": 5,
 "seed": 42,
 "val_frac": 0.1,
 "cv_macro_f1": {
  "mean": 47.90294184405786,
  "std": 1.715196354864189,
  "folds": [
   45.41778975741239,
   47.327517842981756,
   48.86363636363637,
   50.54579093432008,
   47.359974321938694
  ]
 },
 "cv_accuracy": {
  "mean": 51.72530864197531,
  "std": 3.835519545169177,
  "folds": [
   50.617283950617285,
   49.382716049382715,
   50.617283950617285,
   59.25925925925925,
   48.75
  ]
 }
}