{
 "task": "panmeta_response",
 "arm": "token_k3",
 "pos_class": 1,
 "n_folds": 10,
 "pos_f1": [
  0.8798797735631402,
  0.044976698712152235
 ],
 "pos_precision": [
  0.8547423742848166,
  0.06852484251835436
 ],
 "pos_recall": [
  0.9099505327245053,
  0.044056635549710385
 ],
 "maj_f1": [
  0.9944873971164105,
  0.0021871149386545148
 ],
 "macro_f1": [
  0.9371835853397753,
  0.023576720697579902
 ],
 "accuracy": [
  0.9894594424175693,
  0.0041711383737957596
 ]
}