{
 "dataset": "baron",
 "recursion_depth": 4,
 "n_markers": 128,
 "mean_token_depth": 2.75,
 "depth_histogram": [
  0,
  22,
  58,
  48
 ],
 "active_fraction_per_step": [
  1.0,
  0.75,
  0.5,
  0.5
 ],
 "top_token_depths": [
  3.9980552196502686,
  3.9821081161499023,
  3.8572540283203125,
  3.8187475204467773,
  3.799299955368042,
  3.790742874145508,
  3.7899649143218994,
  3.7852976322174072,
  3.7588486671447754,
  3.7572929859161377
 ]
}