{
 "dataset": "common_class",
 "recursion_depth": 4,
 "n_markers": 128,
 "mean_token_depth": 2.75,
 "depth_histogram": [
  0,
  22,
  60,
  46
 ],
 "active_fraction_per_step": [
  1.0,
  0.75,
  0.5,
  0.5
 ],
 "top_token_depths": [
  3.9679999351501465,
  3.9663031101226807,
  3.957575798034668,
  3.947272777557373,
  3.8987879753112793,
  3.818545341491699,
  3.8184242248535156,
  3.734787940979004,
  3.7193939685821533,
  3.7166061401367188
 ]
}