{
 "dataset": "lung",
 "recursion_depth": 4,
 "n_markers": 128,
 "mean_token_depth": 2.75,
 "depth_histogram": [
  0,
  13,
  70,
  45
 ],
 "active_fraction_per_step": [
  1.0,
  0.75,
  0.5,
  0.5
 ],
 "top_token_depths": [
  3.8346779346466064,
  3.800830125808716,
  3.7780895233154297,
  3.754472017288208,
  3.680813789367676,
  3.6598854064941406,
  3.6563193798065186,
  3.6487197875976562,
  3.6268560886383057,
  3.5741260051727295
 ]
}