{
 "dataset": "oesophagus",
 "recursion_depth": 4,
 "n_markers": 128,
 "mean_token_depth": 2.75,
 "depth_histogram": [
  0,
  9,
  76,
  43
 ],
 "active_fraction_per_step": [
  1.0,
  0.75,
  0.5,
  0.5
 ],
 "top_token_depths": [
  3.8845176696777344,
  3.776426076889038,
  3.7435665130615234,
  3.645935297012329,
  3.6011369228363037,
  3.593064308166504,
  3.5893120765686035,
  3.5855979919433594,
  3.5626301765441895,
  3.543983221054077
 ]
}