{
 "dataset": "pancreas",
 "recursion_depth": 4,
 "n_markers": 128,
 "mean_token_depth": 2.75,
 "depth_histogram": [
  0,
  32,
  40,
  56
 ],
 "active_fraction_per_step": [
  1.0,
  0.75,
  0.5,
  0.5
 ],
 "top_token_depths": [
  3.984485149383545,
  3.9835448265075684,
  3.982604503631592,
  3.9783732891082764,
  3.9750821590423584,
  3.969440460205078,
  3.960507869720459,
  3.9515750408172607,
  3.947343587875366,
  3.9440526962280273
 ]
}