{
 "dataset": "prototype",
 "recursion_depth": 4,
 "n_markers": 128,
 "mean_token_depth": 2.75,
 "depth_histogram": [
  0,
  12,
  73,
  43
 ],
 "active_fraction_per_step": [
  1.0,
  0.75,
  0.5,
  0.5
 ],
 "top_token_depths": [
  3.7502024173736572,
  3.7419593334198,
  3.7400825023651123,
  3.701148271560669,
  3.6980936527252197,
  3.6859865188598633,
  3.6304924488067627,
  3.622727632522583,
  3.6120924949645996,
  3.592735767364502
 ]
}