{
 "dataset": "segerstolpe",
 "recursion_depth": 4,
 "n_markers": 128,
 "mean_token_depth": 2.75,
 "depth_histogram": [
  0,
  26,
  46,
  56
 ],
 "active_fraction_per_step": [
  1.0,
  0.75,
  0.5,
  0.5
 ],
 "top_token_depths": [
  3.8084771633148193,
  3.7142856121063232,
  3.704866647720337,
  3.675039291381836,
  3.6703295707702637,
  3.6703295707702637,
  3.645211935043335,
  3.6138148307800293,
  3.6138148307800293,
  3.6012558937072754
 ]
}