{
 "dataset": "spleen",
 "recursion_depth": 4,
 "n_markers": 128,
 "mean_token_depth": 2.75,
 "depth_histogram": [
  0,
  23,
  50,
  55
 ],
 "active_fraction_per_step": [
  1.0,
  0.75,
  0.5,
  0.5
 ],
 "top_token_depths": [
  3.8917455673217773,
  3.8288536071777344,
  3.791175365447998,
  3.67197847366333,
  3.647721290588379,
  3.647260904312134,
  3.638195514678955,
  3.577817916870117,
  3.5438222885131836,
  3.524345874786377
 ]
}