{
 "dataset": "tabula_muris",
 "recursion_depth": 4,
 "n_markers": 128,
 "mean_token_depth": 2.75,
 "depth_histogram": [
  0,
  12,
  65,
  51
 ],
 "active_fraction_per_step": [
  1.0,
  0.75,
  0.5,
  0.5
 ],
 "top_token_depths": [
  3.8395917415618896,
  3.773362398147583,
  3.7384250164031982,
  3.714060068130493,
  3.7119333744049072,
  3.678818702697754,
  3.669947862625122,
  3.6404788494110107,
  3.6191518306732178,
  3.5843966007232666
 ]
}