{
 "dataset": "tcell",
 "recursion_depth": 4,
 "n_markers": 128,
 "mean_token_depth": 2.75,
 "depth_histogram": [
  0,
  20,
  63,
  45
 ],
 "active_fraction_per_step": [
  1.0,
  0.75,
  0.5,
  0.5
 ],
 "top_token_depths": [
  4.0,
  3.998889446258545,
  3.9986116886138916,
  3.9925031661987305,
  3.991947889328003,
  3.982229709625244,
  3.9697349071502686,
  3.965430974960327,
  3.9598777294158936,
  3.9576566219329834
 ]
}