{
 "dataset": "Muraro",
 "method": "Linear (ANOVA->PCA->LogReg)",
 "n_folds": 5,
 "seed": 42,
 "n_features": 2000,
 "n_classes": 9,
 "n_samples": 2122,
 "cv_macro_f1": {
  "mean": 95.75039887939616,
  "std": 1.8796057727203093,
  "folds": [
   97.78426808598721,
   98.06059645841592,
   95.14700396188844,
   93.23564302723749,
   94.52448286345172
  ]
 }
}