{
 "dataset": "Muraro",
 "method": "Random Forest",
 "n_folds": 5,
 "seed": 42,
 "n_features": 2000,
 "n_classes": 9,
 "n_samples": 2122,
 "cv_macro_f1": {
  "mean": 92.66899083293319,
  "std": 4.555141779724534,
  "folds": [
   86.99909907054,
   98.32358421602636,
   96.1602128844873,
   87.66033869194243,
   94.20171930166983
  ]
 }
}