{
 "task": "pan_meta_pri_3modal",
 "arm": "token_k4",
 "pos_class": 1,
 "n_folds": 10,
 "pos_f1": [
  0.8956706488765498,
  0.035802811121376385
 ],
 "pos_precision": [
  0.9016318598040044,
  0.06088280678417278
 ],
 "pos_recall": [
  0.8932267884322679,
  0.04320598224806291
 ],
 "maj_f1": [
  0.9954091579599453,
  0.0016673837314754856
 ],
 "macro_f1": [
  0.9455399034182476,
  0.01872615521713484
 ],
 "accuracy": [
  0.9912062352575051,
  0.0031847262028790414
 ]
}