{
 "dataset": "Lung",
 "mode": "learned",
 "K": 4,
 "seed": 1,
 "n_markers": 256,
 "test_macro_f1": 80.67699128618493,
 "test_accuracy": 87.47223196539225,
 "n_features": 1089,
 "n_classes": 25,
 "n_samples": 57020,
 "learned_lambda": 0.6717353463172913
}