{
 "task": "prostate",
 "arm": "fixed_k3",
 "pos_class": 1,
 "n_folds": 10,
 "pos_f1": [
  0.6462552203727709,
  0.06806325796846277
 ],
 "pos_precision": [
  0.586954899526342,
  0.11273076625069856
 ],
 "pos_recall": [
  0.7700135685210312,
  0.1355721298730395
 ],
 "maj_f1": [
  0.7169257670736303,
  0.2475089410897353
 ],
 "macro_f1": [
  0.6815904937232007,
  0.1525870926960964
 ],
 "accuracy": [
  0.708230502853241,
  0.13752172056042228
 ]
}