{
 "dataset": "Wang",
 "mode": "learned",
 "K": 2,
 "seed": 9,
 "n_markers": 128,
 "test_macro_f1": 38.77050522726253,
 "test_accuracy": 51.449275362318836,
 "val_macro_f1": 42.602830605926584,
 "n_features": 2000,
 "n_classes": 7,
 "n_samples": 457,
 "learned_lambda": 0.213134303689003,
 "bio_anchor_have": false
}