{
 "dataset": "Wang",
 "mode": "learned",
 "K": 2,
 "seed": 4,
 "n_markers": 128,
 "test_macro_f1": 35.598704719200654,
 "test_accuracy": 48.55072463768116,
 "val_macro_f1": 48.01842929921747,
 "n_features": 2000,
 "n_classes": 7,
 "n_samples": 457,
 "learned_lambda": 0.21071042120456696,
 "bio_anchor_have": false
}