{
 "dataset": "Wang",
 "mode": "learned",
 "K": 2,
 "seed": 5,
 "n_markers": 128,
 "test_macro_f1": 40.71175406371864,
 "test_accuracy": 61.59420289855072,
 "val_macro_f1": 40.172068827531014,
 "n_features": 2000,
 "n_classes": 7,
 "n_samples": 457,
 "learned_lambda": 0.21403363347053528,
 "bio_anchor_have": false
}