{
 "dataset": "Wang",
 "mode": "learned",
 "K": 2,
 "seed": 1,
 "n_markers": 128,
 "test_macro_f1": 30.365812585216517,
 "test_accuracy": 43.47826086956522,
 "val_macro_f1": 41.70068027210883,
 "n_features": 2000,
 "n_classes": 7,
 "n_samples": 457,
 "learned_lambda": 0.21119734644889832,
 "bio_anchor_have": false
}