{
 "dataset": "Wang",
 "mode": "learned",
 "K": 2,
 "seed": 0,
 "n_markers": 128,
 "test_macro_f1": 43.70586532485335,
 "test_accuracy": 65.21739130434783,
 "val_macro_f1": 45.928965587868944,
 "n_features": 2000,
 "n_classes": 7,
 "n_samples": 457,
 "learned_lambda": 0.2114606648683548,
 "bio_anchor_have": false
}