{
 "dataset": "Wang",
 "mode": "learned",
 "K": 2,
 "seed": 2,
 "n_markers": 128,
 "test_macro_f1": 29.830881085043124,
 "test_accuracy": 39.130434782608695,
 "val_macro_f1": 48.04940157881335,
 "n_features": 2000,
 "n_classes": 7,
 "n_samples": 457,
 "learned_lambda": 0.2103491872549057,
 "bio_anchor_have": false
}