{
 "dataset": "Wang",
 "mode": "learned",
 "K": 2,
 "seed": 8,
 "n_markers": 128,
 "test_macro_f1": 24.49397811701768,
 "test_accuracy": 31.88405797101449,
 "val_macro_f1": 26.566951566951563,
 "n_features": 2000,
 "n_classes": 7,
 "n_samples": 457,
 "learned_lambda": 0.20821447670459747,
 "bio_anchor_have": false
}