{
 "dataset": "Wang",
 "mode": "learned",
 "K": 2,
 "seed": 3,
 "n_markers": 128,
 "test_macro_f1": 31.51857145460557,
 "test_accuracy": 42.7536231884058,
 "val_macro_f1": 48.143857085168165,
 "n_features": 2000,
 "n_classes": 7,
 "n_samples": 457,
 "learned_lambda": 0.20965884625911713,
 "bio_anchor_have": false
}