{
 "dataset": "Wang",
 "mode": "learned",
 "K": 2,
 "seed": 7,
 "n_markers": 128,
 "test_macro_f1": 47.539270422297655,
 "test_accuracy": 65.94202898550725,
 "val_macro_f1": 62.61274303771851,
 "n_features": 2000,
 "n_classes": 7,
 "n_samples": 457,
 "learned_lambda": 0.21516481041908264,
 "bio_anchor_have": false
}