{
 "dataset": "Oesophagus",
 "mode": "learned",
 "K": 2,
 "seed": 2,
 "n_markers": 128,
 "test_macro_f1": 66.19193254568827,
 "test_accuracy": 85.9806708357021,
 "val_macro_f1": 69.2891143035364,
 "n_features": 1089,
 "n_classes": 18,
 "n_samples": 87947,
 "learned_lambda": 0.6945003867149353,
 "bio_anchor_have": false
}