{
 "dataset": "Oesophagus",
 "mode": "learned",
 "K": 2,
 "seed": 1,
 "n_markers": 128,
 "test_macro_f1": 71.13818219850494,
 "test_accuracy": 88.5730528709494,
 "val_macro_f1": 73.41017980798645,
 "n_features": 1089,
 "n_classes": 18,
 "n_samples": 87947,
 "learned_lambda": 0.7274028658866882,
 "bio_anchor_have": false
}