{
 "dataset": "Oesophagus",
 "mode": "learned",
 "K": 2,
 "seed": 0,
 "n_markers": 128,
 "test_macro_f1": 70.51724086869136,
 "test_accuracy": 87.80746636346409,
 "val_macro_f1": 69.78795764197287,
 "n_features": 1089,
 "n_classes": 18,
 "n_samples": 87947,
 "learned_lambda": 0.5237991809844971,
 "bio_anchor_have": false
}