{
 "family": "pnet",
 "cohort": "prostate",
 "task": "response",
 "mode": "learned",
 "K": 2,
 "n_features": 3000,
 "n_classes": 2,
 "n_samples": 1011,
 "n_folds": 5,
 "seed": 42,
 "val_frac": 0.1,
 "cv_macro_f1": {
  "mean": 63.28991023196924,
  "std": 4.267270057118078,
  "folds": [
   61.16455150486353,
   60.07440995233112,
   70.59212790174436,
   65.54539607974723,
   59.073065721159935
  ]
 },
 "cv_accuracy": {
  "mean": 68.45047066282982,
  "std": 2.710244888552021,
  "folds": [
   65.02463054187191,
   66.33663366336634,
   72.77227722772277,
   69.80198019801979,
   68.31683168316832
  ]
 },
 "cv_pos_f1": {
  "mean": 54.73046067471155,
  "std": 4.587539473724008,
  "folds": [
   52.03252032520326,
   51.891891891891895,
   62.585034013605444,
   50.0,
   57.14285714285714
  ]
 }
}