{
 "dataset": "prototype",
 "K": 100,
 "seed": 0,
 "val_macro_f1": 9.86396252658213,
 "test_macro_f1": 9.632694499134175,
 "test_accuracy": 14.12011481563259
}