{
 "dataset": "prototype",
 "K": 1,
 "seed": 0,
 "val_macro_f1": 94.08900221866998,
 "test_macro_f1": 94.00449634466023,
 "test_accuracy": 94.57201736954441
}