{
 "dataset": "prototype",
 "K": 20,
 "seed": 0,
 "val_macro_f1": 94.77561856490698,
 "test_macro_f1": 94.7610181512467,
 "test_accuracy": 95.27857510855965
}