{
 "dataset": "prototype",
 "K": 40,
 "seed": 0,
 "val_macro_f1": 94.27502953841145,
 "test_macro_f1": 94.25263118506753,
 "test_accuracy": 94.83329653345109
}