{
 "dataset": "prototype",
 "K": 8,
 "seed": 0,
 "val_macro_f1": 94.5486470537643,
 "test_macro_f1": 94.16655795754639,
 "test_accuracy": 94.78913667476264
}