{
 "dataset": "baron",
 "n_samples": 8569,
 "n_features": 1936,
 "n_classes": 14,
 "n_train": 5098,
 "n_test": 2571,
 "transformer_params": 75168,
 "total_params": 295133,
 "config": {
  "heads": [
   "cell_type"
  ],
  "cohorts": null,
  "n_hvg": null,
  "n_channels": 1,
  "batch_size": 128,
  "val_frac": 0.15,
  "test_frac": 0.15,
  "d_model": 96,
  "n_heads": 4,
  "d_ff": 192,
  "dropout": 0.1,
  "n_markers": 128,
  "marker_mode": "router",
  "pathway_pool": "mean",
  "compress_mode": "aggregate",
  "recursive_marker_refine": true,
  "peak_init": true,
  "anneal_markers": true,
  "recursion_depth": 4,
  "share_weights": true,
  "share_strategy": "cycle",
  "n_unique_blocks": null,
  "step_cache": false,
  "adaptive_depth": false,
  "marker_ffn": false,
  "recursion_mode": "expert",
  "router_capacity": null,
  "router_alpha": 1.0,
  "router_temp": 1.0,
  "router_type": "linear",
  "router_z_coeff": 0.001,
  "router_balance_coeff": 0.1,
  "gene_interaction": "none",
  "interaction_knn": 16,
  "router_prior_beta": 1.0,
  "router_prior_anneal": true,
  "pathway_attn_bias": false,
  "pathway_attn_lambda": 2.0,
  "lambda_marker": 0.1,
  "gamma_diversity": 0.05,
  "beta_compression": 0.01,
  "lr": 0.001,
  "weight_decay": 1e-05,
  "epochs": 80,
  "patience": 12,
  "seed": 0,
  "device": "cuda"
 },
 "heads": {
  "cell_type": {
   "accuracy": 0.8623103850641773,
   "macro_f1": 0.6194526347839391,
   "weighted_f1": 0.8691056454575765,
   "per_class": {
    "0": {
     "precision": 0.8932038834951457,
     "recall": 0.9616724738675958,
     "f1-score": 0.9261744966442953,
     "support": 287.0
    },
    "1": {
     "precision": 0.75,
     "recall": 0.6705882352941176,
     "f1-score": 0.7080745341614907,
     "support": 85.0
    },
    "2": {
     "precision": 0.9658914728682171,
     "recall": 0.8925501432664756,
     "f1-score": 0.9277736411020104,
     "support": 698.0
    },
    "3": {
     "precision": 0.9639769452449568,
     "recall": 0.8825857519788918,
     "f1-score": 0.9214876033057852,
     "support": 758.0
    },
    "4": {
     "precision": 0.5604395604395604,
     "recall": 0.85,
     "f1-score": 0.6754966887417219,
     "support": 180.0
    },
    "5": {
     "precision": 0.9522184300341296,
     "recall": 0.8637770897832817,
     "f1-score": 0.9058441558441559,
     "support": 323.0
    },
    "6": {
     "precision": 0.6875,
     "recall": 0.868421052631579,
     "f1-score": 0.7674418604651163,
     "support": 76.0
    },
    "7": {
     "precision": 0.3333333333333333,
     "recall": 0.4,
     "f1-score": 0.36363636363636365,
     "support": 5.0
    },
    "8": {
     "precision": 0.5058823529411764,
     "recall": 0.5584415584415584,
     "f1-score": 0.5308641975308642,
     "support": 77.0
    },
    "9": {
     "precision": 0.5454545454545454,
     "recall": 0.7058823529411765,
     "f1-score": 0.6153846153846154,
     "support": 17.0
    },
    "10": {
     "precision": 0.09090909090909091,
     "recall": 0.14285714285714285,
     "f1-score": 0.1111111111111111,
     "support": 7.0
    },
    "11": {
     "precision": 0.6415094339622641,
     "recall": 0.6538461538461539,
     "f1-score": 0.6476190476190476,
     "support": 52.0
    },
    "12": {
     "precision": 0.6666666666666666,
     "recall": 0.5,
     "f1-score": 0.5714285714285714,
     "support": 4.0
    },
    "13": {
     "precision": 0.0,
     "recall": 0.0,
     "f1-score": 0.0,
     "support": 2.0
    },
    "accuracy": 0.8623103850641773,
    "macro avg": {
     "precision": 0.6112132653820777,
     "recall": 0.6393301396362838,
     "f1-score": 0.6194526347839391,
     "support": 2571.0
    },
    "weighted avg": {
     "precision": 0.8837945612158216,
     "recall": 0.8623103850641773,
     "f1-score": 0.8691056454575765,
     "support": 2571.0
    }
   }
  }
 }
}