{
 "dataset": "common_class",
 "n_samples": 27499,
 "n_features": 1089,
 "n_classes": 19,
 "n_train": 16361,
 "n_test": 8250,
 "transformer_params": 75168,
 "total_params": 214791,
 "config": {
  "heads": [
   "cell_type"
  ],
  "cohorts": null,
  "n_hvg": null,
  "n_channels": 1,
  "batch_size": 128,
  "val_frac": 0.15,
  "test_frac": 0.15,
  "d_model": 96,
  "n_heads": 4,
  "d_ff": 192,
  "dropout": 0.1,
  "n_markers": 128,
  "marker_mode": "router",
  "pathway_pool": "mean",
  "compress_mode": "aggregate",
  "recursive_marker_refine": true,
  "peak_init": true,
  "anneal_markers": true,
  "recursion_depth": 4,
  "share_weights": true,
  "share_strategy": "cycle",
  "n_unique_blocks": null,
  "step_cache": false,
  "adaptive_depth": false,
  "marker_ffn": false,
  "recursion_mode": "expert",
  "router_capacity": null,
  "router_alpha": 1.0,
  "router_temp": 1.0,
  "router_type": "linear",
  "router_z_coeff": 0.001,
  "router_balance_coeff": 0.1,
  "gene_interaction": "none",
  "interaction_knn": 16,
  "router_prior_beta": 1.0,
  "router_prior_anneal": true,
  "pathway_attn_bias": false,
  "pathway_attn_lambda": 2.0,
  "lambda_marker": 0.1,
  "gamma_diversity": 0.05,
  "beta_compression": 0.01,
  "lr": 0.001,
  "weight_decay": 1e-05,
  "epochs": 80,
  "patience": 12,
  "seed": 0,
  "device": "cuda"
 },
 "heads": {
  "cell_type": {
   "accuracy": 0.8031515151515152,
   "macro_f1": 0.6482085066483346,
   "weighted_f1": 0.8112776543902378,
   "per_class": {
    "0": {
     "precision": 0.4117647058823529,
     "recall": 0.5526315789473685,
     "f1-score": 0.47191011235955055,
     "support": 76.0
    },
    "1": {
     "precision": 0.5726744186046512,
     "recall": 0.6024464831804281,
     "f1-score": 0.587183308494784,
     "support": 327.0
    },
    "2": {
     "precision": 0.44140625,
     "recall": 0.47478991596638653,
     "f1-score": 0.4574898785425101,
     "support": 238.0
    },
    "3": {
     "precision": 0.3717277486910995,
     "recall": 0.8502994011976048,
     "f1-score": 0.517304189435337,
     "support": 167.0
    },
    "4": {
     "precision": 0.6586826347305389,
     "recall": 0.6875,
     "f1-score": 0.672782874617737,
     "support": 160.0
    },
    "5": {
     "precision": 0.766497461928934,
     "recall": 0.6163265306122448,
     "f1-score": 0.6832579185520362,
     "support": 245.0
    },
    "6": {
     "precision": 0.5346534653465347,
     "recall": 0.453781512605042,
     "f1-score": 0.4909090909090909,
     "support": 119.0
    },
    "7": {
     "precision": 0.9347408829174664,
     "recall": 0.7257824143070045,
     "f1-score": 0.8171140939597316,
     "support": 671.0
    },
    "8": {
     "precision": 0.3116438356164384,
     "recall": 0.6319444444444444,
     "f1-score": 0.41743119266055045,
     "support": 144.0
    },
    "9": {
     "precision": 0.694560669456067,
     "recall": 0.4029126213592233,
     "f1-score": 0.5099846390168971,
     "support": 412.0
    },
    "10": {
     "precision": 0.42585551330798477,
     "recall": 0.6746987951807228,
     "f1-score": 0.5221445221445221,
     "support": 166.0
    },
    "11": {
     "precision": 0.8432835820895522,
     "recall": 0.6634050880626223,
     "f1-score": 0.7426067907995619,
     "support": 511.0
    },
    "12": {
     "precision": 0.8284132841328413,
     "recall": 0.8503787878787878,
     "f1-score": 0.8392523364485981,
     "support": 528.0
    },
    "13": {
     "precision": 0.27411167512690354,
     "recall": 0.574468085106383,
     "f1-score": 0.3711340206185567,
     "support": 94.0
    },
    "14": {
     "precision": 0.8125,
     "recall": 0.9285714285714286,
     "f1-score": 0.8666666666666667,
     "support": 14.0
    },
    "15": {
     "precision": 0.7692307692307693,
     "recall": 0.44776119402985076,
     "f1-score": 0.5660377358490566,
     "support": 201.0
    },
    "16": {
     "precision": 0.9863325740318907,
     "recall": 0.9796380090497737,
     "f1-score": 0.9829738933030647,
     "support": 884.0
    },
    "17": {
     "precision": 0.9762574195563887,
     "recall": 0.9568279240661359,
     "f1-score": 0.9664450286067728,
     "support": 3266.0
    },
    "18": {
     "precision": 0.7575757575757576,
     "recall": 0.9259259259259259,
     "f1-score": 0.8333333333333334,
     "support": 27.0
    },
    "accuracy": 0.8031515151515152,
    "macro avg": {
     "precision": 0.6511532972750617,
     "recall": 0.6842152705521778,
     "f1-score": 0.6482085066483346,
     "support": 8250.0
    },
    "weighted avg": {
     "precision": 0.8378596208092649,
     "recall": 0.8031515151515152,
     "f1-score": 0.8112776543902378,
     "support": 8250.0
    }
   }
  }
 }
}