{
 "task": "prostate",
 "arm": "token_k3",
 "pos_class": 1,
 "n_folds": 10,
 "pos_f1": [
  0.7117678350258612,
  0.05159110676821269
 ],
 "pos_precision": [
  0.6575604859602688,
  0.09293259415729736
 ],
 "pos_recall": [
  0.7911352329262777,
  0.06402672793910504
 ],
 "maj_f1": [
  0.8268650557479909,
  0.0561265684495912
 ],
 "macro_f1": [
  0.769316445386926,
  0.052178145673211676
 ],
 "accuracy": [
  0.7852923962346974,
  0.05614981827863979
 ]
}