{
 "task": "pan_meta_pri_3modal",
 "arm": "fixed_k2",
 "pos_class": 1,
 "n_folds": 10,
 "pos_f1": [
  0.9056102419461469,
  0.03921821896351278
 ],
 "pos_precision": [
  0.9099002188865203,
  0.040454344794878354
 ],
 "pos_recall": [
  0.9085045662100457,
  0.08109378184307114
 ],
 "maj_f1": [
  0.9959289711718492,
  0.0014042278089145732
 ],
 "macro_f1": [
  0.9507696065589981,
  0.02029663540922773
 ],
 "accuracy": [
  0.9921965715711474,
  0.002709252937237202
 ]
}