{
 "dataset": "baron",
 "n_samples": 8569,
 "n_features": 1936,
 "n_classes": 14,
 "n_train": 5098,
 "n_test": 2571,
 "transformer_params": 74784,
 "total_params": 294749,
 "config": {
  "heads": [
   "cell_type"
  ],
  "cohorts": null,
  "n_hvg": null,
  "n_channels": 1,
  "batch_size": 128,
  "val_frac": 0.15,
  "test_frac": 0.15,
  "d_model": 96,
  "n_heads": 4,
  "d_ff": 192,
  "dropout": 0.1,
  "n_markers": 128,
  "marker_mode": "router",
  "pathway_pool": "mean",
  "compress_mode": "aggregate",
  "recursive_marker_refine": true,
  "peak_init": true,
  "anneal_markers": true,
  "recursion_depth": 4,
  "share_weights": true,
  "share_strategy": "cycle",
  "n_unique_blocks": null,
  "step_cache": false,
  "adaptive_depth": false,
  "marker_ffn": false,
  "recursion_mode": "fixed",
  "router_capacity": null,
  "router_alpha": 1.0,
  "router_temp": 1.0,
  "router_type": "linear",
  "router_z_coeff": 0.001,
  "router_balance_coeff": 0.1,
  "gene_interaction": "none",
  "interaction_knn": 16,
  "router_prior_beta": 1.0,
  "router_prior_anneal": true,
  "pathway_attn_bias": false,
  "pathway_attn_lambda": 2.0,
  "lambda_marker": 0.1,
  "gamma_diversity": 0.05,
  "beta_compression": 0.01,
  "lr": 0.001,
  "weight_decay": 1e-05,
  "epochs": 150,
  "patience": 15,
  "seed": 0,
  "device": "cuda"
 },
 "heads": {
  "cell_type": {
   "accuracy": 0.8926487747957993,
   "macro_f1": 0.6619940436875741,
   "weighted_f1": 0.8928384703907398,
   "per_class": {
    "0": {
     "precision": 0.9565217391304348,
     "recall": 0.9198606271777003,
     "f1-score": 0.9378330373001776,
     "support": 287.0
    },
    "1": {
     "precision": 0.7608695652173914,
     "recall": 0.8235294117647058,
     "f1-score": 0.7909604519774012,
     "support": 85.0
    },
    "2": {
     "precision": 0.9425287356321839,
     "recall": 0.9398280802292264,
     "f1-score": 0.9411764705882353,
     "support": 698.0
    },
    "3": {
     "precision": 0.9487870619946092,
     "recall": 0.9287598944591029,
     "f1-score": 0.9386666666666666,
     "support": 758.0
    },
    "4": {
     "precision": 0.7277486910994765,
     "recall": 0.7722222222222223,
     "f1-score": 0.7493261455525606,
     "support": 180.0
    },
    "5": {
     "precision": 0.9151515151515152,
     "recall": 0.934984520123839,
     "f1-score": 0.9249617151607963,
     "support": 323.0
    },
    "6": {
     "precision": 0.7721518987341772,
     "recall": 0.8026315789473685,
     "f1-score": 0.7870967741935484,
     "support": 76.0
    },
    "7": {
     "precision": 0.0,
     "recall": 0.0,
     "f1-score": 0.0,
     "support": 5.0
    },
    "8": {
     "precision": 0.6144578313253012,
     "recall": 0.6623376623376623,
     "f1-score": 0.6375,
     "support": 77.0
    },
    "9": {
     "precision": 0.5416666666666666,
     "recall": 0.7647058823529411,
     "f1-score": 0.6341463414634146,
     "support": 17.0
    },
    "10": {
     "precision": 0.3333333333333333,
     "recall": 0.2857142857142857,
     "f1-score": 0.3076923076923077,
     "support": 7.0
    },
    "11": {
     "precision": 0.6666666666666666,
     "recall": 0.5769230769230769,
     "f1-score": 0.6185567010309279,
     "support": 52.0
    },
    "12": {
     "precision": 0.5,
     "recall": 0.5,
     "f1-score": 0.5,
     "support": 4.0
    },
    "13": {
     "precision": 0.5,
     "recall": 0.5,
     "f1-score": 0.5,
     "support": 2.0
    },
    "accuracy": 0.8926487747957993,
    "macro avg": {
     "precision": 0.6557059789251254,
     "recall": 0.6722498030180094,
     "f1-score": 0.6619940436875741,
     "support": 2571.0
    },
    "weighted avg": {
     "precision": 0.8938370817106633,
     "recall": 0.8926487747957993,
     "f1-score": 0.8928384703907398,
     "support": 2571.0
    }
   }
  }
 }
}