{
 "dataset": "spleen",
 "n_samples": 94129,
 "n_features": 1089,
 "n_classes": 28,
 "n_train": 56006,
 "n_test": 28239,
 "transformer_params": 74784,
 "total_params": 216153,
 "config": {
  "heads": [
   "cell_type"
  ],
  "cohorts": null,
  "n_hvg": null,
  "n_channels": 1,
  "batch_size": 128,
  "val_frac": 0.15,
  "test_frac": 0.15,
  "d_model": 96,
  "n_heads": 4,
  "d_ff": 192,
  "dropout": 0.1,
  "n_markers": 128,
  "marker_mode": "router",
  "pathway_pool": "mean",
  "compress_mode": "aggregate",
  "recursive_marker_refine": true,
  "peak_init": true,
  "anneal_markers": true,
  "recursion_depth": 4,
  "share_weights": true,
  "share_strategy": "cycle",
  "n_unique_blocks": null,
  "step_cache": false,
  "adaptive_depth": false,
  "marker_ffn": false,
  "recursion_mode": "fixed",
  "router_capacity": null,
  "router_alpha": 1.0,
  "router_temp": 1.0,
  "router_type": "linear",
  "router_z_coeff": 0.001,
  "router_balance_coeff": 0.1,
  "gene_interaction": "none",
  "interaction_knn": 16,
  "router_prior_beta": 1.0,
  "router_prior_anneal": true,
  "pathway_attn_bias": false,
  "pathway_attn_lambda": 2.0,
  "lambda_marker": 0.1,
  "gamma_diversity": 0.05,
  "beta_compression": 0.01,
  "lr": 0.001,
  "weight_decay": 1e-05,
  "epochs": 150,
  "patience": 15,
  "seed": 0,
  "device": "cuda"
 },
 "heads": {
  "cell_type": {
   "accuracy": 0.539147986826729,
   "macro_f1": 0.4622115507345361,
   "weighted_f1": 0.5598715812890062,
   "per_class": {
    "0": {
     "precision": 0.6713286713286714,
     "recall": 0.732824427480916,
     "f1-score": 0.7007299270072993,
     "support": 131.0
    },
    "1": {
     "precision": 0.17630195891065456,
     "recall": 0.5574018126888217,
     "f1-score": 0.2678765880217786,
     "support": 662.0
    },
    "2": {
     "precision": 0.7569970365492262,
     "recall": 0.4705280392959476,
     "f1-score": 0.580335731414868,
     "support": 4886.0
    },
    "3": {
     "precision": 0.7072515666965085,
     "recall": 0.7111991357580122,
     "f1-score": 0.7092198581560284,
     "support": 5554.0
    },
    "4": {
     "precision": 0.5272727272727272,
     "recall": 0.5918367346938775,
     "f1-score": 0.5576923076923077,
     "support": 49.0
    },
    "5": {
     "precision": 0.20652173913043478,
     "recall": 0.7916666666666666,
     "f1-score": 0.3275862068965517,
     "support": 72.0
    },
    "6": {
     "precision": 0.5575868372943327,
     "recall": 0.7142857142857143,
     "f1-score": 0.6262833675564682,
     "support": 427.0
    },
    "7": {
     "precision": 0.07692307692307693,
     "recall": 0.2727272727272727,
     "f1-score": 0.12,
     "support": 11.0
    },
    "8": {
     "precision": 0.35537190082644626,
     "recall": 0.5584415584415584,
     "f1-score": 0.43434343434343436,
     "support": 77.0
    },
    "9": {
     "precision": 0.07903225806451612,
     "recall": 0.28823529411764703,
     "f1-score": 0.1240506329113924,
     "support": 170.0
    },
    "10": {
     "precision": 0.3657587548638132,
     "recall": 0.3022508038585209,
     "f1-score": 0.33098591549295775,
     "support": 311.0
    },
    "11": {
     "precision": 0.8937437934458788,
     "recall": 0.7738607050730868,
     "f1-score": 0.8294930875576036,
     "support": 1163.0
    },
    "12": {
     "precision": 0.7683182135380321,
     "recall": 0.5734375,
     "f1-score": 0.6567253206084104,
     "support": 1920.0
    },
    "13": {
     "precision": 0.7569180683667933,
     "recall": 0.6236030397854269,
     "f1-score": 0.6838235294117647,
     "support": 2237.0
    },
    "14": {
     "precision": 0.36908517350157727,
     "recall": 0.65,
     "f1-score": 0.4708249496981891,
     "support": 180.0
    },
    "15": {
     "precision": 0.3831041257367387,
     "recall": 0.3611111111111111,
     "f1-score": 0.37178265014299333,
     "support": 540.0
    },
    "16": {
     "precision": 0.5551401869158878,
     "recall": 0.39812332439678283,
     "f1-score": 0.4637002341920375,
     "support": 746.0
    },
    "17": {
     "precision": 0.6376306620209059,
     "recall": 0.6958174904942965,
     "f1-score": 0.6654545454545454,
     "support": 526.0
    },
    "18": {
     "precision": 0.5,
     "recall": 0.3333333333333333,
     "f1-score": 0.4,
     "support": 24.0
    },
    "19": {
     "precision": 0.6593406593406593,
     "recall": 0.34296028880866425,
     "f1-score": 0.4512170987532159,
     "support": 3324.0
    },
    "20": {
     "precision": 0.24256724870221802,
     "recall": 0.6260657734470159,
     "f1-score": 0.34965986394557824,
     "support": 821.0
    },
    "21": {
     "precision": 0.30744748567791214,
     "recall": 0.49948293691830403,
     "f1-score": 0.3806146572104019,
     "support": 967.0
    },
    "22": {
     "precision": 0.2376237623762376,
     "recall": 0.31683168316831684,
     "f1-score": 0.27157001414427157,
     "support": 303.0
    },
    "23": {
     "precision": 0.1872037914691943,
     "recall": 0.5064102564102564,
     "f1-score": 0.27335640138408307,
     "support": 312.0
    },
    "24": {
     "precision": 0.4748110831234257,
     "recall": 0.5087719298245614,
     "f1-score": 0.49120521172638437,
     "support": 741.0
    },
    "25": {
     "precision": 0.5891089108910891,
     "recall": 0.3166999334664005,
     "f1-score": 0.41194288186932065,
     "support": 1503.0
    },
    "26": {
     "precision": 0.28554778554778554,
     "recall": 0.5041152263374485,
     "f1-score": 0.3645833333333333,
     "support": 486.0
    },
    "27": {
     "precision": 0.6,
     "recall": 0.65625,
     "f1-score": 0.6268656716417911,
     "support": 96.0
    },
    "accuracy": 0.539147986826729,
    "macro avg": {
     "precision": 0.46171205280409794,
     "recall": 0.5242239997353558,
     "f1-score": 0.4622115507345361,
     "support": 28239.0
    },
    "weighted avg": {
     "precision": 0.6289322678329945,
     "recall": 0.539147986826729,
     "f1-score": 0.5598715812890062,
     "support": 28239.0
    }
   }
  }
 }
}