{
 "dataset": "tcell",
 "n_samples": 24007,
 "n_features": 1089,
 "n_classes": 7,
 "n_train": 14283,
 "n_test": 7203,
 "transformer_params": 74784,
 "total_params": 212079,
 "config": {
  "heads": [
   "cell_type"
  ],
  "cohorts": null,
  "n_hvg": null,
  "n_channels": 1,
  "batch_size": 128,
  "val_frac": 0.15,
  "test_frac": 0.15,
  "d_model": 96,
  "n_heads": 4,
  "d_ff": 192,
  "dropout": 0.1,
  "n_markers": 128,
  "marker_mode": "router",
  "pathway_pool": "mean",
  "compress_mode": "aggregate",
  "recursive_marker_refine": true,
  "peak_init": true,
  "anneal_markers": true,
  "recursion_depth": 4,
  "share_weights": true,
  "share_strategy": "cycle",
  "n_unique_blocks": null,
  "step_cache": false,
  "adaptive_depth": false,
  "marker_ffn": false,
  "recursion_mode": "fixed",
  "router_capacity": null,
  "router_alpha": 1.0,
  "router_temp": 1.0,
  "router_type": "linear",
  "router_z_coeff": 0.001,
  "router_balance_coeff": 0.1,
  "gene_interaction": "none",
  "interaction_knn": 16,
  "router_prior_beta": 1.0,
  "router_prior_anneal": true,
  "pathway_attn_bias": false,
  "pathway_attn_lambda": 2.0,
  "lambda_marker": 0.1,
  "gamma_diversity": 0.05,
  "beta_compression": 0.01,
  "lr": 0.001,
  "weight_decay": 1e-05,
  "epochs": 150,
  "patience": 15,
  "seed": 0,
  "device": "cuda"
 },
 "heads": {
  "cell_type": {
   "accuracy": 0.6426488962932112,
   "macro_f1": 0.4989270956225349,
   "weighted_f1": 0.6809219371370975,
   "per_class": {
    "0": {
     "precision": 0.41901408450704225,
     "recall": 0.4857142857142857,
     "f1-score": 0.4499054820415879,
     "support": 245.0
    },
    "1": {
     "precision": 0.6345864661654136,
     "recall": 0.7800369685767098,
     "f1-score": 0.6998341625207297,
     "support": 541.0
    },
    "2": {
     "precision": 0.9120689655172414,
     "recall": 0.6942257217847769,
     "f1-score": 0.7883755588673621,
     "support": 4572.0
    },
    "3": {
     "precision": 0.09386281588447654,
     "recall": 0.2422360248447205,
     "f1-score": 0.13529921942758022,
     "support": 322.0
    },
    "4": {
     "precision": 0.5165441176470589,
     "recall": 0.42966360856269115,
     "f1-score": 0.4691151919866444,
     "support": 654.0
    },
    "5": {
     "precision": 0.6070336391437309,
     "recall": 0.6892361111111112,
     "f1-score": 0.6455284552845528,
     "support": 576.0
    },
    "6": {
     "precision": 0.21208053691275167,
     "recall": 0.5392491467576792,
     "f1-score": 0.3044315992292871,
     "support": 293.0
    },
    "accuracy": 0.6426488962932112,
    "macro avg": {
     "precision": 0.48502723225395933,
     "recall": 0.5514802667645677,
     "f1-score": 0.4989270956225349,
     "support": 7203.0
    },
    "weighted avg": {
     "precision": 0.7491022757688107,
     "recall": 0.6426488962932112,
     "f1-score": 0.6809219371370975,
     "support": 7203.0
    }
   }
  }
 }
}