{
 "task": "prostate",
 "arm": "token_k2",
 "pos_class": 1,
 "n_folds": 10,
 "pos_f1": [
  0.6565186249398304,
  0.08165579838683859
 ],
 "pos_precision": [
  0.5815049607605195,
  0.130934313301739
 ],
 "pos_recall": [
  0.7974898236092265,
  0.09304793227949158
 ],
 "maj_f1": [
  0.7098103207876502,
  0.24923630425848578
 ],
 "macro_f1": [
  0.6831644728637403,
  0.16081319336678712
 ],
 "accuracy": [
  0.7046285909379116,
  0.14637766062546717
 ]
}