{
 "family": "pnet",
 "cohort": "prostate",
 "task": "response",
 "mode": "learned",
 "K": 4,
 "seed": 0,
 "test_macro_f1": 71.32999868683372,
 "test_accuracy": 74.01315789473685,
 "n_features": 3000,
 "n_classes": 2,
 "n_samples": 1011,
 "learned_lambda": 0.2095375955104828,
 "learned_beta": 0.9740769863128662,
 "graph_diag": {
  "n_genes": 3000,
  "n_genes_in_reactome": 3000,
  "reactome_coverage_frac": 1.0,
  "mean_degree": 25.716666666666665,
  "isolated_frac": 0.0,
  "corr_pi_pc1": 0.03214555233716965
 }
}