{
 "dataset": "baron",
 "config": "none",
 "seed": 0,
 "n_classes": 14,
 "n_test": 2571,
 "nll": 0.4266968385070149,
 "ece": 0.04595027305298403,
 "brier": 0.1953383475681596,
 "conf": 0.91621554859929,
 "auroc": 0.8602543698748382
}