{
 "dataset": "blca",
 "config": "none",
 "seed": 0,
 "n_classes": 2,
 "n_test": 81,
 "nll": 8.11690254560908,
 "ece": 0.3316730309211938,
 "brier": 0.6392310522413172,
 "conf": 0.9772508855015428,
 "auroc": 0.5633423180592992
}