{
 "dataset": "common_class",
 "config": "none",
 "seed": 0,
 "n_classes": 19,
 "n_test": 8250,
 "nll": 0.5809689709984318,
 "ece": 0.04760371671978276,
 "brier": 0.2263808834276682,
 "conf": 0.8956037167197828,
 "auroc": 0.8764829617835846
}