{
 "dataset": "lung",
 "config": "none",
 "seed": 0,
 "n_classes": 25,
 "n_test": 17106,
 "nll": 0.597166850168801,
 "ece": 0.033036324364343006,
 "brier": 0.2862934008286129,
 "conf": 0.8286015795024124,
 "auroc": 0.8429904226060004
}