{
 "dataset": "oesophagus",
 "config": "none",
 "seed": 0,
 "n_classes": 18,
 "n_test": 26385,
 "nll": 0.5110718133543568,
 "ece": 0.022055964743151423,
 "brier": 0.24583910455854913,
 "conf": 0.8122820731098452,
 "auroc": 0.814336329197649
}