{
 "dataset": "pancreas",
 "config": "none",
 "seed": 0,
 "n_classes": 15,
 "n_test": 2127,
 "nll": 0.5559809917501459,
 "ece": 0.04218691280691638,
 "brier": 0.2220045194068909,
 "conf": 0.8424566384654579,
 "auroc": 0.8085891313224565
}