{
 "dataset": "panmeta_subtype",
 "config": "none",
 "seed": 0,
 "n_classes": 32,
 "n_test": 1718,
 "nll": 1.5077283951708733,
 "ece": 0.045082997436332706,
 "brier": 0.6192972023109182,
 "conf": 0.49800357156840264,
 "auroc": 0.7276832653905114
}