{
 "dataset": "prostate",
 "config": "none",
 "seed": 0,
 "n_classes": 2,
 "n_test": 203,
 "nll": 0.6677906423488909,
 "ece": 0.20055143149151702,
 "brier": 0.47465205584979475,
 "conf": 0.5320309287595208,
 "auroc": 0.5406948493683187
}