{
 "dataset": "prototype",
 "config": "none",
 "seed": 0,
 "n_classes": 10,
 "n_test": 27174,
 "nll": 0.1688568755374892,
 "ece": 0.021905544114486242,
 "brier": 0.07954127703495009,
 "conf": 0.9701993322943865,
 "auroc": 0.9262478954440339
}