{
 "dataset": "segerstolpe",
 "config": "none",
 "seed": 0,
 "n_classes": 10,
 "n_test": 637,
 "nll": 2.2552078652330665,
 "ece": 0.027357214062069,
 "brier": 0.893841926298369,
 "conf": 0.14509661751575817,
 "auroc": 0.5088256227758007
}