{
 "dataset": "spleen",
 "config": "none",
 "seed": 0,
 "n_classes": 28,
 "n_test": 28239,
 "nll": 1.2411886914676273,
 "ece": 0.030030450263200947,
 "brier": 0.54914358180383,
 "conf": 0.6057236405319781,
 "auroc": 0.758747828330427
}