{
 "dataset": "stad",
 "config": "none",
 "seed": 0,
 "n_classes": 2,
 "n_test": 83,
 "nll": 8.713938724371292,
 "ece": 0.44971380920198456,
 "brier": 0.8889614703741769,
 "conf": 0.8765453432483652,
 "auroc": 0.547953216374269
}