{
 "dataset": "tcell",
 "config": "none",
 "seed": 0,
 "n_classes": 7,
 "n_test": 7203,
 "nll": 1.0581960350518327,
 "ece": 0.08220774791433615,
 "brier": 0.5613909512803864,
 "conf": 0.5488675034022223,
 "auroc": 0.6585851602452926
}