{
 "family": "pnet",
 "cohort": "blca",
 "task": "response",
 "mode": "learned",
 "K": 2,
 "n_features": 3000,
 "n_classes": 2,
 "n_samples": 404,
 "n_folds": 5,
 "seed": 42,
 "val_frac": 0.1,
 "cv_macro_f1": {
  "mean": 48.05077063355045,
  "std": 3.289255636874165,
  "folds": [
   51.35529946437267,
   47.05882352941176,
   52.466296590007936,
   44.51127819548872,
   44.86215538847117
  ]
 },
 "cv_accuracy": {
  "mean": 50.72839506172839,
  "std": 3.477100825090253,
  "folds": [
   54.32098765432099,
   50.617283950617285,
   54.32098765432099,
   49.382716049382715,
   45.0
  ]
 },
 "cv_pos_f1": {
  "mean": 80.86983929673154,
  "std": 0.46672714172088725,
  "folds": [
   80.91603053435115,
   80.88235294117648,
   81.30081300813008,
   80.0,
   81.25
  ]
 }
}