{
 "dataset": "Baron",
 "mode": "learned",
 "K": 2,
 "seed": 1,
 "n_markers": 128,
 "test_macro_f1": 80.06810856454186,
 "test_accuracy": 94.82691559704395,
 "val_macro_f1": 85.3551075216876,
 "n_features": 2000,
 "n_classes": 13,
 "n_samples": 8569,
 "learned_lambda": 0.2870139181613922,
 "bio_anchor_have": false
}