{
 "dataset": "Baron",
 "mode": "learned",
 "K": 2,
 "seed": 0,
 "n_markers": 128,
 "test_macro_f1": 73.23033933578816,
 "test_accuracy": 94.32127576818358,
 "val_macro_f1": 79.54606341024106,
 "n_features": 2000,
 "n_classes": 13,
 "n_samples": 8569,
 "learned_lambda": 0.24288976192474365,
 "bio_anchor_have": false
}