{
 "task": "pan_meta_pri",
 "arm": "token_k2",
 "pos_class": 1,
 "n_folds": 10,
 "pos_f1": [
  0.5807760561626052,
  0.05152023771984309
 ],
 "pos_precision": [
  0.6306950568764691,
  0.10673169911251196
 ],
 "pos_recall": [
  0.5470319634703198,
  0.04956741123483493
 ],
 "maj_f1": [
  0.983182771490223,
  0.0029845651024790632
 ],
 "macro_f1": [
  0.7819794138264141,
  0.027127600279694797
 ],
 "accuracy": [
  0.9676713576907439,
  0.005661753693153311
 ]
}