{
 "family": "pnet",
 "cohort": "stad",
 "task": "response",
 "mode": "learned",
 "K": 4,
 "n_features": 3000,
 "n_classes": 2,
 "n_samples": 414,
 "n_folds": 5,
 "seed": 42,
 "val_frac": 0.1,
 "cv_macro_f1": {
  "mean": 56.49865800609698,
  "std": 7.679696217658485,
  "folds": [
   54.11624084864785,
   52.67106842737095,
   46.040189125295505,
   61.209105985225385,
   68.45668564394522
  ]
 },
 "cv_accuracy": {
  "mean": 57.75786071113723,
  "std": 7.695330772531933,
  "folds": [
   55.42168674698795,
   54.21686746987952,
   46.98795180722892,
   62.65060240963856,
   69.51219512195121
  ]
 },
 "cv_pos_f1": {
  "mean": 66.47544915830471,
  "std": 3.4352976289527257,
  "folds": [
   64.91228070175438,
   62.0,
   64.46280991735537,
   70.3125,
   70.6896551724138
  ]
 }
}