{
 "dataset": "Xin",
 "mode": "learned",
 "K": 4,
 "seed": 1,
 "n_markers": 128,
 "test_macro_f1": 76.91865269251579,
 "test_accuracy": 90.84821428571429,
 "val_macro_f1": 84.72673154043093,
 "n_features": 2000,
 "n_classes": 4,
 "n_samples": 1492,
 "learned_lambda": 0.20675896108150482,
 "bio_anchor_have": false
}