{
 "dataset": "Xin",
 "mode": "learned",
 "K": 4,
 "seed": 2,
 "n_markers": 128,
 "test_macro_f1": 70.57571267998084,
 "test_accuracy": 90.625,
 "val_macro_f1": 72.59551882654314,
 "n_features": 2000,
 "n_classes": 4,
 "n_samples": 1492,
 "learned_lambda": 0.2217215597629547,
 "bio_anchor_have": false
}