{
 "dataset": "Xin",
 "mode": "learned",
 "K": 4,
 "seed": 0,
 "n_markers": 128,
 "test_macro_f1": 61.94047551066257,
 "test_accuracy": 74.10714285714286,
 "val_macro_f1": 64.79010749317555,
 "n_features": 2000,
 "n_classes": 4,
 "n_samples": 1492,
 "learned_lambda": 0.2108341008424759,
 "bio_anchor_have": false
}