{
 "dataset": "baron",
 "config": "independent",
 "seed": 2,
 "n_classes": 14,
 "n_test": 2571,
 "nll": 0.5965008842606886,
 "ece": 0.03561515342829113,
 "brier": 0.31628815758411594,
 "conf": 0.7704048152250901,
 "auroc": 0.8074276255841366
}