{
 "dataset": "blca",
 "config": "independent",
 "seed": 2,
 "n_classes": 2,
 "n_test": 81,
 "nll": 0.6713544691461946,
 "ece": 0.11740234015220992,
 "brier": 0.4782574657582093,
 "conf": 0.5369186475021109,
 "auroc": 0.5269541778975741
}