{
 "dataset": "common_class",
 "config": "independent",
 "seed": 2,
 "n_classes": 19,
 "n_test": 8250,
 "nll": 0.6792861802939845,
 "ece": 0.029383484391975474,
 "brier": 0.2896417339485252,
 "conf": 0.7684826831596618,
 "auroc": 0.8691843840641362
}