{
 "dataset": "lung",
 "config": "independent",
 "seed": 2,
 "n_classes": 25,
 "n_test": 17106,
 "nll": 0.7231266400163028,
 "ece": 0.06395719681612629,
 "brier": 0.31413357989717794,
 "conf": 0.8478341990375691,
 "auroc": 0.819346341510844
}