{
 "dataset": "oesophagus",
 "config": "independent",
 "seed": 2,
 "n_classes": 18,
 "n_test": 26385,
 "nll": 0.6282223058383549,
 "ece": 0.031470163449014515,
 "brier": 0.31381123673274763,
 "conf": 0.8078582627478585,
 "auroc": 0.8109896699941668
}