{
 "dataset": "pancreas",
 "config": "independent",
 "seed": 2,
 "n_classes": 15,
 "n_test": 2127,
 "nll": 0.4467780246727494,
 "ece": 0.03329956362267253,
 "brier": 0.1102651316904093,
 "conf": 0.9627528736688322,
 "auroc": 0.780371967973528
}