{
 "dataset": "prostate",
 "config": "independent",
 "seed": 2,
 "n_classes": 2,
 "n_test": 203,
 "nll": 6.9643274780642965,
 "ece": 0.2907046620575892,
 "brier": 0.607117831811962,
 "conf": 0.9555077643226386,
 "auroc": 0.2525165865934569
}