{
 "dataset": "prototype",
 "config": "independent",
 "seed": 2,
 "n_classes": 10,
 "n_test": 27174,
 "nll": 0.16646171391920067,
 "ece": 0.02374871022798178,
 "brier": 0.07901767659169642,
 "conf": 0.97245476377679,
 "auroc": 0.934438874590678
}