{
 "dataset": "segerstolpe",
 "config": "independent",
 "seed": 2,
 "n_classes": 10,
 "n_test": 637,
 "nll": 2.2419853617311776,
 "ece": 0.11595640434068723,
 "brier": 0.8884153797740553,
 "conf": 0.11481282642854355,
 "auroc": 0.32905733722060254
}