{
 "dataset": "spleen",
 "config": "independent",
 "seed": 2,
 "n_classes": 28,
 "n_test": 28239,
 "nll": 1.1421302744779638,
 "ece": 0.025838629976902863,
 "brier": 0.5150811480647632,
 "conf": 0.6336948662291128,
 "auroc": 0.7616374380627078
}