{
 "dataset": "stad",
 "config": "independent",
 "seed": 2,
 "n_classes": 2,
 "n_test": 83,
 "nll": 0.6916149759027846,
 "ece": 0.03865964729956067,
 "brier": 0.49846298265370437,
 "conf": 0.5314617710789667,
 "auroc": 0.48888888888888893
}