{
 "dataset": "tabula_muris",
 "config": "independent",
 "seed": 2,
 "n_classes": 55,
 "n_test": 16458,
 "nll": 0.8393336178249207,
 "ece": 0.08366782035444738,
 "brier": 0.2521406253646609,
 "conf": 0.9287887341957405,
 "auroc": 0.8200102211197872
}