{
 "dataset": "tcell",
 "config": "independent",
 "seed": 2,
 "n_classes": 7,
 "n_test": 7203,
 "nll": 1.0553090910056975,
 "ece": 0.06588053610598563,
 "brier": 0.5166847556770401,
 "conf": 0.5936235113197038,
 "auroc": 0.6978110228878176
}