{
 "dataset": "Baron",
 "mode": "learned",
 "K": 1,
 "seed": 2,
 "n_markers": 128,
 "test_macro_f1": 81.57247603353633,
 "test_accuracy": 95.5270322831583,
 "val_macro_f1": 82.95828818619894,
 "n_features": 2000,
 "n_classes": 13,
 "n_samples": 8569,
 "learned_lambda": 0.308975487947464,
 "bio_anchor_have": false
}