{
 "dataset": "Baron",
 "mode": "learned",
 "K": 1,
 "seed": 0,
 "n_markers": 128,
 "test_macro_f1": 79.90063832820877,
 "test_accuracy": 93.85453131077401,
 "val_macro_f1": 83.97992576935351,
 "n_features": 2000,
 "n_classes": 13,
 "n_samples": 8569,
 "learned_lambda": 0.2653537094593048,
 "bio_anchor_have": false
}