{
 "dataset": "tcell",
 "n_samples": 24007,
 "n_features": 1089,
 "n_classes": 7,
 "n_train": 14283,
 "n_test": 7203,
 "transformer_params": 75168,
 "total_params": 190863,
 "config": {
  "heads": [
   "cell_type"
  ],
  "cohorts": null,
  "n_hvg": null,
  "n_channels": 1,
  "batch_size": 128,
  "val_frac": 0.15,
  "test_frac": 0.15,
  "d_model": 96,
  "n_heads": 4,
  "d_ff": 192,
  "dropout": 0.1,
  "n_markers": 128,
  "marker_mode": "random",
  "pathway_pool": "mean",
  "compress_mode": "aggregate",
  "recursive_marker_refine": true,
  "peak_init": true,
  "anneal_markers": true,
  "recursion_depth": 4,
  "share_weights": true,
  "share_strategy": "cycle",
  "n_unique_blocks": null,
  "step_cache": false,
  "adaptive_depth": false,
  "marker_ffn": false,
  "recursion_mode": "expert",
  "router_capacity": null,
  "router_alpha": 1.0,
  "router_temp": 1.0,
  "router_type": "linear",
  "router_z_coeff": 0.001,
  "router_balance_coeff": 0.1,
  "gene_interaction": "none",
  "interaction_knn": 16,
  "router_prior_beta": 1.0,
  "router_prior_anneal": true,
  "pathway_attn_bias": false,
  "pathway_attn_lambda": 2.0,
  "lambda_marker": 0.1,
  "gamma_diversity": 0.05,
  "beta_compression": 0.01,
  "lr": 0.001,
  "weight_decay": 1e-05,
  "epochs": 150,
  "patience": 15,
  "seed": 1,
  "device": "cuda"
 },
 "heads": {
  "cell_type": {
   "accuracy": 0.6133555463001528,
   "macro_f1": 0.5301128317935857,
   "weighted_f1": 0.6627105277878865,
   "per_class": {
    "0": {
     "precision": 0.7012578616352201,
     "recall": 0.9102040816326531,
     "f1-score": 0.7921847246891652,
     "support": 245.0
    },
    "1": {
     "precision": 0.6073825503355704,
     "recall": 0.6691312384473198,
     "f1-score": 0.6367634124890061,
     "support": 541.0
    },
    "2": {
     "precision": 0.9215811284666879,
     "recall": 0.6323272090988626,
     "f1-score": 0.7500324296277079,
     "support": 4572.0
    },
    "3": {
     "precision": 0.11139896373056994,
     "recall": 0.40062111801242234,
     "f1-score": 0.17432432432432432,
     "support": 322.0
    },
    "4": {
     "precision": 0.4827586206896552,
     "recall": 0.4709480122324159,
     "f1-score": 0.47678018575851394,
     "support": 654.0
    },
    "5": {
     "precision": 0.6156351791530945,
     "recall": 0.65625,
     "f1-score": 0.6352941176470588,
     "support": 576.0
    },
    "6": {
     "precision": 0.1711590296495957,
     "recall": 0.4334470989761092,
     "f1-score": 0.24541062801932367,
     "support": 293.0
    },
    "accuracy": 0.6133555463001528,
    "macro avg": {
     "precision": 0.5158819048086276,
     "recall": 0.5961326797713975,
     "f1-score": 0.5301128317935857,
     "support": 7203.0
    },
    "weighted avg": {
     "precision": 0.7594365012236098,
     "recall": 0.6133555463001528,
     "f1-score": 0.6627105277878865,
     "support": 7203.0
    }
   }
  }
 }
}