{
 "task": "pan_meta_pri",
 "arm": "token_k4",
 "pos_class": 1,
 "n_folds": 10,
 "pos_f1": [
  0.5574504304245511,
  0.058486329245724285
 ],
 "pos_precision": [
  0.6026559063446761,
  0.0736304459498129
 ],
 "pos_recall": [
  0.5262937595129376,
  0.07585231568589101
 ],
 "maj_f1": [
  0.9824291539644092,
  0.0025407846867497633
 ],
 "macro_f1": [
  0.76993979219448,
  0.03024955179126566
 ],
 "accuracy": [
  0.9662102102329957,
  0.004833927564054962
 ]
}