{
 "dataset": "Baron",
 "mode": "learned",
 "K": 4,
 "seed": 0,
 "n_markers": 128,
 "test_macro_f1": 83.83979152219977,
 "test_accuracy": 95.29366005445353,
 "val_macro_f1": 84.20658978886786,
 "n_features": 2000,
 "n_classes": 13,
 "n_samples": 8569,
 "learned_lambda": 0.2682177722454071,
 "bio_anchor_have": false
}