{
 "macro_f1": 0.3741197067710196,
 "accuracy": 0.38321167883211676,
 "n_classes": 4,
 "mean_recursion_depth": 4.75,
 "compute_saving_ratio": 0.48828125,
 "task": "pathologic_T",
 "mode": "early8",
 "seed": 2
}