{
 "macro_f1": 0.3253823988053538,
 "accuracy": 0.4324817518248175,
 "n_classes": 4,
 "mean_recursion_depth": 4.750000476837158,
 "compute_saving_ratio": 0.48828125,
 "task": "pathologic_N",
 "mode": "early8",
 "seed": 1
}