{
 "macro_f1": 0.45218084134812214,
 "accuracy": 0.531021897810219,
 "n_classes": 4,
 "mean_recursion_depth": 4.75,
 "compute_saving_ratio": 0.48828125,
 "task": "pathologic_stage",
 "mode": "early8",
 "seed": 2
}