{
 "macro_f1": 0.4028890860134003,
 "accuracy": 0.41605839416058393,
 "n_classes": 4,
 "mean_recursion_depth": 4.75,
 "compute_saving_ratio": 0.48828125,
 "task": "pathologic_T",
 "mode": "early8",
 "seed": 0
}