{
 "macro_f1": 0.5000597446104171,
 "accuracy": 0.5346715328467153,
 "n_classes": 4,
 "mean_recursion_depth": 4.75,
 "compute_saving_ratio": 0.48828125,
 "task": "pathologic_stage",
 "mode": "early8",
 "seed": 1
}