{
 "task": "prostate",
 "arm": "expert_k2",
 "pos_class": 1,
 "n_folds": 10,
 "pos_f1": [
  0.6584456967479524,
  0.08572552899421272
 ],
 "pos_precision": [
  0.5924872099144286,
  0.13124963598245115
 ],
 "pos_recall": [
  0.7833785617367707,
  0.09848698785337039
 ],
 "maj_f1": [
  0.7168003511771281,
  0.2545950273164438
 ],
 "macro_f1": [
  0.6876230239625402,
  0.1647995258484338
 ],
 "accuracy": [
  0.7111569038677267,
  0.15092469862231667
 ]
}