{
 "task": "panmeta_response",
 "arm": "fixed_k4",
 "pos_class": 1,
 "n_folds": 10,
 "pos_f1": [
  0.8726436497628782,
  0.03878311931242191
 ],
 "pos_precision": [
  0.8301797107743392,
  0.0831474067801133
 ],
 "pos_recall": [
  0.9265791476407914,
  0.027064459597842202
 ],
 "maj_f1": [
  0.9939286375388511,
  0.002141971484377081
 ],
 "macro_f1": [
  0.9332861436508647,
  0.02046012908133057
 ],
 "accuracy": [
  0.9884114073942489,
  0.004063724001178425
 ]
}